eeg_mean,eeg_variance,EEG_feature
359699596957.39496,1.6431265551992893e+26,1.0000003903167822
13281704.10500043,2.259948138774538e+17,1.0000000000000004
208356912226.68765,5.607539236478662e+25,1.000000133204388
1826011400186.6758,4.269152504192705e+27,1.000010141165711
2499893114.620105,4.5975561437063985e+21,1.0000000000109213
28436036.908025775,1.154738761561189e+18,1.0000000000000027
79071894.34125115,6.129495856193114e+18,1.0000000000000147
3937895614540.9507,1.9747146468632323e+28,1.0000469083932844
17710790.005354896,3.050793830743815e+17,1.0000000000000007
61868012060.606445,4.881676197694284e+24,1.0000000115961862
11316542.501024373,1.5855142573714765e+17,1.0000000000000004
83679157104.41728,8.915266961980424e+24,1.0000000211777864
31162995.28146036,1.8987435231997596e+18,1.0000000000000044
5549623141388.611,6.2359049211093114e+28,1.0001481309114653
10871383.033527935,1.6339443417705053e+17,1.0000000000000004
2793319664450.6797,1.011631163582343e+28,1.0000240308099986
7275851.905909281,5.413974677180666e+16,1.0000000000000002
9482218.641692432,1.1397844952850888e+17,1.0000000000000002
981013268.7913264,8.16427949410636e+20,1.0000000000019393
326797987617.9003,1.355610859755634e+26,1.0000003220188165
823704624406.3271,8.716022629589612e+26,1.0000020704491053
10170601.274593502,1.2996266613072715e+17,1.0000000000000002
1661049546980.283,3.488972825719899e+27,1.0000082878865424
186906509471.10666,4.540597097352156e+25,1.0000001078596923
1480972772.1580963,2.1144024596681224e+21,1.0000000000050226
10360231.654903982,1.661938174145752e+17,1.0000000000000004
553132731971.4193,4.111881445563571e+26,1.0000009767575901
63862557.01933643,3.269826318754505e+18,1.0000000000000078
1908685959136.5212,4.654589762609689e+27,1.000011056753314
430991622020.17346,2.4115907740146443e+26,1.000000572861748
7766008.593270182,7.53841297689114e+16,1.0000000000000002
16427145.094639642,3.3972392036255936e+17,1.0000000000000009
14260412.844726736,2.5343556724977802e+17,1.0000000000000007
10543138.02844865,1.3638218015867454e+17,1.0000000000000002
10671635.62537756,1.4750903974622275e+17,1.0000000000000004
13380523.076238262,2.3638752645641965e+17,1.0000000000000004
1408755874426.6035,3.8844241000086794e+27,1.000009227261957
840865379431.7383,9.002754301326986e+26,1.00000213856083
195915388.10093483,6.595514381396817e+19,1.0000000000001568
23546989.239693,7.024229322822947e+17,1.0000000000000016
131352236552.83609,2.188938789717232e+25,1.0000000519971843
40549721.84805053,1.3521280921230838e+18,1.000000000000003
14350741.970276017,2.6999166667953645e+17,1.0000000000000007
12869331.000292582,2.3309276647015302e+17,1.0000000000000004
207111812409.16022,5.552413192452346e+25,1.0000001318948954
14820746.106535036,2.892898296336244e+17,1.0000000000000007
466876218739.193,2.8149813640299392e+26,1.0000006686852356
38058917.07823711,1.8103464471209055e+18,1.0000000000000042
1067517818015.7488,1.4407617258695038e+27,1.0000034224599375
38632492.810800515,1.9051065151625782e+18,1.0000000000000044
53753758094.11672,3.610300461498548e+24,1.0000000085760945
367754132999.0733,1.7438257435862716e+26,1.0000004142373884
3979771.3590405816,1.0202373434773284e+16,1.0
14234440.69504322,2.057120667630273e+17,1.0000000000000004
12831544.245475112,1.702122546913398e+17,1.0000000000000004
74948309408.38411,7.804306896629641e+24,1.0000000185387543
14917903.513199143,2.857846628840989e+17,1.0000000000000007
3049041884474.8374,1.1856778132353778e+28,1.0000281652041525
10424022.907791955,9.002467915361259e+16,1.0000000000000002
10949457907.545012,1.4009732742064893e+23,1.0000000003327945
67231175827.12213,6.039538165823725e+24,1.0000000143466314
559485091.9163915,3.890120785729014e+20,1.0000000000009241
23284048.56835293,4.431080378710365e+17,1.000000000000001
893722743399.821,1.0405705341229503e+27,1.0000024718250777
18522887.968442038,4.777096691189421e+17,1.000000000000001
316167808286.7081,1.2840142930764022e+26,1.0000003050113977
9681816.349967938,1.1934149975039645e+17,1.0000000000000002
281580939.55139816,4.9970814101469495e+19,1.0000000000001188
6448057.12082612,5.3827987752518584e+16,1.0000000000000002
93798589.14425431,1.8942636559151452e+19,1.000000000000045
4524095085747.131,2.838200469306301e+28,1.0000674200822108
1489098785.6778612,1.2412219698684717e+21,1.0000000000029485
849102749.6216488,4.65224703452379e+20,1.0000000000011051
3736908195246.2354,1.774031666869076e+28,1.00004214126596
19491750.39711232,4.818439731796377e+17,1.000000000000001
13584276.800305188,2.428754158005923e+17,1.0000000000000007
298150870.5345624,1.2056385139818163e+20,1.0000000000002864
9394504511.938831,1.0745083166939293e+23,1.0000000002552443
190840504974.64108,4.8827992267372404e+25,1.0000001159885388
139326555016.04184,2.5154118656356843e+25,1.0000000597523948
15653607.504642056,2.887207401550796e+17,1.0000000000000007
18078737.12239737,4.5347838730660314e+17,1.000000000000001
17372261.36547229,2.2528423045893683e+17,1.0000000000000004
17283539.600384012,3.5241323272612314e+17,1.0000000000000009
7112294.429991121,6.254833096070125e+16,1.0000000000000002
6795167.523348101,5.8995949200283384e+16,1.0000000000000002
4361400913.803076,1.418966195053473e+22,1.0000000000337068
20523652.52398258,5.1420007302077126e+17,1.000000000000001
6047761.607165155,5.138722632766927e+16,1.0
1368876786.1921215,3.439027964344768e+21,1.0000000000081692
1591574287295.6484,3.392366485876323e+27,1.000008058402845
755786724432.3342,7.315316799124619e+26,1.0000017377181962
403780365897.1029,2.117116938076771e+26,1.0000005029109098
14626599.04188923,2.424842031303863e+17,1.0000000000000007
11165721.436370652,1.5829369996310323e+17,1.0000000000000004
85647794245.30826,9.626783040111242e+24,1.0000000228679584
4138261888654.3486,2.2998607142553257e+28,1.0000546320811743
1743744187056.1045,3.900894130289226e+27,1.0000092663857187
193120561641.36417,4.750176283261181e+25,1.0000001128381448
6472277.169476923,5.3940187183219224e+16,1.0000000000000002
1057136701023.2048,1.438264260870933e+27,1.0000034165273297
416109157991.38983,2.2158006847636987e+26,1.0000005263527574
79022020958.1336,8.250832318250794e+24,1.0000000195994538
5840945649054.719,4.354983425074078e+28,1.0001034505292068
640406345638.7678,5.3271961516694796e+26,1.0000012654497326
21656067.680477943,6.616332041071095e+17,1.0000000000000016
10338308247408.713,1.521376810330757e+29,1.0003613957179391
15099536.932704158,2.910882052221833e+17,1.0000000000000007
24818099.376815986,7.68719885164437e+17,1.0000000000000018
5582427.300615843,2.7199008099510956e+16,1.0
13224534.655493878,1.8137623091916784e+17,1.0000000000000004
15147362.216239398,2.920784265942724e+17,1.0000000000000007
915972134598.956,1.0771766060068765e+27,1.0000025587810346
21262284.15301283,5.818429601137206e+17,1.0000000000000013
2695185355.466767,4.1788638065783546e+21,1.0000000000099267
1704871790619.3179,3.789678924851788e+27,1.0000090021993664
14476061.14766726,2.632722694177881e+17,1.0000000000000007
5414717.260199584,2.186986975856462e+16,1.0
1422529208.4182022,1.39530766608809e+21,1.0000000000033145
16981573.85550663,2.8340296909180454e+17,1.0000000000000007
149356045.8415329,4.7463015919423414e+19,1.0000000000001128
171734330772.09604,3.8238713717718344e+25,1.0000000908342188
10770580.877693912,1.473370480577704e+17,1.0000000000000004
13683387.089140689,2.728059360578998e+17,1.0000000000000007
8472247.433015147,9.864343546708982e+16,1.0000000000000002
381259544331.26746,1.8763043645398413e+26,1.0000004457070453
9371057.725707062,1.1228414027409499e+17,1.0000000000000002
5911427633329.0205,4.4658303753716925e+28,1.0001060836450077
852288171255.5443,9.4172756609044e+26,1.000002237028378
639479428.288372,5.1905931955249316e+20,1.000000000001233
183240341865.08286,4.301980996342081e+25,1.0000001021914822
9755511.501712749,1.0762076908052947e+17,1.0000000000000002
15708756.750270694,2.0436224323941315e+17,1.0000000000000004
4958184640882.48,3.1453160761097633e+28,1.0000747154652123
10293866.597076127,1.3218038861384998e+17,1.0000000000000002
8544658905043.765,9.35038748980875e+28,1.0002221139415917
15438124.074168973,2.938150150483472e+17,1.0000000000000007
17282828.179003377,3.6344569003908435e+17,1.0000000000000009
8500812.057043036,9.350405605450389e+16,1.0000000000000002
578977100405.8712,4.286441206451941e+26,1.000001018223419
14054075.557219662,2.099570879052935e+17,1.0000000000000004
86788022217.86366,9.582180646240465e+24,1.0000000227620076
3902110571.3105307,1.1663679137807652e+22,1.0000000000277065
159719579.9267466,2.605125682085608e+19,1.000000000000062
14203537.883195646,1.520922022160231e+17,1.0000000000000004
1441792310288.7458,2.660276224675055e+27,1.000006319357766
102354173378.32915,1.3759848572679542e+25,1.000000032685856
67137733.61286186,4.321795181747804e+18,1.0000000000000102
480700529587.21136,2.9440000789122696e+26,1.0000006993330086
23786798.664081976,7.326847889252972e+17,1.0000000000000018
3263571718429.3447,1.3552798495292855e+28,1.0000321940186614
279099169410.9837,9.89604123987155e+25,1.0000002350756831
4660732692217.478,2.766170959613435e+28,1.000065709055975
9589693.657575179,1.1669776595832416e+17,1.0000000000000002
148805624011.5582,2.824398878769558e+25,1.000000067092232
15048412.957727669,1.3871796366424672e+17,1.0000000000000002
8212058.439625792,8.77567747874222e+16,1.0000000000000002
19070315.71192655,2.917018448941204e+17,1.0000000000000007
1404463939.3355818,2.4811434764209614e+21,1.0000000000058937
21541818.704789374,5.905525059172257e+17,1.0000000000000013
65704237234.612885,5.779214268074584e+24,1.0000000137282445
15904701497.30867,3.236301084716691e+23,1.0000000007687677
7799245352196.424,7.769744439611378e+28,1.0001845665288762
5386424.424320967,3.713970980787446e+16,1.0
2651461824785.0776,8.944406051968106e+27,1.0000212470048495
8581396.469170531,8.563468266027886e+16,1.0000000000000002
11312287.378390688,1.861780644848327e+17,1.0000000000000004
51796645.71945203,4.5090756098921667e+18,1.0000000000000107
805352334631.8887,8.329742649578241e+26,1.0000019786901606
990052170430.8234,1.4354090488410985e+27,1.0000034097449115
21243610.26577751,4.015035733592457e+17,1.0000000000000009
74054609868.7604,5.676252689393142e+24,1.0000000134836642
23072875137.76487,6.578363039229154e+23,1.0000000015626584
38696521.47998639,2.0095049922246477e+18,1.0000000000000047
11086888.63095349,1.489084396225889e+17,1.0000000000000004
19559728.316411868,3.6243393964339174e+17,1.0000000000000009
376270043704.16925,1.7979171512562326e+26,1.000000427086541
69285194.52147661,4.336715312684703e+18,1.0000000000000102
6611238967784.614,5.563315494930229e+28,1.0001321538742907
2908677375718.311,1.0772102062267017e+28,1.000025588608503
244172448957.10693,7.604322842602783e+25,1.0000001806370187
6904187222331.276,6.083125629285817e+28,1.0001445017131312
14316219.903161814,2.9605748049320435e+17,1.0000000000000007
4001807039488.191,2.078499832610819e+28,1.000049373760277
8532547.712231982,7.489904278030274e+16,1.0000000000000002
10616308.505261045,1.6738524520164394e+17,1.0000000000000004
11904569.942372402,1.3138764016223051e+17,1.0000000000000002
591626938586.1454,4.4612026930940365e+26,1.0000010597371665
395169197491.69366,2.0111617412428106e+26,1.0000004777417641
696469501700.2072,6.178874424712644e+26,1.0000014677617954
12255353.612704907,1.9605492804733197e+17,1.0000000000000004
359369071821.2666,1.6482927787445863e+26,1.0000003915439937
832162297563.1897,8.955484862833242e+26,1.000002127332203
2128901820038.6304,5.786014035521378e+27,1.0000137443970631
11494728.04205659,1.6819988081764704e+17,1.0000000000000004
5678570.4897852,4.0829938498537976e+16,1.0
11134602.4393829,1.4555286921392554e+17,1.0000000000000002
7924408.499819925,8.000978067815736e+16,1.0000000000000002
63021175.94640693,6.074358284471515e+18,1.0000000000000144
11095492.582770526,2.017076965655164e+17,1.0000000000000004
1434366469202.248,2.6767068951981295e+27,1.0000063583880308
232558495.49185526,4.42831578863356e+19,1.0000000000001052
592265960.8488219,4.4251532506885554e+20,1.0000000000010512
7460346.116429462,6.9731516371544376e+16,1.0000000000000002
8649128.655981973,1.0053351452472046e+17,1.0000000000000002
6636602.522471667,6.2464598893398824e+16,1.0000000000000002
256230469155.6563,8.867669517160017e+25,1.0000002106472092
325468532.5494555,8.820171358692998e+19,1.0000000000002096
37656146.28809871,1.9310702655454126e+18,1.0000000000000047
19458194.024706118,5.4329431045045184e+17,1.0000000000000013
685774815701.8169,5.9834368068291344e+26,1.0000014213365327
15399137503.450575,4.695022545361627e+23,1.0000000011152799
260625919.56869718,1.1826646582463976e+20,1.0000000000002809
888302701.3920352,1.6331436129133136e+21,1.0000000000038793
1040424102.6022832,1.2205325938745994e+21,1.0000000000028992
14587619.50527127,2.708461886126216e+17,1.0000000000000007
12084071.048397157,1.8284710391579578e+17,1.0000000000000004
10571285.958588662,1.4198894188627402e+17,1.0000000000000002
18336609.85562665,4.199002102488832e+17,1.0000000000000009
8621783305244.082,9.501024728987876e+28,1.0002256922564992
1037725395830.2186,1.373484300442497e+27,1.0000032626456605
2637125298305.8633,8.893143715963304e+27,1.0000211252336446
6517629.403068484,5.394086223423783e+16,1.0000000000000002
46049670933.3013,2.9841036046454597e+24,1.0000000070885942
13334581.421863174,2.289641733033867e+17,1.0000000000000004
29118543233116.54,2.1607727022637746e+30,1.0051328112584292
182834229141.02917,4.28798035819207e+25,1.0000001018589038
829149823792.315,8.921681342129075e+26,1.0000021193023398
470939073550.11786,3.0137444527474688e+26,1.000000715900448
7279509.600799105,6.5586104765887416e+16,1.0000000000000002
103038648.04604116,1.1857149568539634e+19,1.0000000000000282
16860174.995680306,3.709993822631859e+17,1.0000000000000009
45134415037.14729,2.701776837079378e+24,1.0000000064179404
9866979.217965925,1.2750491127402925e+17,1.0000000000000002
13528699.337463893,2.4181730067364797e+17,1.0000000000000007
467531786042.53986,2.797853763917846e+26,1.000000664616657
97306821110.49228,1.224102097296023e+25,1.0000000290779545
706331268.4948596,3.510688774385377e+20,1.000000000000834
9568545811448.531,2.2985125094300746e+29,1.0005460005521951
770195995140.447,7.620928530959427e+26,1.0000018103147879
681345578343.9988,5.954642829096912e+26,1.0000014144966622
5395538733172.974,3.7032933107066387e+28,1.0000879699450966
16278932.909146002,3.25172060244801e+17,1.0000000000000007
17087021.190029945,2.8118632112024445e+17,1.0000000000000007
14005805.591944363,2.5555935248216992e+17,1.0000000000000007
135984714309.35204,2.3521499143130336e+25,1.000000055874186
846553324300.3424,9.208877938927477e+26,1.000002187524505
2605378638722.7896,8.623965204683532e+27,1.0000204858130837
9457612.290114144,1.1722931741310763e+17,1.0000000000000002
2715423761.7737474,4.930380931869972e+21,1.000000000011712
4955987051793.097,3.1401294239684043e+28,1.0000745922587941
1071748750795.4535,1.5608853751259282e+27,1.000003707807868
137160372128.03671,4.807719579102815e+25,1.000000114205058
16352676.210088538,1.943012048878042e+17,1.0000000000000004
19872837865.473816,6.281523728202724e+23,1.0000000014921455
1917890306751.701,4.6889871961098984e+27,1.000011138462757
608298463280.7716,4.729024348590143e+26,1.000001123356908
3630543822041.7104,2.2169007379773394e+28,1.000052661406981
27704121.3815633,7.72169092317434e+17,1.0000000000000018
6335127.325940554,5.718269190177936e+16,1.0000000000000002
111401498.76496536,2.2179977229240463e+19,1.0000000000000526
10732256.006448904,1.4300543891228923e+17,1.0000000000000002
52241217.19507613,3.493890881832799e+18,1.0000000000000082
24150511.64579882,5.836454518300768e+17,1.0000000000000013
2258311933.447111,4.753774285194815e+21,1.0000000000112923
13749361.152350469,2.4036715250734646e+17,1.0000000000000007
353429926201.8286,1.6349580784883214e+26,1.0000003883764
438381910147.4101,2.4586777864672123e+26,1.0000005840470407
1463146574264.5208,2.753140304055777e+27,1.0000065399519042
369705977.2144431,3.259760291099716e+20,1.0000000000007743
328766636735.64185,1.374063550376391e+26,1.000000326402164
476752851040.5039,2.8947276058869207e+26,1.0000006876285705
2360167930592.481,7.166010084721627e+27,1.0000170225110685
11583618.843687575,1.7299976719272406e+17,1.0000000000000004
27213496.95771221,9.39592707227893e+17,1.0000000000000022
20085512.878393732,5.113385853243732e+17,1.000000000000001
2594336414932.5435,8.596426121352429e+27,1.0000204203953205
6688669700968.981,5.695603127788643e+28,1.000135296303157
1555566048523.1318,3.2541641949076156e+27,1.0000077301099735
11181257.319305375,1.589963177548275e+17,1.0000000000000004
714853193652.094,6.520127646474976e+26,1.0000015488248513
1778959647343.3044,4.0268710127239105e+27,1.0000095656377224
7811634.881295475,8.633883594121173e+16,1.0000000000000002
382269618982.49347,1.862417451772317e+26,1.0000004424082762
15403021.341872966,3.786976297817949e+17,1.0000000000000009
19219375.01095506,4.673793766305087e+17,1.000000000000001
11000220.269281643,1.4835513716452032e+17,1.0000000000000004
5780721.964980212,3.451743109394851e+16,1.0
22294092.26243395,7.383206562882469e+17,1.0000000000000018
7231363.7948971735,6.623226197368565e+16,1.0000000000000002
193933898838.06018,4.788856609636271e+25,1.0000001137569772
559347247001.4318,3.994219976887613e+26,1.0000009488076762
791494565849.0796,8.287434089388296e+26,1.0000019686399664
2074099689665.7402,6.009442491359751e+27,1.0000142751405754
16064184.920168908,3.2707002472768326e+17,1.0000000000000007
5024898.147689961,2.9761831300805236e+16,1.0
10369748.980332192,1.465605188261484e+17,1.0000000000000002
22657962.69947357,8.649776423697908e+17,1.000000000000002
1004419442080.7041,1.4432328060421117e+27,1.000003428329869
341637219.60422176,1.4153253277349754e+20,1.0000000000003362
557917919497.7325,3.9776507183712706e+26,1.0000009448717289
23335785.168177024,7.013365945538456e+17,1.0000000000000016
19419741.311274022,2.1887555457305475e+17,1.0000000000000004
225265513844.0882,6.86991449129177e+25,1.0000001631915028
15787763429.0828,5.733937328062025e+23,1.0000000013620691
967062790.0164076,4.968295461197374e+20,1.0000000000011802
14341228.530062318,2.559771845326953e+17,1.0000000000000007
394009522366.1779,2.020251600974049e+26,1.0000004799010165
626896677783.4812,5.19752242533652e+26,1.000001234646365
683127461252.5092,5.9547389334758845e+26,1.0000014145194913
32062881207.33839,1.4195804897014734e+24,1.000000003372145
10007782.944802593,1.2658363491348997e+17,1.0000000000000002
114000621.78451519,1.8940952757520065e+19,1.000000000000045
18465080.038520142,2.9632615184252806e+17,1.0000000000000007
11845871.096086735,1.8848451406970358e+17,1.0000000000000004
7846665.292179211,8.041610703815462e+16,1.0000000000000002
32199830.439865626,1.4980397918164093e+18,1.0000000000000036
15975008.773995416,3.9005991015167584e+17,1.0000000000000009
8257613.896343135,9.316803337076792e+16,1.0000000000000002
9223577.30271524,1.0853816306705973e+17,1.0000000000000002
245971570.63577303,8.543987154626259e+19,1.000000000000203
5387691346.989394,3.8658889414179675e+22,1.0000000000918323
11861757690262.98,1.8420952808587727e+29,1.0004375808425747
40974743929.06405,2.0767914890671781e+24,1.000000004933318
2418992280708.5786,7.522580643240435e+27,1.0000178695272195
268317794493.42578,9.609963418620722e+25,1.0000002282800424
373542578393.6872,1.8168591872904953e+26,1.0000004315861304
10020555.855687175,1.3918506334329813e+17,1.0000000000000002
4664827736364.314,2.798491617890058e+28,1.000066476817612
18616174.311194304,4.478408119317355e+17,1.000000000000001
8368689.450411573,8.959274896630371e+16,1.0000000000000002
16544381.263618978,3.445351344280434e+17,1.0000000000000009
40944095.15494135,2.1591577286539794e+18,1.000000000000005
10157051.399124011,1.2573986472945672e+17,1.0000000000000002
3189503928.4796615,1.2902418192798587e+22,1.000000000030649
4630858.592036752,2.7605039745123624e+16,1.0
495535194.8972622,3.4144164616861535e+20,1.0000000000008111
26428209.41826544,9.259064294410463e+17,1.0000000000000022
13093613.820202122,2.747910137172032e+17,1.0000000000000007
3258910.0977133038,7222536082309667.0,1.0
3645717.0652210247,8905788876406905.0,1.0
424261158348.72235,2.2849446291870756e+26,1.0000005427775678
18837552851471.137,8.673404264057342e+29,1.002060325318291
643679119941.7814,5.8525575044204126e+26,1.0000013902467861
30570946.244337875,1.196893668532692e+18,1.0000000000000029
192822035.372582,4.546666461432245e+19,1.000000000000108
33065107.02705685,1.4556832705439864e+18,1.0000000000000036
39721077260.45558,2.0052743356694466e+24,1.0000000047634323
5568806.245700933,4.084933694388277e+16,1.0
17704906691754.36,5.4110459343862245e+29,1.0012853678437716
4311869.918664442,1.5162185449375834e+16,1.0
92322738923.93788,6.786625521027864e+24,1.0000000161213014
583904369609.6346,4.356630748231508e+26,1.0000010348966057
986430325361.617,1.2444549087586808e+27,1.0000029561425685
21883751.53830737,6.565483549444036e+17,1.0000000000000016
10375707.181336291,1.4286912092149352e+17,1.0000000000000002
17596918712.526466,4.03310614538654e+23,1.000000000958045
3082070015.259294,6.124315033331173e+21,1.000000000014548
289719007764.7939,1.0870974611455121e+26,1.0000002582347547
6124519.563580039,4.757708947477296e+16,1.0
8553898.36334199,9.521451012836714e+16,1.0000000000000002
336287949081.2276,1.4398433780322309e+26,1.0000003420278447
1128226524331.1655,1.619029030691474e+27,1.0000038459253153
521383486209.6715,3.468336885875487e+26,1.0000008238866862
145838147209.90314,2.8530000029276556e+25,1.000000067771638
758251480477.4813,7.321810412425804e+26,1.0000017392607228
20431050.068460774,5.464590881624669e+17,1.0000000000000013
1502889814222.016,2.932526854355263e+27,1.0000069660759958
317418783542.0879,1.3173023259995007e+26,1.000000312918809
11575151.193998912,1.7108908300900384e+17,1.0000000000000004
20015890.017102182,5.042438726824967e+17,1.000000000000001
13702858.320735965,2.4032547116350608e+17,1.0000000000000007
14724622.033764353,2.759811631110773e+17,1.0000000000000007
10203821.844351614,1.4706096560168234e+17,1.0000000000000004
1084649425327.1538,1.5020843317429417e+27,1.0000035681288277
281887277854.64136,1.0076187952605487e+26,1.0000002393549812
8114044.836061178,8.618700540078688e+16,1.0000000000000002
31230784.30891164,1.8495596498713981e+18,1.0000000000000044
1533510939542.1843,3.07429404036781e+27,1.0000073028371035
281492987899.8109,1.0085088198249874e+26,1.0000002395664023
238658801776.18152,7.255001050481447e+25,1.0000001723390481
24397920.37090135,7.540308634129757e+17,1.0000000000000018
4329648.154275881,1.5955708752995104e+16,1.0
23383905.270002004,6.632206783205665e+17,1.0000000000000016
15633219.756538816,3.653274127426e+17,1.0000000000000009
259299653236.83035,8.617579550139833e+25,1.0000002047064427
3512075.018528963,8359421068629102.0,1.0
9720131.52364312,1.4033328792638251e+17,1.0000000000000002
378473083265.7843,1.836799520531878e+26,1.0000004363228603
236640079530.15295,7.108822854626808e+25,1.0000001688666555
9301036.545826707,1.3271190459927909e+17,1.0000000000000002
31746559776.69168,1.8390526593080126e+24,1.0000000043685808
4666655.106259741,2.4596981412368828e+16,1.0
164097138809.0209,3.4979737727843568e+25,1.0000000830926785
7310362.55385768,5.375706379382146e+16,1.0000000000000002
1468776913.7091422,2.7402064388331e+21,1.0000000000065092
11552892.276853956,1.9599548406963472e+17,1.0000000000000004
4444172.768586092,2.5024702770031308e+16,1.0
269675155071.5156,9.32176064671998e+25,1.0000002214339248
10534640.818388326,1.398407941372007e+17,1.0000000000000002
14535665.79549234,2.823910846740637e+17,1.0000000000000007
75368997941.97282,7.357359811821185e+24,1.0000000174770531
270678684.9529801,1.2085063451056315e+20,1.000000000000287
1661969317.2890098,3.4073129189976346e+21,1.000000000008094
4667138672671.102,2.7788901959452275e+28,1.0000660111952948
17555627.79743052,3.599422534004765e+17,1.0000000000000009
25188044.65031729,1.1774683714409416e+18,1.0000000000000029
108024951345.41743,1.4652692400625752e+25,1.0000000348067635
9904568.36676539,1.2270200424107432e+17,1.0000000000000002
3788976.799726612,9235779215105176.0,1.0
6780366.404162008,5.611403731432744e+16,1.0000000000000002
1126580566683.5515,1.6667713521040873e+27,1.0000039593348955
15319672.597660197,2.9844554474857805e+17,1.0000000000000007
10547194.180749042,1.489359454514276e+17,1.0000000000000004
7298693.118072432,6.824018035933727e+16,1.0000000000000002
677405047273.0928,5.895137574917238e+26,1.0000014003614763
822724909.0402566,4.056632183820378e+20,1.0000000000009637
20009739.979096156,4.9783163506561395e+17,1.000000000000001
12672809.040171241,2.1510866584345123e+17,1.0000000000000004
14516600645.758974,2.6054743045788837e+23,1.0000000006189178
10323126748.893824,6.983908533945457e+22,1.0000000001658993
58653881574.57198,4.4066016187562006e+24,1.0000000104676694
429006110838.25586,2.34163335152931e+26,1.0000005562437
12486534224.657972,1.2187181132865246e+23,1.0000000002895006
652370103212.3895,5.465558067231212e+26,1.0000012983169377
128976898544.992,2.1232311350186e+25,1.0000000504363307
22149862995814.74,6.27762318583277e+29,1.0014912190870728
12731403.505464021,2.0605355904480323e+17,1.0000000000000004
4823766732980.854,2.9628591523611704e+28,1.0000703812890566
5764990.826675378,4.546815721540631e+16,1.0
19494334.207654268,3.32020742721744e+17,1.0000000000000007
7558105477753.594,7.231386091346273e+28,1.0001717780861672
11444271.820491647,1.66735776015915e+17,1.0000000000000004
489612253688.6459,3.0471068182196363e+26,1.0000007238255169
7693705.033333006,6.701518967749452e+16,1.0000000000000002
23196318177.081524,6.894706077022647e+23,1.0000000016378041
15860487.195502628,3.163056549468881e+17,1.0000000000000007
7355682145765.78,6.824560042971774e+28,1.000162114129754
16123471.784069072,3.4430882765346886e+17,1.0000000000000009
7067420.7287751455,5.7517271792096296e+16,1.0000000000000002
7388382.789449048,7.1385083002970056e+16,1.0000000000000002
244423351728.1573,7.571653593357853e+25,1.0000001798609763
37824217.71828122,1.8280420846736125e+18,1.0000000000000042
3042848986.5411487,5.882818296998717e+21,1.0000000000139744
5742540133580.563,4.1985425283459e+28,1.0000997343512157
589291467338.5334,4.439125841539192e+26,1.000001054492917
12271843.559980385,2.0797242434293533e+17,1.0000000000000004
10272668.821496585,1.1562259688548725e+17,1.0000000000000002
43603028.99755938,1.7335425043786895e+18,1.000000000000004
7068939996454.098,6.37721818443451e+28,1.0001514877398268
13244865.669559421,2.2491433701845062e+17,1.0000000000000004
1165728119512.6455,2.4163093839085847e+27,1.0000057398263114
35983416273.0384,1.681325549285215e+24,1.0000000039939076
13945198.07264189,2.6567525034036682e+17,1.0000000000000007
11356842.575651314,8.140757213460128e+16,1.0000000000000002
817439014.5744891,8.525086847191322e+20,1.000000000002025
5261463.965062944,3.2859395375735972e+16,1.0
10418990.779247016,1.3940130680106454e+17,1.0000000000000002
14161288.312276883,3.157125222140108e+17,1.0000000000000007
10840000.505796734,1.517402122430934e+17,1.0000000000000004
2616164601397.3203,8.715971255321894e+27,1.0000207043690161
7376722.357361331,4.0909132766122536e+16,1.0
7383308.5135535905,4.203515493636138e+16,1.0
11080207.814481389,1.575427053867491e+17,1.0000000000000004
6450622.11197793,5.407899087039766e+16,1.0000000000000002
43727509304062.38,4.835616338117453e+30,1.0114867732065154
12833800670.850079,2.156652082787856e+23,1.0000000005123022
254748138181.29694,8.256736212625355e+25,1.0000001961347833
47046112451.6114,2.870822212317125e+24,1.0000000068194996
709504369880.3866,6.432754281152419e+26,1.0000015280697299
563242760591.5905,4.0438251605409445e+26,1.0000009605911482
3357600.317159022,6524839313446691.0,1.0
191434171326.58994,4.662579797820792e+25,1.0000001107573326
11543748.346218232,2.187736369622926e+17,1.0000000000000004
11892198.138434952,1.8140815346816003e+17,1.0000000000000004
844494432216.5016,9.111443461501206e+26,1.0000021643794152
17045557.355052833,4.909049377893108e+17,1.000000000000001
421791720.16838425,1.5800873920890605e+20,1.0000000000003753
46968874958.15603,2.997970564007507e+24,1.0000000071215343
13430454.521016484,2.5066674416002826e+17,1.0000000000000007
11333777.781392545,1.3454487879292962e+17,1.0000000000000002
12979094.42009979,2.0853094099008816e+17,1.0000000000000004
25105721.84630338,9.095206651291822e+17,1.0000000000000022
203901561497.95505,5.283674383680651e+25,1.0000001255111346
14883926.747407459,2.7593158423734486e+17,1.0000000000000007
16228897.413138855,1.3902175787861891e+17,1.0000000000000002
927438631.5060335,5.817296340220011e+20,1.0000000000013818
5025434.889332693,1.8899182489562096e+16,1.0
677495243872.5797,9.546956833252057e+26,1.0000022678335145
10178194.382665204,1.4174542192860395e+17,1.0000000000000002
13512856.652741445,2.3181407953463232e+17,1.0000000000000004
401665769955532.6,4.08322267156655e+32,1.9699498368029462
78533633.0674615,6.213337379867093e+18,1.0000000000000147
15425945.90867563,1.6558447653980586e+17,1.0000000000000004
18410904.45110952,3.6824843508320154e+17,1.0000000000000009
2578760027.9459014,4.263172464470338e+21,1.000000000010127
36185843.75519511,2.517619066661712e+18,1.000000000000006
13387884.189583037,1.890797115716095e+17,1.0000000000000004
13530219.561749965,2.4120378109882467e+17,1.0000000000000007
8747607.60523381,7.819893230251405e+16,1.0000000000000002
15829008.60316966,3.6946058763499654e+17,1.0000000000000009
14599634.851262238,3.4361571815359443e+17,1.0000000000000009
26304138.98865908,9.774469137285176e+17,1.0000000000000022
4702494580908.166,2.811756123259507e+28,1.0000667919095345
206500094.2047606,2.9521200385353544e+19,1.0000000000000702
691835269832.1896,6.16299866520248e+26,1.0000014639905854
1618596180558.2642,3.3529057263802376e+27,1.0000079646657156
370820290161.25586,1.759859024076161e+26,1.0000004180460167
8331544.751741261,8.789558951727837e+16,1.0000000000000002
681385607413.6344,5.9402996672838404e+26,1.0000014110895135
66366908814.70623,5.622480347314906e+24,1.0000000133559306
16871779.88053897,2.3097773970797226e+17,1.0000000000000004
754250431922.0862,7.235176208687382e+26,1.0000017186811858
10776393.70130519,1.5011406644722096e+17,1.0000000000000004
199068056.73807457,3.773996970630013e+19,1.0000000000000897
320108251440.254,1.2997882496174986e+26,1.0000003087584248
973656296629.9144,1.3258676271541878e+27,1.0000031495345516
9387790.807812553,1.0330382352045274e+17,1.0000000000000002
56775275.17606804,4.5506292965364244e+18,1.0000000000000109
5466217.409387569,4.432099113915976e+16,1.0
4400103.086426696,2.420721176719482e+16,1.0
42550241461.921486,2.3094574138455967e+24,1.0000000054860045
1891777860920.2817,4.565010849297301e+27,1.0000108439629294
1802844603381.5103,4.1331095780807517e+27,1.0000098180023065
211121976.67779425,3.0033250645348405e+19,1.0000000000000713
6819332.807687402,5.969498960482492e+16,1.0000000000000002
9257765.651005886,9.908712678603168e+16,1.0000000000000002
18855500.91334873,5.27704910640264e+17,1.0000000000000013
610841859057.1672,4.7935054441474605e+26,1.000001138674081
325065153988.09247,1.3731311148696088e+26,1.0000003261806685
317660746217.54517,1.29543760633813e+26,1.0000003077249506
1916825725522.1777,4.7128568737217325e+27,1.0000111951640243
1535105109.5386822,2.948833091460924e+21,1.0000000000070048
22289602.39322727,6.686002985307235e+17,1.0000000000000016
17264249.53796688,3.8638002251701434e+17,1.0000000000000009
22466466.92277309,6.700566407714463e+17,1.0000000000000016
357051732998.48724,1.683692335480016e+26,1.0000003999529874
14999864.943691678,2.874298094853964e+17,1.0000000000000007
5719720758217.34,5.911780968887484e+28,1.000140431503428
149567517931.66635,2.8507278140426793e+25,1.0000000677176633
27266431.632615335,9.295861068454056e+17,1.0000000000000022
10570595827.295284,7.477313625711441e+22,1.00000000017762
732457361318.571,6.862435719168669e+26,1.0000016301384815
230728986236.71988,6.831959832844221e+25,1.0000001622899082
14433092.47759172,2.1854035478073165e+17,1.0000000000000004
388726323871.03516,1.93031222573904e+26,1.000000458536352
382642769.6377981,3.484966904803218e+20,1.0000000000008278
16471163.836196423,3.7082522387676883e+17,1.0000000000000009
592919979650.2264,4.47917274535765e+26,1.0000010640058656
46500495.4449361,2.9371865087401953e+18,1.0000000000000069
215035605349.33197,5.874814674793626e+25,1.0000001395533868
820628432736.1641,8.711364826597269e+26,1.0000020693426668
9407524.83291722,1.0467500756358086e+17,1.0000000000000002
18237122.64953069,4.309748111528096e+17,1.000000000000001
7429282.225982656,6.9607766973872584e+16,1.0000000000000002
15038568.689470522,2.853235860261768e+17,1.0000000000000007
89041588655.86595,1.0693264542593258e+25,1.0000000254013337
6545915441219.858,1.0558255467735004e+29,1.0002508062623958
50827402869760.98,3.364045019834476e+30,1.0079911265694808
7752671.546779837,7.311030811451635e+16,1.0000000000000002
13226535.411821583,2.3428395073431853e+17,1.0000000000000004
38992745858.498886,1.9441359180300395e+24,1.000000004618201
44452149574.87868,2.572623582477107e+24,1.0000000061111431
24339518415570.375,7.736516803074544e+29,1.0018377722240865
664456817892.2687,5.6430617680002535e+26,1.000001340482085
6760811933840.158,5.831421540840496e+28,1.0001385226040023
8636996.22735718,9.05106914079494e+16,1.0000000000000002
12994530445.170553,2.1731530338664607e+23,1.000000000516222
17152818.617882866,3.975314734435162e+17,1.0000000000000009
14643176.534630466,2.987700492269852e+17,1.0000000000000007
312034552.7781161,8.025225989300394e+19,1.0000000000001905
3863902995599.9136,1.9674626281952682e+28,1.0000467361250813
11160572.255818447,1.5871391258366102e+17,1.0000000000000004
24888506.7478323,1.1022695241374058e+18,1.0000000000000027
236173586461.2822,7.0870284918033985e+25,1.000000168348941
7472669.264088716,7.051649497502121e+16,1.0000000000000002
9394764.923664149,1.0938355726661622e+17,1.0000000000000002
4655627.361209515,2.7278964641659e+16,1.0
672241509913.2203,5.776173270578609e+26,1.0000013721020802
23823690.76696331,8.104224809259206e+17,1.000000000000002
21113718.593342528,5.663842415555835e+17,1.0000000000000013
16820106.335565854,3.541922740665509e+17,1.0000000000000009
141861505542.09207,2.6225861720752863e+25,1.0000000622982685
20479152.52193528,5.074095496064176e+17,1.000000000000001
13229757.634263085,2.242255353189388e+17,1.0000000000000004
14407517.068675168,2.6167369201690752e+17,1.0000000000000007
539381062984.1415,3.714080523917818e+26,1.0000008822619013
7052125.698676881,6.308317468385137e+16,1.0000000000000002
193638352165.61093,5.128965080352694e+25,1.0000001218360899
12066069288859.477,2.4642713095444582e+29,1.0005853757550807
7447487.660404021,5.8983529132474504e+16,1.0000000000000002
13582509.427418355,2.374352590299429e+17,1.0000000000000004
7311484783572.842,6.834994110563162e+28,1.0001623619859934
124301016702.28633,2.0861631806363063e+25,1.0000000495557995
8898269.991942132,9.921433982280342e+16,1.0000000000000002
803829960.6571721,8.078557260183388e+20,1.000000000001919
286999689571.9569,1.309748125569236e+26,1.0000003111243454
15479417.841943406,4.0105758316647194e+17,1.0000000000000009
17427914.98179811,3.8518990164896864e+17,1.0000000000000009
10594357.366336336,1.4560834694023053e+17,1.0000000000000002
665288865998.2837,5.655292877335583e+26,1.000001343387526
307104762223.831,1.2547657863538308e+26,1.000000298063556
40723530777.0632,2.152273821904974e+24,1.0000000051126225
306290317539.27356,1.2041579784378086e+26,1.0000002860419155
354995434656.0412,1.6041814636739298e+26,1.0000003810655635
41582319744.76111,2.232360055342234e+24,1.0000000053028635
258972899.35167155,5.532999246477703e+19,1.0000000000001315
701413302605.6228,6.352959143621354e+26,1.0000015091147803
830723357258.7517,9.648283310051481e+26,1.0000022919031302
735121247.7588677,6.716261826474236e+20,1.0000000000015954
1391309131174.5698,2.5033686637249425e+27,1.0000059466314286
5866618.28464332,4.4285038044573576e+16,1.0
12661555.868819904,2.2798693952537226e+17,1.0000000000000004
15773136.477537815,3.2433011958412454e+17,1.0000000000000007
561075825501.3424,4.018056925525709e+26,1.0000009544700283
894285209.4814334,1.0819533690258289e+21,1.0000000000025702
3349896.4068211536,8523991698716949.0,1.0
6960239053402.228,6.184106873509277e+28,1.0001469004738464
11417586.720774334,9.928251672465514e+16,1.0000000000000002
23962205.35386046,7.973900158480411e+17,1.0000000000000018
331738373448.73303,1.4009289941887237e+26,1.0000003327839206
5587142.774025875,3.6523281176848584e+16,1.0
29730242368475.832,1.367518337394135e+30,1.003248473803344
54265829191.33869,4.1509836095540397e+24,1.0000000098604611
33368633.240376886,8.48833197110043e+17,1.000000000000002
7049085.561275268,6.206664963173192e+16,1.0000000000000002
894663182115.6993,1.0334869190083546e+27,1.000002454998292
1916459020.7788687,2.7062931178867665e+21,1.0000000000064286
12943921.457931282,2.196288096821721e+17,1.0000000000000004
82451964284.25816,8.663007312017337e+24,1.0000000205785557
7503059980388.323,7.227813463532735e+28,1.000171693220118
233940690505.1725,7.016826317255133e+25,1.0000001666813223
16155105.24286568,4.1781479700779386e+17,1.0000000000000009
14841870.972232834,3.478147132363818e+17,1.0000000000000009
11158345.893800173,1.615871470982875e+17,1.0000000000000004
9297814.695780456,1.2732858050072053e+17,1.0000000000000002
24688949.253362354,7.816447293419891e+17,1.0000000000000018
15459752.731531182,3.656339620287117e+17,1.0000000000000009
5581122.379529416,4.040938404733085e+16,1.0
672933838985.2848,5.793318115837909e+26,1.0000013761747553
3398180061891.5117,1.4843793876397229e+28,1.0000352607158758
26530734.608461395,1.1117471391101646e+18,1.0000000000000027
372689726918.3203,1.814374761737027e+26,1.0000004309959671
14839655.079786774,2.773253103490948e+17,1.0000000000000007
785872762936.0934,7.932684965173476e+26,1.000001884371024
2712210878564.756,9.402709542351664e+27,1.0000223356826694
5224575993479.829,3.5469771762068885e+28,1.000084256730772
16763567.245915346,3.5163855100402605e+17,1.0000000000000009
23709814.176269736,6.545758517035318e+17,1.0000000000000016
1616340126.2510517,3.682312990847875e+21,1.0000000000087472
17947157.10280912,4.5914208196141165e+17,1.000000000000001
350207038.13541305,9.192520095311585e+19,1.0000000000002183
94407235914.57042,1.1394746019910879e+25,1.0000000270676692
2535149022186.9644,9.170880210693549e+27,1.000021784983282
839002125092.4741,9.107906803940083e+26,1.0000021635392993
14354801.559086116,3.195668521045881e+17,1.0000000000000007
3230202313663.1123,1.335652154219074e+28,1.0000317277722333
563464914380.2893,4.093591511335231e+26,1.0000009724129046
27204845043.43838,9.448853452715855e+23,1.0000000022445295
11644039.570014553,1.747019788731416e+17,1.0000000000000004
23922263.991634734,1.0677892648521404e+18,1.0000000000000024
89537471497.88548,1.0200070312505211e+25,1.0000000242297746
36692938.86020484,1.7244093089523297e+18,1.000000000000004
16631210.133699019,3.7511606404512326e+17,1.0000000000000009
665406688.7825725,5.8800922420471235e+20,1.0000000000013969
9233254.644056793,1.0085591581643584e+17,1.0000000000000002
29437363.717773054,7.178344240698587e+17,1.0000000000000018
40100482693.35233,1.1782551015247882e+24,1.000000002798888
1214687375079.0818,1.9605235253336097e+27,1.0000046571290042
656561464017.2949,5.5099982801453045e+26,1.0000013088734958
5099582.037312422,3.330364980556666e+16,1.0
21932377.503570646,5.97190134828534e+17,1.0000000000000013
440690095.0615637,2.156301718481743e+20,1.0000000000005123
469968998685.97784,2.827174786055995e+26,1.0000006715817242
9057190.208457025,9.761053493958938e+16,1.0000000000000002
16140938.993952256,4.0447089156618285e+17,1.0000000000000009
608204824304.4425,4.735530493433201e+26,1.0000011249024112
15852355.25929237,3.1131926071538656e+17,1.0000000000000007
9185967.85907288,1.2826586631756869e+17,1.0000000000000002
381576952386.8209,1.913130617157619e+26,1.000000454454944
8854634.739799185,1.011397577659863e+17,1.0000000000000002
8714600.38946966,9.651363782740478e+16,1.0000000000000002
96030195791.0861,1.1845137929559648e+25,1.0000000281375534
4238563361096.333,2.3269248761651347e+28,1.0000552749772773
25681611.612225745,8.263114870906299e+17,1.000000000000002
10186642.331082692,1.2230765691415406e+17,1.0000000000000002
862186385.2602749,1.0291328148389845e+21,1.0000000000024447
5115048.111213696,3.248446874764018e+16,1.0
12116782.232491858,1.990630429960722e+17,1.0000000000000004
13188960.444833877,2.0893145997778157e+17,1.0000000000000004
750975557122.8104,7.20253761346578e+26,1.000001710928045
9415655.835310215,1.1411646257002213e+17,1.0000000000000002
7970548.959895891,7.675365815501942e+16,1.0000000000000002
1967297167403.7976,4.960881959399186e+27,1.0000117843356435
6312824.778726917,5.40056336215265e+16,1.0000000000000002
4037475.845173725,6968869809472823.0,1.0
1716676643128.2214,3.765099696052447e+27,1.0000089438125948
14229268.342382351,2.6049397359642058e+17,1.0000000000000007
430944225990.0428,2.3433706080860977e+26,1.000000556656377
27384449.37584418,9.497695806108265e+17,1.0000000000000022
17061641.46689807,3.547877919400881e+17,1.0000000000000009
17182405.666571572,3.770984319133926e+17,1.0000000000000009
124830917386.17097,2.015009778131284e+25,1.0000000478655846
57951461.942940116,5.222944551375488e+18,1.0000000000000124
986587609347.6133,1.2367588938320714e+27,1.0000029378610567
1730426334388.7104,3.838897057850624e+27,1.0000091191146656
16023604814943.188,4.050515362165731e+29,1.0009621803733257
8618816.529040225,9.655770848616602e+16,1.0000000000000002
128847893565.06941,2.6190492994022544e+25,1.000000062214252
15245679.617267624,3.552711105740444e+17,1.0000000000000009
27156073.216723163,8.894390977013338e+17,1.000000000000002
10613730.757262127,1.491552903411022e+17,1.0000000000000004
15325614.929320408,3.240792523634339e+17,1.0000000000000007
3538882.900420015,1.0818911813574336e+16,1.0
207101623302.89368,1.0941348579614222e+26,1.0000002599064544
4711517.851662477,1.871332284994839e+16,1.0
42788165.50931101,2.0982379914293955e+18,1.0000000000000049
9064491.329461621,1.0660168317263499e+17,1.0000000000000002
6041050046750.876,4.652808859973034e+28,1.000110525228659
10675533.298388796,1.4888530448001654e+17,1.0000000000000004
1122952549392.4954,1.6424765858962305e+27,1.000003901623851
52042633.467128426,3.5609236568429747e+18,1.0000000000000084
10833745.15362863,1.457419018963614e+17,1.0000000000000002
332222466500.76685,1.4129913190528972e+26,1.0000003356492677
11345782.781830022,1.64273245159914e+17,1.0000000000000004
13083077.18952652,2.4854340629940438e+17,1.0000000000000007
338000250508.79126,1.4553669399648882e+26,1.0000003457153919
7837522.190919208,8.462286367786096e+16,1.0000000000000002
685913244150.2988,6.0414237452013195e+26,1.00000143511105
298128901033.75006,1.1383066197516767e+26,1.0000002703992432
10225957.217558775,1.3245058898898824e+17,1.0000000000000002
160039713.31566277,3.973851527270904e+19,1.0000000000000944
20430099844.79335,9.934414700641108e+23,1.0000000023598723
358533239971.74005,1.6315100171449286e+26,1.0000003875573296
7044383282301.713,6.2921346722074725e+28,1.0001494666220618
10955180.967029033,1.5662476034046806e+17,1.0000000000000004
15012079.334418131,2.8530871783549693e+17,1.0000000000000007
5238178220638.785,3.502439286007859e+28,1.0000831987546879
169464168773.93378,3.6651795683596415e+25,1.0000000870645716
12666657.161657216,2.104473734272503e+17,1.0000000000000004
7920805.715246512,8.011090518646242e+16,1.0000000000000002
752548482.130122,3.7193202229376877e+20,1.0000000000008835
76292353186.96062,3.4881011369110003e+24,1.0000000082858158
127691279884.20074,2.084157962075475e+25,1.0000000495081665
1255779353781.423,2.0089450243945368e+27,1.000004772151938
17781393.040779628,4.011382163993335e+17,1.0000000000000009
57707705.63766951,4.212037373861271e+18,1.00000000000001
115358283082.48672,1.9323012300948267e+25,1.000000045900883
5864378516.908007,4.349795914359336e+22,1.0000000001033273
33954347.05859462,1.483941996770154e+18,1.0000000000000036
8465591638808.078,9.180127166893867e+28,1.0002180694898017
7276147.016488302,7.054736916034021e+16,1.0000000000000002
8493402.186983405,7.276338000980858e+16,1.0000000000000002
16681686.229000235,2.3722647236451885e+17,1.0000000000000004
735295109750.3,6.93022553891181e+26,1.0000016462416261
13360507.666861452,2.2278080628621443e+17,1.0000000000000004
21938931.482155282,9.692957574046775e+17,1.0000000000000022
5790351.295717277,4.381723594173157e+16,1.0
728449096094.2946,6.742997159581796e+26,1.0000016017664282
2453152248662.193,7.777664651612429e+27,1.000018475466969
31298501.967953544,8.148593556315066e+17,1.000000000000002
12847379.464809658,2.213877283025932e+17,1.0000000000000004
77191449342.98041,1.5231300011819074e+25,1.000000036181218
77332262255.81018,7.609965130645996e+24,1.000000018077105
4320238603881.5996,3.1446307837405787e+28,1.0000746991864229
37788399206.06492,1.8523915063820458e+24,1.0000000044002666
483147890903.24915,2.9631418662805727e+26,1.0000007038800478
13385085.684067981,2.0787849560255616e+17,1.0000000000000004
211351057426.72028,5.803349609218038e+25,1.0000001378557688
26480803.035192605,1.2637497107708122e+18,1.0000000000000029
10140650.006541736,1.541848011060025e+17,1.0000000000000004
8514686.683429044,1.0078471487139638e+17,1.0000000000000002
27598315.252002038,9.033508783171503e+17,1.0000000000000022
16599271.373704135,3.686972220312224e+17,1.0000000000000009
320661989.25637305,8.992327425144855e+19,1.0000000000002136
30791594.555331994,1.1970482192726694e+18,1.0000000000000029
262322168.7292686,1.470529171899567e+20,1.0000000000003493
10372855.091172965,1.3612178428785509e+17,1.0000000000000002
12037302.679714207,1.7867191749453024e+17,1.0000000000000004
10310548.946286283,1.286416198506978e+17,1.0000000000000002
994585129150.2617,1.269881331506906e+27,1.0000030165418086
8122224.858932061,8.012803166179301e+16,1.0000000000000002
68062537870.03448,6.627714111983026e+24,1.000000015743815
5769068.1487691915,4.245744330748908e+16,1.0
6061600477303.573,4.6908950997473085e+28,1.0001114299489013
255887247873.40286,8.51977822027478e+25,1.0000002023832193
1301672520976.4858,1.4777422181131428e+27,1.0000035103053118
36858809.52659363,9.232687484458263e+17,1.0000000000000022
5076580634.690788,1.6614711900582944e+22,1.0000000000394675
12607180.762056826,2.8334438585654525e+17,1.0000000000000007
1139561384833.6602,1.660972663618816e+27,1.0000039455603909
19794740.73580175,5.029411118993216e+17,1.000000000000001
9776068.153431185,9.824786770475138e+16,1.0000000000000002
6139943.464549373,5.020159847578399e+16,1.0
15502058.2037278,3.235631558355529e+17,1.0000000000000007
9091169.521403806,1.0654062992985227e+17,1.0000000000000002
433564479.5363349,2.242419934055627e+20,1.0000000000005327
191222979868.89563,4.902861581932862e+25,1.0000001164651104
186968882415.61697,4.47178095560317e+25,1.0000001062249981
2283158305301.8594,6.986306383469762e+27,1.0000165956336
2317386471717.301,6.929928743618035e+27,1.000016461711238
431756847.0547427,1.7939004058476515e+20,1.000000000000426
2157019481111.8767,6.672538233469936e+27,1.0000158502925047
21269729539.291153,2.869105872532776e+23,1.0000000006815422
7359940.970891516,7.536165156077837e+16,1.0000000000000002
533319489290.1111,3.782002303042449e+26,1.0000008983963922
99273815928.01372,1.449186549343054e+25,1.000000034424727
866245189.7417576,9.324273182428476e+20,1.000000000002215
1662467577587.4146,3.5427859397101806e+27,1.0000084157169973
9749028.099470165,1.3075766972250029e+17,1.0000000000000002
3138340356013.849,1.2556777121342369e+28,1.0000298280179634
11357367.12825339,2.1533681720497107e+17,1.0000000000000004
10759902.397760235,1.4938365725940842e+17,1.0000000000000004
11094292.089894583,1.2186848392326126e+17,1.0000000000000002
9083369.875763036,1.1546881051188542e+17,1.0000000000000002
572821066749.7699,4.227131255599117e+26,1.0000010041346263
13169339.935586352,1.9396816869614096e+17,1.0000000000000004
1543883406749.3457,3.0651536432951715e+27,1.0000072811245313
34150904.55674024,9.514149091041806e+17,1.0000000000000022
20185138.54501069,5.097897532368427e+17,1.000000000000001
2090213559454.518,5.599441704914162e+27,1.000013301203497
6918879.338326425,6.046349829919418e+16,1.0000000000000002
24089421.068719685,7.891908991946678e+17,1.0000000000000018
554809944916.8612,3.932630210180542e+26,1.0000009341773244
9291184.2707,8.394073900561048e+16,1.0000000000000002
7271182.01839105,6.69660243277277e+16,1.0000000000000002
7293236.325904311,7.0717804775165e+16,1.0000000000000002
726605843142.269,6.701743436157664e+26,1.0000015919668055
5635571970093.167,4.063270147345454e+28,1.0000965210210981
6502496338498.411,5.390450312544932e+28,1.0001280475453214
1471042471499.9087,2.761761288856095e+27,1.0000065604306374
22998118.65019944,6.836875928742794e+17,1.0000000000000016
265323348.27367187,4.141690847270674e+19,1.0000000000000984
737082345018.5563,1.2874065381378155e+27,1.0000030581720911
7840885.921815993,8.83938208866262e+16,1.0000000000000002
211389324412.86328,5.701109349265848e+25,1.0000001354271009
12053392.652322955,2.380180216225773e+17,1.0000000000000004
47922316.51487502,3.7029275799042765e+18,1.0000000000000089
13378551.117301075,1.5888237377586845e+17,1.0000000000000004
505070336895.3651,3.3750978273126276e+26,1.000000801738198
13895621.430012638,2.44430429826444e+17,1.0000000000000007
10236615.178540427,1.2815358002166434e+17,1.0000000000000002
38035422.197181806,2.854875823524087e+18,1.0000000000000067
93658650.23657078,7.613453930662614e+18,1.000000000000018
3270190844299.88,1.3700973868073182e+28,1.0000325460021073
607523752506.9421,4.701113389771543e+26,1.0000011167267944
8689956.60262457,9.234292880976602e+16,1.0000000000000002
1238476028537.4785,1.976404226327919e+27,1.000004694852843
192938562817.75793,4.73051882196405e+25,1.0000001123711912
2880643778504.521,1.066975331352383e+28,1.0000253454839905
17935678.291058023,4.2615742509555565e+17,1.0000000000000009
31592315.41210183,1.8056060162522378e+18,1.0000000000000042
18771784.796943214,4.62707663653217e+17,1.000000000000001
9652867.370284732,1.1972568324776675e+17,1.0000000000000002
677276726602.7222,5.8478872889257036e+26,1.0000013891373989
6865951842804.975,6.686063182928408e+28,1.0001588242036932
11027529.636036154,1.4212948990632666e+17,1.0000000000000002
238376567485.6288,7.205494052541486e+25,1.0000001711630333
67542529.17215036,3.9918431108710236e+18,1.0000000000000095
5632216079696.722,4.03365702950903e+28,1.0000958175757775
421992236624.7548,2.311051715107867e+26,1.00000054897918
9519862.891119309,1.1941061572418672e+17,1.0000000000000002
1646004724906.7207,4.385241105134938e+27,1.0000104169285793
476331225887.8511,2.616610006135434e+26,1.0000006215630772
308816551561.8295,1.2338957050572818e+26,1.000000293105969
17802658.347550195,4.746214081572014e+17,1.000000000000001
10890177.067688556,1.5160684754244125e+17,1.0000000000000004
10575907.226688502,1.462765972927335e+17,1.0000000000000002
61694951908.91216,5.576837115000081e+24,1.0000000132475073
318099881853.63727,1.2902056438904722e+26,1.0000003064821232
16323197.844848698,3.161634860624908e+17,1.0000000000000007
5341614625376.143,3.6445697793675417e+28,1.0000865749959542
4935712326068.498,3.108270873217872e+28,1.0000738354742986
255688978870.7056,8.563743148299962e+25,1.000000203427585
351992276678.83124,1.5984258117622306e+26,1.0000003796983363
120039615971821.66,1.9752375501551158e+31,1.046920814599733
404341218821.98413,2.0911245888750035e+26,1.0000004967365526
78141386046.63667,7.770030811370779e+24,1.0000000184573332
4025352.982706016,1.5186257211667916e+16,1.0
45245717.93280745,1.568325801139487e+18,1.0000000000000038
10394837.41053398,1.3709937371425762e+17,1.0000000000000002
11529650.846950136,1.550050266386425e+17,1.0000000000000004
81500269.46093218,1.2745683831793908e+19,1.0000000000000302
26313327.750171583,4.7510964665866554e+17,1.000000000000001
14621174.87553594,3.0361760797780314e+17,1.0000000000000007
3246524529741.1807,1.3479537148297425e+28,1.0000320199898678
605037537327.4313,4.664615033463144e+26,1.000001108056786
1658250471473.8806,3.501062658994554e+27,1.0000083166053577
231442085.2748092,6.552987782340269e+19,1.0000000000001557
110895329909.06691,5.800005776230548e+24,1.0000000137776337
14785093.4945769,3.7098503767166925e+17,1.0000000000000009
8725840.259595565,9.136286060000994e+16,1.0000000000000002
14278673.948050171,3.1284908921668474e+17,1.0000000000000007
3652484.4911602205,1.0579117177186938e+16,1.0
116346919622.15164,3.461912153653955e+25,1.0000000822360522
1560404681020.8604,3.2146868505624446e+27,1.0000076363334476
12411164.600392314,1.9768535298745094e+17,1.0000000000000004
1088018915.9090426,9.29967461578655e+20,1.0000000000022091
585964448682.0404,4.582309545262895e+26,1.0000010885055146
35921208.54931751,8.279203786585366e+17,1.000000000000002
8246620.271204404,8.833786455860467e+16,1.0000000000000002
284435940719.83734,1.0432937662027377e+26,1.0000002478293983
392360516176.8149,1.969460513157797e+26,1.0000004678358387
985720741231.0669,1.3645957997863133e+27,1.0000032415314564
2269727122.2751355,3.4337213290910843e+21,1.0000000000081566
166151662049.3298,3.633918438899643e+25,1.0000000863219785
21137217432.160103,5.720117158909992e+23,1.0000000013587862
533087419504.7624,3.760533884599782e+26,1.000000893296673
498639058243.885,3.158902483328e+26,1.0000007503820376
318753443000.1837,1.336672712892898e+26,1.000000317520151
17817398.216186132,4.644305546863995e+17,1.000000000000001
9722270.765182208,9.64413928719648e+16,1.0000000000000002
695484609410.8568,6.1392736859909665e+26,1.0000014583548311
369760621498.35474,1.828125306071978e+26,1.0000004342623425
21689208.748618536,5.955668256024338e+17,1.0000000000000013
10971992.31440047,1.5386007570691994e+17,1.0000000000000004
6885404.59559313,6.520740329925172e+16,1.0000000000000002
385485949.12149423,1.706804309974134e+20,1.0000000000004055
1775096219945.741,4.033961532369548e+27,1.0000095824809097
10068012.29375514,1.2003937863952762e+17,1.0000000000000002
15748483.257446822,3.127345929998001e+17,1.0000000000000007
147801318671.35052,2.4785408325504827e+25,1.0000000588765412
939238872402.9845,1.1214201725179182e+27,1.0000026638794912
18641007.407153223,3.52013227287533e+17,1.0000000000000009
16233696.309268672,3.34506452199136e+17,1.0000000000000009
13631836.295331592,3.1737035683878784e+17,1.0000000000000007
41807947.59464519,2.337870066427094e+18,1.0000000000000056
9398530.037819592,1.1616308617170411e+17,1.0000000000000002
6245888.172390791,5.015527201958707e+16,1.0
2241266084931.6304,6.543558986272596e+27,1.0000155439085285
94028358.41160195,1.8043793437752926e+19,1.0000000000000429
986623498054.405,1.241471861318947e+27,1.0000029490564835
3325433373255.7393,1.4140263999217645e+28,1.0000335895146104
77440156323.74007,7.652981934353505e+24,1.0000000181792892
5415321024129.747,3.7478387568141334e+28,1.0000890281006678
1543860851676.6106,3.0651537890074954e+27,1.0000072811248775
5383368541422.126,3.701475360047573e+28,1.0000879267605562
14775087.635558043,2.904350997568325e+17,1.0000000000000007
1630878887224.1375,3.3947931408612506e+27,1.0000080641672469
394696253743.5284,1.9790430615160937e+26,1.0000004701121268
9586657.934433354,1.163474893019083e+17,1.0000000000000002
10459140.812522553,1.4670781355910566e+17,1.0000000000000002
7605829618.554085,3.7172441963673757e+22,1.0000000000883014
30343779.889365185,1.3482627060724442e+18,1.000000000000003
24367108.573827278,9.040338376347176e+17,1.0000000000000022
9630552.546532836,1.201232717096126e+17,1.0000000000000002
764502406720.7738,7.46013835809937e+26,1.0000017721198584
4565659.400510051,2.673720915217082e+16,1.0
12991085.514736302,2.2909547393227958e+17,1.0000000000000004
871429585362.5759,1.0647185694018003e+27,1.00000252918757
258590222021.68716,8.586989996863217e+25,1.0000002039798026
533975071221.14307,3.647329424116753e+26,1.0000008664054998
29605704.903022263,1.1092819862626982e+18,1.0000000000000027
38466209404.7416,2.143979807604934e+24,1.0000000050929205
2071067902784.974,5.583037187415176e+27,1.0000132622353577
12565007.099453274,2.1249256026867722e+17,1.0000000000000004
27748286.180568855,1.182372990254077e+18,1.0000000000000029
40941649092.32878,2.1508920877368048e+24,1.0000000051093403
6789362.03284823,5.725875360671933e+16,1.0000000000000002
25981204.42036487,1.1469833368560804e+18,1.0000000000000027
18026083.501656573,4.879107198129042e+17,1.000000000000001
865953906594.8353,9.590089331738045e+26,1.0000022780794315
11369642.386576602,1.3232910067048933e+17,1.0000000000000002
14830729.63410899,2.7448869426282227e+17,1.0000000000000007
11966243.004158305,1.78512484153147e+17,1.0000000000000004
2608768258449.1255,8.64965974765762e+27,1.0000205468492303
11148210.745304564,1.69351967741077e+17,1.0000000000000004
335974753223.0817,1.4404413449088744e+26,1.0000003421698889
13274204.470909275,2.3427662597149245e+17,1.0000000000000004
347202370264.9079,1.5310528250935558e+26,1.0000003636942085
22807821.8332958,6.403056493756902e+17,1.0000000000000016
9006943.050284807,8.924761817994829e+16,1.0000000000000002
303062579689.76514,1.1679136838358645e+26,1.0000002774322583
23652942.75047022,7.847025210190415e+17,1.0000000000000018
4937316.535190164,3.0989815862442656e+16,1.0
23633722.193641588,7.706552678426683e+17,1.0000000000000018
20497715.364585456,5.602492241185589e+17,1.0000000000000013
13893332.134935433,2.3966154244620675e+17,1.0000000000000004
6570276.054019218,5.431747014122077e+16,1.0000000000000002
17062791.30359152,3.7791171072201504e+17,1.0000000000000009
734310389637.0188,6.873658950727828e+26,1.000001632804506
7286743.32243098,4.947503136658328e+16,1.0
681712961698.0171,5.940364109841698e+26,1.0000014111048214
11829648.941297382,1.946981680900588e+17,1.0000000000000004
641783327.2127348,8.263994914101638e+20,1.000000000001963
1816517081962476.8,3.788753051933843e+33,10.0
14665441.718096267,2.5872113686010762e+17,1.0000000000000007
67573436688.444145,5.831034039972614e+24,1.0000000138513399
3185382489.194914,6.421946023161329e+21,1.000000000015255
68265126777.78916,5.941763911745867e+24,1.0000000141143734
181485810.92092156,4.500120557810006e+19,1.0000000000001068
7316571.844299592,6.882326783051858e+16,1.0000000000000002
690890690534.2228,6.0885321053989974e+26,1.0000014463014135
81279511048.89386,8.445849309977615e+24,1.0000000200627073
11039072878599.691,3.0120047405004664e+29,1.0007154871878141
13180522.274769401,3.08179383157912e+17,1.0000000000000007
7667944.7266127225,7.531416864741549e+16,1.0000000000000002
344384754825.26355,1.5052795058171217e+26,1.000000357571881
1365918211733.2446,2.3755972995712745e+27,1.0000056431167201
648260651082.4631,5.3760801589578924e+26,1.0000012770618927
655087054590.6368,5.4875183676569445e+26,1.0000013035335011
13162598.809503803,2.386075185048425e+17,1.0000000000000004
562114278430.8757,4.047272124894796e+26,1.0000009614099579
7892758.921284228,6.556944355381275e+16,1.0000000000000002
615734990349.1912,4.82928155317944e+26,1.000001147172523
7946953.3695184225,8.769529048535437e+16,1.0000000000000002
3685922.5071161143,1.0087722215014232e+16,1.0
91398481.45805936,7.974733830622039e+18,1.0000000000000189
10905729.520399418,1.48507787860112e+17,1.0000000000000004
9051382357.778044,5.299343659204903e+22,1.0000000001258833
3977419123905.685,2.025135503167973e+28,1.0000481061163888
735618398408.9636,6.932676562886295e+26,1.000001646823855
878438201171.936,9.870575405931282e+26,1.0000023447075446
10122163.724346846,1.3078611667923195e+17,1.0000000000000002
17090336.064913798,4.7990984720383456e+17,1.000000000000001
35673896184.165,1.6255014135391274e+24,1.0000000038613002
3172975467352.5996,1.3154640116524298e+28,1.000031248212651
8035476953657.702,8.243651712643971e+28,1.0001958239674025
5184472540975.848,4.551691224385699e+28,1.0001081232280329
17963710.695076186,4.6241032070370835e+17,1.000000000000001
1085317055317.3375,1.5215978107702137e+27,1.0000036144821554
355834981850.3612,3.193124779173259e+26,1.0000007585113788
8975453.191240875,1.0358151114504589e+17,1.0000000000000002
19856392.83313582,5.2598201114431e+17,1.0000000000000013
11775513.242588593,1.6697775297564416e+17,1.0000000000000004
13129484.984395737,2.073657589078159e+17,1.0000000000000004
9742022.944500877,1.4429027399976685e+17,1.0000000000000002
22262008.505404096,7.670095033788581e+17,1.0000000000000018
385203144920.56946,1.8955324869629007e+26,1.000000450274593
52962578740.993225,3.308187446765774e+24,1.0000000078584397
346003362103.387,1.525466799526779e+26,1.000000362367275
10678935.548191648,1.3531747995207626e+17,1.0000000000000002
17588112.271311283,3.978760639860046e+17,1.0000000000000009
21911896.562175613,6.526002158318463e+17,1.0000000000000016
12913338.431565385,1.8638018523803715e+17,1.0000000000000004
9774420.834594272,9.487373048459333e+16,1.0000000000000002
61944680.55130922,3.504018853637612e+18,1.0000000000000082
26471132.467443764,4.394022100362937e+17,1.000000000000001
19320494.471534297,2.8559834463276118e+17,1.0000000000000007
28912037.1935261,1.077160529568271e+18,1.0000000000000024
12713053.264401305,2.0353663875718998e+17,1.0000000000000004
18220208143851.1,4.382153696935465e+29,1.0010409594590042
10091118.731200492,1.2747353625676408e+17,1.0000000000000002
2577663823915.514,8.615615457662083e+27,1.0000204659786627
8700273104131.642,9.679922872960887e+28,1.000229941895559
360973655358.9327,1.67025476584443e+26,1.0000003967609576
20061694.689396635,5.394178169698922e+17,1.0000000000000013
826701190547.0492,8.748980120042355e+26,1.0000020782779981
8314541.353033533,9.811851506605032e+16,1.0000000000000002
1026626906442.447,1.3528556720880954e+27,1.0000032136433497
14968017.350591328,3.599870627143523e+17,1.0000000000000009
15558810.595300144,3.029878037147508e+17,1.0000000000000007
34225682.48688951,1.357358092216926e+18,1.000000000000003
184208983966.4683,4.319065769322527e+25,1.0000001025973226
6632133.397255427,5.641224541972578e+16,1.0000000000000002
104736702632.66441,1.476289051485827e+25,1.0000000350685339
11990789.678229319,1.825890190163171e+17,1.0000000000000004
687535551957.2383,6.088910862147992e+26,1.0000014463913853
9928332.334969746,1.2683831192244285e+17,1.0000000000000002
17464374.837762203,3.504661103995268e+17,1.0000000000000009
536201193355.01666,4.126985423709506e+26,1.0000009803454672
381452168.8812202,1.6174442907020752e+20,1.0000000000003841
841137417647.5856,1.1727867645271653e+27,1.0000027858983513
23559190.782572705,7.111798023088445e+17,1.0000000000000018
9949277.910672978,9.37223078624948e+16,1.0000000000000002
180041338308.5298,4.1180675222911115e+25,1.0000000978227064
8658912.4038931,1.0110893425686274e+17,1.0000000000000002
22322276.839924637,6.880414311119146e+17,1.0000000000000016
719417545513.3333,6.623140270523268e+26,1.0000015732950027
22633962.464515068,3.3816516043465344e+17,1.0000000000000009
3056029004.8653126,6.01827161343363e+21,1.0000000000142961
4770396295663.511,2.892254781191176e+28,1.0000687041162988
1435500177.845951,1.4430377425425263e+21,1.000000000003428
16611683976.394096,3.573579062607536e+23,1.0000000008488865
349498649411.98987,1.575802441366203e+26,1.0000003743242638
52691753102.47364,3.52812800064557e+24,1.0000000083808978
5306507521386.385,3.6235103049555814e+28,1.0000860747383047
3873529105.522741,1.9844254477964357e+22,1.000000000047139
460822594147.0883,2.7798529150062168e+26,1.0000006603406422
2137452004.6538413,6.046214986860407e+21,1.0000000000143625
2528088644590.3203,8.139111239534727e+27,1.0000193340658923
15643644.185665643,2.5426375782483363e+17,1.0000000000000007
5593823.578533567,3.641146540432526e+16,1.0
14815158.908070438,2.8097773019971722e+17,1.0000000000000007
22633222.06507376,6.544909857902388e+17,1.0000000000000016
1186811306.7828588,1.870201065687248e+21,1.0000000000044424
28082515.993312266,1.0054559900599255e+18,1.0000000000000024
49467176.04544144,5.322447499696848e+18,1.0000000000000127
5604509.218164486,4.012128261889324e+16,1.0
1386887468786.6775,2.473544830632203e+27,1.0000058757863526
376610213505.4458,1.8786368569469307e+26,1.0000004462611176
215191731106.6797,5.912182159047685e+25,1.0000001404410335
14401163.354722464,2.5303726639331446e+17,1.0000000000000007
1118804522432.899,1.5942327517623319e+27,1.0000037870229517
3857670.2433920177,9962185056948808.0,1.0
24978255.393145923,9.019996973123302e+17,1.0000000000000022
3598412172855.014,1.6791484118920525e+28,1.000039887360036
12561285.816730099,2.4299561174333344e+17,1.0000000000000007
13337119.049001098,2.2018296154173072e+17,1.0000000000000004
439176588959.3294,3.8807539119936576e+26,1.0000009218543602
504756433696.2309,3.2779909606301806e+26,1.0000007786709306
16822536.08269426,3.3731724378438234e+17,1.0000000000000009
2915267518591.391,1.1003838696079302e+28,1.0000261390876912
2905708469688.82,2.058291358169882e+28,1.0000488937177208
25039119733.237923,6.92525891642786e+23,1.0000000016450619
13525975.978953471,2.3082576477017546e+17,1.0000000000000004
422627892.67101574,1.3155431107836887e+20,1.0000000000003124
19702221.498253927,5.5581953971263795e+17,1.0000000000000013
7742299.649434765,7.370060737111952e+16,1.0000000000000002
224635301773.2014,7.300175656565616e+25,1.000000173412149
24673373.259431444,6.806023581830427e+17,1.0000000000000016
431020174980.2028,2.3698781117681045e+26,1.0000005629531066
95582582162.44048,1.323830997452522e+25,1.0000000314469664
3488982256450.4473,1.5558474810320054e+28,1.000036958405938
40817070.18350386,2.153813116334731e+18,1.000000000000005
42498087092.68339,3.839912064240061e+24,1.0000000091215258
17237333.588152453,1.788846703936988e+17,1.0000000000000004
618953959139.8522,4.88176088281127e+26,1.0000011596387346
252437733896.385,8.06012845154904e+25,1.000000191464461
456161508789.8334,2.7297668278176747e+26,1.000000648442934
69365894888.06992,6.939957811215662e+24,1.0000000164855347
16573489.580943609,3.869982528681365e+17,1.0000000000000009
19089606.84125495,4.807447430587162e+17,1.000000000000001
3890242.539661691,1.2507344490390608e+16,1.0
680224463692.342,5.918622545479053e+26,1.0000014059402178
3126389.375547865,7002365409580015.0,1.0
407345977934.1775,2.106277674964113e+26,1.0000005003360952
108855513698.07162,1.5380790827947559e+25,1.0000000365363262
591939381774.0125,4.5135401197735695e+26,1.0000010721696695
15248478.962445134,3.000610457349293e+17,1.0000000000000007
12004603.896255417,1.4744737066603773e+17,1.0000000000000004
18238929.138514012,4.293846396270598e+17,1.000000000000001
8632806.99621562,8.149245453428869e+16,1.0000000000000002
89977037670.57321,1.0357439246817098e+25,1.000000024603597
16657128.19316287,4.2443918792985837e+17,1.0000000000000009
15265430.38725031,2.950097027469723e+17,1.0000000000000007
405530219.8301198,1.5826967448810167e+20,1.000000000000376
17925759.70336738,4.0990980431140576e+17,1.0000000000000009
12474259.146291591,1.2759571460865691e+17,1.0000000000000002
24822153.54873961,5.861619324623662e+17,1.0000000000000013
767446471249.4385,7.508243741691842e+26,1.0000017835470603
4756353073471.641,2.877695513729117e+28,1.0000683582679275
33198363669.08168,1.4193419034951402e+24,1.0000000033715781
736488074171.2904,6.951048227051835e+26,1.000001651187955
73683594381.03076,6.919095994776599e+24,1.0000000164359786
16151630294.815271,3.340346799505338e+23,1.0000000007934833
37927858.034001805,1.846295561103311e+18,1.0000000000000044
20702106.011964586,5.682288785515921e+17,1.0000000000000013
1626163586.7344038,3.372895857381197e+21,1.000000000008012
525250505284.0441,3.611065366663972e+26,1.0000008577911481
21333316.502877295,7.311784375373734e+17,1.0000000000000018
669700369219.5323,5.9225879779297404e+26,1.0000014068821872
11382775.907377543,1.6525018445673776e+17,1.0000000000000004
19362960.16518419,2.4872912037805715e+17,1.0000000000000007
321232900758.3764,1.3293406745228984e+26,1.0000003157784607
344532917864.47125,1.5443249387523764e+26,1.000000366846935
13698355.134360665,2.6398751673757315e+17,1.0000000000000007
413057397.9740955,2.1832068390306555e+20,1.0000000000005187
438001799494.92584,2.4403006285740332e+26,1.0000005796816356
50961762528.751854,3.427764291098066e+24,1.0000000081424887
404769738046.07416,2.099996086167055e+26,1.000000498843934
6374064.632980584,5.396159359142554e+16,1.0000000000000002
370646844255.37164,1.7511505791838586e+26,1.0000004159773677
13057169.927993046,1.9621367364756064e+17,1.0000000000000004
14581778.517830485,2.8016093157729094e+17,1.0000000000000007
4048666.1716005886,1.0057740476772656e+16,1.0
62296429.81182185,4.972193230517997e+18,1.0000000000000118
560728038930.9817,4.011471611931656e+26,1.000000952905719
118715426400.79445,1.8338924750173263e+25,1.0000000435632306
14392041.999199213,2.6593142722613363e+17,1.0000000000000007
154846134042.95532,3.0819014583799845e+25,1.0000000732090815
73238724.42301935,3.9234250564415657e+18,1.0000000000000093
9096807.42757492,1.053835724341519e+17,1.0000000000000002
1392140076.5405488,1.22696185956496e+21,1.0000000000029146
12749914.372488825,2.2633978646894614e+17,1.0000000000000004
9703348.888520757,1.1594733178068501e+17,1.0000000000000002
6612307.79227555,6.9154545686215416e+16,1.0000000000000002
12010979.516650857,1.8654315522465027e+17,1.0000000000000004
668031603.4872806,5.5644173013603464e+20,1.0000000000013218
13954459.503545087,2.4735491540083565e+17,1.0000000000000007
14754090137.802708,9.55399427216136e+22,1.0000000002269505
17231051.715988625,3.818695772460318e+17,1.0000000000000009
26699395.673070945,5.96106251306401e+17,1.0000000000000013
36526462954.33824,1.7080162672464277e+24,1.0000000040573103
35303390.87752744,2.151995154053645e+18,1.000000000000005
653358138621.4507,5.483932930581497e+26,1.000001302681798
36784370525.14464,1.737032035045328e+24,1.0000000041262358
791343779153.0298,1.6014205510914707e+27,1.0000038040972221
204961138714.46967,5.377710601333472e+25,1.0000001277449195
24062783.380764734,3.6139154310002624e+17,1.0000000000000009
12565009.72830598,2.2001192347758003e+17,1.0000000000000004
127007432774.51486,2.0846091590620882e+25,1.0000000495188843
1814417364248.0789,4.209397692118905e+27,1.0000099992210392
72792447266.17778,6.745936812545525e+24,1.0000000160246472
128434884666.181,2.2199840342801685e+25,1.000000052734649
11735674.110019851,1.766697232943622e+17,1.0000000000000004
11393416.236732217,1.6714885801739622e+17,1.0000000000000004
834336772493.2322,9.125923796361952e+26,1.0000021678191489
101272888.00793292,1.1441455347619088e+19,1.000000000000027
15634577.052567843,2.8230168942286678e+17,1.0000000000000007
3605770311.7074265,1.154060212942421e+22,1.000000000027414
26163029.35109822,8.658782052668909e+17,1.000000000000002
1852960640821.7485,4.3763850722675765e+27,1.0000103958915005
110987277.549261,1.5555857716024658e+19,1.0000000000000369
677987076703.7535,6.2337339585592e+26,1.000001480793413
1823853300658.308,4.257883317897794e+27,1.000010114396303
22681581776.664234,6.857248496168942e+23,1.0000000016289063
15169640.867122542,2.925530398179835e+17,1.0000000000000007
14088193.732895544,2.5569750949762778e+17,1.0000000000000007
796295290550.8313,8.049525225227505e+26,1.0000019121258639
48977806.13548192,4.694725062266186e+18,1.000000000000011
21497175.688587762,6.61946739757877e+17,1.0000000000000016
14899693.303338079,2.7845757338880368e+17,1.0000000000000007
765698894545.0208,7.46813651803663e+26,1.0000017740197829
20694483.15156371,6.041977836829055e+17,1.0000000000000013
24076739.749661315,4.817075828270217e+17,1.000000000000001
12242405.317572776,1.8836719181929862e+17,1.0000000000000004
305196457406.6459,1.188581988683724e+26,1.0000002823419143
1559768466575.2861,3.1467256600686603e+27,1.00000747489492
10573384.83029565,1.45834811357707e+17,1.0000000000000002
4132873614.070647,2.1764342898037136e+22,1.0000000000517002
4322863951.670151,2.3837932909102226e+22,1.0000000000566258
15763669.378234264,3.281253158962689e+17,1.0000000000000007
29075002.452430982,1.1814287646309425e+18,1.0000000000000029
716507230.9760402,5.6494714347049275e+20,1.000000000001342
18540944.716898356,4.4452562317017254e+17,1.000000000000001
12558087.512668649,2.0511498672984496e+17,1.0000000000000004
741014035135.82,7.01982847410536e+26,1.0000016675263708
25517466.37192867,9.11107754232442e+17,1.0000000000000022
35994650322.20486,1.6478640990851528e+24,1.0000000039144217
277454884.96870714,9.750722928602212e+19,1.0000000000002316
1065288648961.8058,1.4439015378960957e+27,1.0000034299184093
14278738.328480886,2.3085412299807203e+17,1.0000000000000004
12005206.938423498,2.0776678679961136e+17,1.0000000000000004
339909514.1286785,9.16662460389867e+19,1.0000000000002178
8566479.316101216,7.065057034468581e+16,1.0000000000000002
824929066463.9098,8.657509911806494e+26,1.0000020565496917
80369004295.39594,8.49062570601053e+24,1.0000000201690715
23171283.894216742,6.823647057385228e+17,1.0000000000000016
16003654.586373627,3.1590313733985165e+17,1.0000000000000007
23806768.98787865,8.537680554555686e+17,1.000000000000002
11985356.700418577,2.0186310854976707e+17,1.0000000000000004
542954640287.0623,3.8074725445461543e+26,1.000000904446725
15558871.933556914,3.189416592915637e+17,1.0000000000000007
15878361.936463052,3.2540777866500045e+17,1.0000000000000007
281501226665.92676,1.9951835454495346e+26,1.000000473946221
88642283567.84755,1.015605786555503e+25,1.0000000241252252
121761012038.8931,1.8762319874398749e+25,1.0000000445689852
521335056310.0987,3.5097604196040674e+26,1.0000008337266468
25514351.119487602,8.17017699611502e+17,1.000000000000002
10329443.277380131,1.5350339931004317e+17,1.0000000000000004
10201665.246908281,1.348707966904944e+17,1.0000000000000002
5446266242953.308,3.772287651969915e+28,1.0000896088723714
800118299703.395,8.222615388896221e+26,1.0000019532425968
5763129.17641927,4.2223608979659784e+16,1.0
16495580.055418346,3.4405957485326976e+17,1.0000000000000009
243194412009.63913,7.501152853502557e+25,1.0000001781862653
545041235490.0623,3.7818506143507945e+26,1.0000008983603592
259839684858.4979,8.658714675707935e+25,1.0000002056835877
7893370.564076574,6.917912440405906e+16,1.0000000000000002
541077541211.3277,3.7774363722527226e+26,1.0000008973117773
18222860.709016483,4.6651080352928646e+17,1.000000000000001
11553429.123197826,2.1815471207810115e+17,1.0000000000000004
14069752.435342962,2.5593779296413862e+17,1.0000000000000007
374517892019.59595,1.9484410711537074e+26,1.0000004628427717
14122767.511270529,2.594426331997891e+17,1.0000000000000007
17376772.78949443,4.3281640248866605e+17,1.000000000000001
2212108569.8089004,1.2528843105148684e+22,1.0000000000297617
16684781.528568396,4.93451522872553e+17,1.000000000000001
16625208.830542637,3.9362611203410944e+17,1.0000000000000009
336717493918.3117,1.4613709069374702e+26,1.0000003471416052
15488227.322741002,2.0719889127019158e+17,1.0000000000000004
314214430969.62067,1.2650121124330577e+26,1.0000003004975213
759723573060.4717,7.552790675807424e+26,1.0000017941289694
521407255249.0473,3.5465935259547676e+26,1.0000008424761735
394625830883.9835,2.0090157205793014e+26,1.0000004772319873
11352289.227942746,1.1765001912731078e+17,1.0000000000000002
8530177.450562496,9.637181697228942e+16,1.0000000000000002
22318961.549135596,6.812003992079204e+17,1.0000000000000016
656760983380.9167,5.93262909829785e+26,1.0000014092674068
7468895.540687483,7.525109805342464e+16,1.0000000000000002
30519578.968880456,4.68211723870882e+17,1.000000000000001
24630769.39751321,3.61660899631423e+17,1.0000000000000009
21761888.504640892,6.12957701847237e+17,1.0000000000000013
10775738279.4129,1.4727452216521711e+23,1.0000000003498435
6684046.221475192,4.4099977328067896e+16,1.0
26701129377.493614,9.104849460341451e+23,1.000000002162813
14789277.411605027,2.76147869385073e+17,1.0000000000000007
1305761347744.7476,2.3449393261284305e+27,1.000005570290184
2077518925671.936,5.50809173897867e+27,1.0000130842060624
361048301733.2453,1.822887015950119e+26,1.000000433018012
39031440049.02128,1.9723196810506696e+24,1.0000000046851503
68111868672.866745,1.1215551747749558e+25,1.0000000266420017
1939743743812.301,5.228588776209689e+27,1.0000124202602652
11307480.421022331,1.6751081227794038e+17,1.0000000000000004
13166061.522290971,2.2050331193231846e+17,1.0000000000000004
7738556.504468023,8.674747444943666e+16,1.0000000000000002
18941107.694949098,5.097882801279354e+17,1.000000000000001
380865298463.3852,1.8533243033519343e+26,1.0000004402482428
16226368.447696721,3.3158741933604256e+17,1.0000000000000007
1147866723119.4043,1.6744616454270524e+27,1.000003977602816
1399471945873.3638,2.4142139182737516e+27,1.000005734848634
31954932.250184808,6.381099702161971e+17,1.0000000000000016
4603015.628744247,2.6864783266642276e+16,1.0
13984994.393690532,2.1867110981825136e+17,1.0000000000000004
36913977.59994644,7.406320543448065e+17,1.0000000000000018
6515343.557088148,5.185607700514909e+16,1.0
7997189361587.086,1.6332854809546964e+29,1.000387979082487
22853191.44046252,5.787410635962513e+17,1.0000000000000013
4632384.980499043,1.437500790381263e+16,1.0
10061168.896639744,1.3013259298021822e+17,1.0000000000000002
11240000.031406937,1.9534089769979974e+17,1.0000000000000004
637432780633.263,5.1938530699298866e+26,1.000001233774727
13629925.001220746,2.519458057976534e+17,1.0000000000000007
27781252.08285972,5.092851193529427e+17,1.000000000000001
22993577.714933403,6.60092091349759e+17,1.0000000000000016
1073136594688.3042,1.4643008625820993e+27,1.0000034783760203
2066386056050.1445,5.469192286169575e+27,1.0000129918022898
599897306415.3846,4.607134533403427e+26,1.0000010944025708
605531957.7199241,1.5819223461675398e+20,1.0000000000003757
264956643032.59656,8.945490377250571e+25,1.000000212495806
175340405214.13242,3.955661978951671e+25,1.000000093964841
13276929.655516578,2.2322328331469818e+17,1.0000000000000004
463277703258.5349,2.743208584947291e+26,1.0000006516359585
42124798.662026264,1.8209372861908196e+18,1.0000000000000042
2711616742927.267,9.380355856369417e+27,1.0000222825825673
14221716.320401603,2.6915712351484717e+17,1.0000000000000007
1395480148279.8044,2.50504605905437e+27,1.0000059506160002
17436040.963581104,3.7385072358202e+17,1.0000000000000009
18898294.81947321,4.4789148615530643e+17,1.000000000000001
98769868708.35841,1.2520301592751176e+25,1.000000029741372
15994775.714112308,2.903769897682169e+17,1.0000000000000007
7167533.961010367,6.784072425020203e+16,1.0000000000000002
8752840.43655495,9.86821660522683e+16,1.0000000000000002
411704465078.70966,2.1542450040391694e+26,1.0000005117305026
17861518684.824673,4.067996106855658e+23,1.0000000009663328
1939704369632.2512,4.806495024024175e+27,1.0000114175969306
9870733.353193477,1.2969816203238728e+17,1.0000000000000002
24415697.07089742,4.0674722972101005e+17,1.0000000000000009
18435636.34837954,4.604716165941275e+17,1.000000000000001
1931635870.3615987,2.8184432550505197e+21,1.000000000006695
66005208602.933235,5.780366160729225e+24,1.0000000137309808
192963272356.38605,4.743240942911135e+25,1.000000112673399
10707927.606511582,1.3050316209169035e+17,1.0000000000000002
60175457.551730745,5.169450722233558e+18,1.0000000000000122
3373109433.5140343,1.4574886639245652e+22,1.0000000000346219
604060149518.821,4.6643362035144657e+26,1.0000011079905513
16434599325.494242,3.502770281469357e+23,1.0000000008320662
1081973357677.4231,1.5256469759706702e+27,1.0000036241007517
18227578.302205965,4.229022060169309e+17,1.0000000000000009
10845580.339875706,1.3460435913881493e+17,1.0000000000000002
13002497.651724271,2.0766068701013427e+17,1.0000000000000004
23582144.142992675,7.113920006299899e+17,1.0000000000000018
15712583.166128987,2.891357317642336e+17,1.0000000000000007
14409203.154063335,2.6283513404825686e+17,1.0000000000000007
461247482943.9209,2.718761677467194e+26,1.0000006458287136
83741468000.0834,8.985466583958576e+24,1.0000000213445421
1935769878005.7727,5.340982979518027e+27,1.00001268724727
12050142.54677748,1.8857949865220112e+17,1.0000000000000004
125656478.18485369,1.7806520818292148e+19,1.0000000000000422
8140041.640839267,8.499221619381128e+16,1.0000000000000002
309529278290.95105,1.218209987393344e+26,1.0000002893799025
76460609597.62787,7.578215290179625e+24,1.0000000180016846
132855997727.73709,2.2566220516851297e+25,1.0000000536049676
84803322057.0729,9.743386482754564e+24,1.0000000231449442
2462436017.9316425,1.3541303635886612e+22,1.0000000000321667
19153944.261486594,4.7145727507061645e+17,1.000000000000001
809864298221.9583,8.324047353722647e+26,1.0000019773372706
1783023206129.9214,4.077433613499967e+27,1.00000968574674
1732829352991.197,3.8548729847857935e+27,1.000009157064709
8972615.960355971,1.1072430069793274e+17,1.0000000000000002
493742729.41135806,2.960104310291627e+20,1.0000000000007032
27370466.088040434,9.627805653065267e+17,1.0000000000000022
554960419.6952602,3.866202144616342e+20,1.0000000000009184
14870772.147516606,2.8068211028635843e+17,1.0000000000000007
9463967.466270022,1.1393296404516867e+17,1.0000000000000002
2116218976864.6743,5.721170263536153e+27,1.0000135903638125
13074780.278640777,2.1102581805966768e+17,1.0000000000000004
23979895476.552063,6.314435912195011e+23,1.0000000014999637
33956551019.140182,1.4801619330928466e+24,1.0000000035160532
4186639375832.249,2.271606728621795e+28,1.0000539609213832
444641421151.2965,2.585211939622607e+26,1.000000614104618
21322546.636176538,5.973624040688219e+17,1.0000000000000013
346886328728.9627,1.5454318969938022e+26,1.0000003671098876
6088216.41530393,4.6840813256863704e+16,1.0
6576201157.185438,3.7339114694743035e+22,1.0000000000886973
630655723728.2245,5.0664766636181475e+26,1.0000012035170767
30445783011.403755,1.2241251700933666e+24,1.0000000029078502
5571107.449388835,4.002129900550487e+16,1.0
9536311.171417926,6.946425241674094e+16,1.0000000000000002
521690827386.29504,3.553104038373498e+26,1.0000008440227142
41803388228.72053,2.2278286934938627e+24,1.0000000052920994
519017453770.34076,5.304500315122479e+26,1.0000012600584463
2213985125020.8965,6.274067501394626e+27,1.0000149037445139
12265254.627658382,1.828681362118447e+17,1.0000000000000004
37558097.15512893,1.8408904082540966e+18,1.0000000000000044
6547743161.533784,3.5229038806465035e+22,1.0000000000836848
18112023.57386431,5.081839698423721e+17,1.000000000000001
20644469039.27334,5.435002509155604e+23,1.0000000012910586
31578064.037611555,1.740574909926044e+18,1.0000000000000042
12985354.74044478,2.1364047237093334e+17,1.0000000000000004
9498849.876490463,1.0882218006106494e+17,1.0000000000000002
4944670378.671552,3.127001000652828e+22,1.0000000000742804
10870912.057957532,1.3327612580043061e+17,1.0000000000000002
36224434178.87308,1.6641066206511197e+24,1.000000003953005
14075234.961080955,2.232203417282085e+17,1.0000000000000004
9714553.898346951,1.32357323867892e+17,1.0000000000000002
6134547869708.914,7.3298396570737755e+28,1.0001741168030995
15905208.345349304,3.1813074764685766e+17,1.0000000000000007
17982841.689945206,4.253230526245744e+17,1.0000000000000009
598728268.161992,4.407899364992937e+20,1.0000000000010472
1139974835995.4219,1.6516289067420607e+27,1.0000039233647473
13152119.756232599,2.4323648846789315e+17,1.0000000000000007
829136115872.6097,8.740723213988647e+26,1.00000207631661
714376851724.3578,6.485392786490371e+26,1.0000015405737528
68843214881.51482,6.034146017304626e+24,1.0000000143338226
1304681540080.686,2.1875427689469366e+27,1.0000051964022596
11659038.105924454,1.7305185598081005e+17,1.0000000000000004
522266785476.07263,3.5302421828483355e+26,1.0000008385919907
15727619.099474255,2.3011322836540394e+17,1.0000000000000004
692221712559107.6,1.0358753989672852e+33,3.4606720107944255
22061980357.523544,6.201812542656654e+23,1.0000000014732107
19742499.20524284,7.655232617069714e+17,1.0000000000000018
492506007.2112036,3.333033480154801e+20,1.0000000000007918
225192903.6235899,4.207189651390935e+19,1.0000000000001
598541715264.4141,4.6647830362912444e+26,1.0000011080966944
13019784.37048228,2.2372170757283462e+17,1.0000000000000004
86683454.41061527,5.325876188740396e+18,1.0000000000000127
111521657293.00883,1.6008506864010115e+25,1.0000000380274354
605130113245.5603,4.6708785736447096e+26,1.00000110954466
96176978226.51479,1.0197303516499507e+25,1.0000000242232023
32957152.787356924,1.3765894276451976e+18,1.0000000000000033
107443199306.43593,1.5386977360920149e+25,1.000000036551022
9689186.569185793,1.1162607268086866e+17,1.0000000000000002
45904789.07908728,2.924327062400321e+18,1.0000000000000069
845762711056.1715,9.254292184653535e+26,1.00000219831244
1209350749385.496,1.8862486557085368e+27,1.0000044806926365
48338711461.49144,3.281661429882205e+24,1.0000000077954283
188410368010.75467,4.494001156904181e+25,1.0000001067528284
903754338715.5453,1.0509314909727396e+27,1.0000024964370307
807579786334.7295,8.415735209234173e+26,1.000001999117278
7048330355212.018,6.351845474359297e+28,1.0001508850233458
10867047.9190396,1.489619881562957e+17,1.0000000000000004
3499556268887.751,1.5615751059733412e+28,1.000037094462904
647087919256.1727,5.354646415335778e+26,1.0000012719704103
8796683.74887291,1.0830325637580139e+17,1.0000000000000002
657665416298.2548,5.535251046606432e+26,1.0000013148721687
8891633.857719779,9.478519158370638e+16,1.0000000000000002
13518704.496461155,2.4016362923869296e+17,1.0000000000000004
358323886624.64514,1.6692078806316723e+26,1.0000003965122752
50470087.34060865,2.820069587762215e+18,1.0000000000000067
37125798.81756891,1.7772961835230508e+18,1.0000000000000042
17199920.802756198,3.674626464181312e+17,1.0000000000000009
146233475965.27005,2.7277458436487243e+25,1.000000064796286
235965220392.53442,7.318384207405816e+25,1.0000001738446844
12919239.71698213,2.2912416026310938e+17,1.0000000000000004
2794722428511.49,1.0075971448552604e+28,1.0000239349838307
15994634.004628297,3.971310887969321e+17,1.0000000000000009
13641036.922405416,2.3932240473522086e+17,1.0000000000000004
170929725897.26404,3.7295519963156234e+25,1.0000000885937075
529403626220.6431,3.6371364788123586e+26,1.0000008639842148
7437944.234581396,7.076679241185703e+16,1.0000000000000002
1175039520221.9265,1.7623045970297154e+27,1.0000041862695077
13058599.999437353,2.302317482295862e+17,1.0000000000000004
403449468178.6741,2.090393297275421e+26,1.000000496562838
364236492677.0674,1.7162916659854906e+26,1.000000407696801
441167313683.37805,2.4976370938246794e+26,1.000000593301636
5468781.631973799,3.6958698224788296e+16,1.0
8465337611127.104,9.190336452957588e+28,1.0002183120064645
10722283.058625864,1.5731351528146608e+17,1.0000000000000004
1023774036.059769,1.1599238641427736e+21,1.0000000000027554
502156948225.34265,3.2094956075872875e+26,1.00000076240019
1538146758882.0244,2.9930514634837856e+27,1.0000071098492833
15515570.728480663,3.397686530901441e+17,1.0000000000000009
9950220.720186817,1.2657964789489334e+17,1.0000000000000002
235218871040.55893,7.0484535499643305e+25,1.000000167432612
21489546.30059898,6.011209259825126e+17,1.0000000000000013
131081348522.57138,2.265197399980475e+25,1.0000000538086709
13283708241.229635,3.0962340259167994e+23,1.0000000007354954
254541627242.90894,8.28753526304955e+25,1.0000001968663998
14174833.71857475,2.3461859597740144e+17,1.0000000000000004
660486180443.5488,5.5776018469854734e+26,1.000001324932397
268262683260.25137,9.160806518468513e+25,1.0000002176105371
390217521849.1086,1.942480491844958e+26,1.000000461426865
2373280137331.7573,7.248116687240103e+27,1.0000172175513398
180725811854.39133,4.169215717642994e+25,1.000000099037707
11683636.688238077,1.6812540684565347e+17,1.0000000000000004
608702587602.4005,5.063803666314061e+26,1.000001202882119
14070071.305768138,1.476516624921296e+17,1.0000000000000004
5913440701569.716,8.713926007307848e+28,1.000206995106281
565140445884.2161,4.078800003122824e+26,1.0000009688992533
3250938856782.645,1.3685622455098944e+28,1.0000325095355669
104989699.06466979,1.1933644207409881e+19,1.0000000000000284
35218573281.60819,1.5172225075337285e+24,1.0000000036040888
72829990639.3001,6.751457653293309e+24,1.0000000160377618
113916434343.6391,1.7027467364823103e+25,1.0000000404479268
13750658.217363713,2.8408954800051344e+17,1.0000000000000007
18163384.89821966,3.432476292932026e+17,1.0000000000000009
12822118.105598537,2.0846647114427146e+17,1.0000000000000004
25750275.05430605,4.969088605644052e+17,1.000000000000001
8644933.827184627,1.0155073029783883e+17,1.0000000000000002
508803596694.8774,3.3135116534331375e+26,1.0000007871086996
8858672.240746623,8.6920503653227e+16,1.0000000000000002
6475793.515419493,2.031640128250482e+16,1.0
12460606.644467145,2.131461900221004e+17,1.0000000000000004
8857079236105.916,1.001887069206416e+29,1.000237993437399
17282349.314939555,3.7670804251845984e+17,1.0000000000000009
46591363.320940964,3.018373295679735e+18,1.000000000000007
814560863545.4392,8.529237107869648e+26,1.0000020260791063
6099715.644054805,4.642080648683774e+16,1.0
175916214.35472718,4.190162948637701e+19,1.0000000000000995
230579522.3248403,4.439552390010746e+19,1.0000000000001055
23126530.12806136,3.4148630058613574e+17,1.0000000000000009
5628379713485.47,4.033658953743601e+28,1.0000958176214867
375695469505.0525,1.8001153768867547e+26,1.000000427608719
6214618003252.039,4.922779997162832e+28,1.0001169382627138
12795253.116008708,2.079688476518854e+17,1.0000000000000004
12513737.448618641,1.8969422711439123e+17,1.0000000000000004
2761226668.285259,9.724406435149305e+21,1.0000000000230997
3905628437.7609153,1.567912936796666e+22,1.000000000037245
6359189747129.813,5.2077099062057875e+28,1.0001237066351736
369226809084.1864,1.8370746674206764e+26,1.00000043638822
15070423.98243846,2.879777631470784e+17,1.0000000000000007
118720838011.97424,1.869227975517734e+25,1.0000000444026083
9919999.873200173,1.1551817885276648e+17,1.0000000000000002
306294033784.0575,1.1975119638199266e+26,1.0000002844631868
364377143757.859,1.6918013134206213e+26,1.0000004018792361
5939489295725.498,4.488912738853459e+28,1.0001066319554108
8827805.245770842,8.79805458657792e+16,1.0000000000000002
4291402309911.3965,2.3731722434474214e+28,1.0000563735611645
12991867.93649049,2.2991774158444397e+17,1.0000000000000004
352963669162.0569,1.581873905385845e+26,1.0000003757665108
3781273362599.08,1.8342043690458793e+28,1.0000435706394561
1673885377246.5388,3.597875063289388e+27,1.0000085465785513
168390724984768.72,5.532377135164834e+31,1.131418948487733
20615367.51021305,5.181605270474394e+17,1.000000000000001
21324148.017297227,5.2815300378844646e+17,1.0000000000000013
1448001836.0956018,2.6849585483116713e+21,1.000000000006378
6683182.601637663,5.604457379966852e+16,1.0000000000000002
7011328.965063799,2.7252560526257108e+16,1.0
10641074.097100373,1.4319495962933669e+17,1.0000000000000002
21972721.76710341,3.0386805217425786e+17,1.0000000000000007
32609924084.355995,1.3910190501331297e+24,1.0000000033042986
4169927228332.2466,2.229804000479118e+28,1.0000529679177534
10708442.412502753,1.4395358440194213e+17,1.0000000000000002
39993122.911901645,3.2537364921358653e+18,1.0000000000000078
9875701.731192462,1.0313675399763579e+17,1.0000000000000002
817175288715.9156,9.876483043884217e+26,1.0000023461108754
2544070759185.6484,8.264483661141132e+27,1.0000196318820285
20495141.5953838,7.158189347487252e+17,1.0000000000000018
11654301.460112166,1.680500031722717e+17,1.0000000000000004
3591446272152.748,1.6505551600558013e+28,1.00003920814114
10555748.356615046,1.4882520927460605e+17,1.0000000000000004
346475267409.49365,1.5288595536630393e+26,1.0000003631732075
24323799.59489724,7.570525438533697e+17,1.0000000000000018
23755618.641029496,5.893920426253046e+17,1.0000000000000013
673779307808.9015,5.7899649494681884e+26,1.0000013753782269
25766718.70657332,5.018946568454383e+17,1.000000000000001
336529556495.1826,1.439844250501889e+26,1.0000003420280519
22552958.356300496,6.787819953895269e+17,1.0000000000000016
370049290326.9987,1.7500307535803096e+26,1.0000004157113584
36594643.293789186,7.607180302675867e+17,1.0000000000000018
540994576490.1923,3.7217600091821615e+26,1.000000884086126
7780485.078783556,7.712017243292459e+16,1.0000000000000002
421122642.6828738,2.3085071253026495e+20,1.0000000000005485
13614375.99472873,2.4679598393658003e+17,1.0000000000000007
7451933.134835016,7.845972295705222e+16,1.0000000000000002
2090643087616.1672,5.591428863435656e+27,1.000013282169379
221238315154.58963,6.1779025594258e+25,1.0000001467530935
17861818.25206014,2.5198636740905197e+17,1.0000000000000007
11479060.6747049,1.5086713091852458e+17,1.0000000000000004
1114129221474.5664,1.2043095311576564e+27,1.0000028607791618
9782106.509510852,1.1674843456689637e+17,1.0000000000000002
127872501411.9524,2.104532708183685e+25,1.0000000499921586
1630391489621.0652,3.420040802359829e+27,1.0000081241418481
90373603.81339596,9.746097533501243e+18,1.000000000000023
12805699.31705126,2.0790160304802675e+17,1.0000000000000004
2241840642101.297,6.500077097863113e+27,1.0000154406194013
367285629820.2405,1.7112038736999336e+26,1.0000004064882206
4745678574702.341,2.8826101023310407e+28,1.0000684750116076
13667132.026046064,2.8298537731617405e+17,1.0000000000000007
167603762.2322264,2.0457744723037544e+19,1.0000000000000486
296242636418.1194,1.1237244259176368e+26,1.0000002669353134
6293594.242604389,4.9097375364595784e+16,1.0
167947081.64578086,3.5767589361661723e+19,1.000000000000085
34131731.43671033,1.5251181748721073e+18,1.0000000000000036
297703875177.09875,1.1482520967250682e+26,1.0000002727617432
84740985867.00116,9.427520612476784e+24,1.0000000223946202
7641478.983683923,7.641628361395051e+16,1.0000000000000002
176079932412.85938,4.214139120031542e+25,1.0000001001048406
1248960895465.7202,1.9836783179569938e+27,1.0000047121320965
35281387467.33291,1.461983389602371e+24,1.0000000034728709
11566894.4127144,1.573457373517852e+17,1.0000000000000004
94142264715.45871,1.3567650873591232e+25,1.0000000322292997
21779197.54506507,6.261843272665245e+17,1.0000000000000016
314564863.5868286,1.2316104769300398e+20,1.0000000000002927
593205364743.6416,4.4667104131061984e+26,1.0000010610454988
472977416643.1558,2.856099233445632e+26,1.0000006784525872
80391627664.20647,8.280151550023402e+24,1.0000000196691003
2406008441187.619,7.406319425017247e+27,1.0000175933543072
616544311488.7767,4.862362072317467e+26,1.0000011550306407
731854389398.4943,6.855563773007447e+26,1.000001628506084
244124251998.01218,7.762393718848204e+25,1.000000184391916
13131290.790003287,2.5671181500557194e+17,1.0000000000000007
11800037.008104103,1.7641044509914122e+17,1.0000000000000004
21604369.894258197,3.12089144219058e+17,1.0000000000000007
11293229.379091915,1.609895949110931e+17,1.0000000000000004
15730861.677695857,2.646276064164763e+17,1.0000000000000007
9215076.583865697,1.067262995161002e+17,1.0000000000000002
65263421.30023047,5.425361845493917e+18,1.0000000000000129
39068034.5334064,1.3572729821012298e+18,1.000000000000003
182886820.9703206,3.6319701757741425e+19,1.0000000000000862
10342895.086051181,1.5129883961641078e+17,1.0000000000000004
13453647.352096558,2.144717725454417e+17,1.0000000000000004
64063686285.313385,5.776069617083197e+24,1.0000000137207745
2330379778.074716,6.903253375789175e+21,1.0000000000163984
11859393.695818303,2.010980710863182e+17,1.0000000000000004
4241372.940362928,1.9507551638179064e+16,1.0
26262699.522147063,1.2296918317930376e+18,1.0000000000000029
4013625891202.7285,2.0584288189389654e+28,1.000048896983035
9457101.632800894,1.1707444349475819e+17,1.0000000000000002
141045127747.9253,2.5296572441950695e+25,1.0000000600907868
8761897.2697992,9.91971699914977e+16,1.0000000000000002
17658873.027154397,4.0751253904962054e+17,1.0000000000000009
207888810972.09933,5.681626830457875e+25,1.0000001349643028
258078760484.29416,8.143318901503909e+25,1.00000019344061
20903918.099409994,5.3470950345001165e+17,1.0000000000000013
187882937026.1531,4.5274876848802686e+25,1.0000001075482847
405561172537.11316,2.103046810447033e+26,1.000000499568619
1202806613365.7817,1.8374262690142464e+27,1.0000043647174135
32460850315.74393,1.3501244021626074e+24,1.0000000032071554
6334153324587.348,5.109019164487507e+28,1.00012136228424
12615517.574126305,2.1042962863837014e+17,1.0000000000000004
13656002.741136108,2.6398889478826688e+17,1.0000000000000007
7624691.946918655,8.462245387381422e+16,1.0000000000000002
664064899003.0343,5.625292123014993e+26,1.0000013362609916
753782610133.344,7.216512583691885e+26,1.0000017142477318
20744821.008691598,5.39372270332155e+17,1.0000000000000013
1037842759455.8313,1.370971752915524e+27,1.0000032566772252
12022884.337701334,1.9293583984026707e+17,1.0000000000000004
8778860.046163619,1.0110464166659333e+17,1.0000000000000002
459938596.72386485,1.3941913525142662e+20,1.000000000000331
14561115.433817547,2.636874903216278e+17,1.0000000000000007
2144718650.2262988,1.1319511291533854e+22,1.000000000026889
13492931.567936184,2.279775599262832e+17,1.0000000000000004
21314722.070356894,5.958657397437194e+17,1.0000000000000013
66868771395.564644,1.134225713098525e+25,1.0000000269429843
31062301157.926136,1.2485063284174892e+24,1.0000000029657665
20963482.255551815,5.5549229219548e+17,1.0000000000000013
17728149.28780874,3.6750726144152294e+17,1.0000000000000009
2191134843874.232,6.129521937744465e+27,1.0000145603835044
4051402.3287637755,1.2277395418843892e+16,1.0
65880722.109971695,4.419504252578196e+18,1.0000000000000104
1817217748620444.0,3.726799728520525e+33,9.852832870583828
42198124410.57695,2.3732811340144896e+24,1.0000000056376148
70824200785.93546,6.372699501671927e+24,1.0000000151380402
346090555947.479,1.5227171900407494e+26,1.0000003617141187
1148254431510.751,1.73912438356605e+27,1.0000041312060295
17732860.113862403,3.1135315233697555e+17,1.0000000000000007
3783769385211.836,1.8280826162386487e+28,1.000043425220173
228774874415.00168,6.755227956959402e+25,1.0000001604671795
2832273862733.669,1.0226527947157444e+28,1.000024292623526
10501954.136590613,1.2985836585885918e+17,1.0000000000000002
10830011.539828181,1.382935244768574e+17,1.0000000000000002
7911643.629938877,8.76976264009231e+16,1.0000000000000002
364700529915.4376,1.7027959111682475e+26,1.0000004044909496
240445149382.97424,8.6076862642408e+25,1.0000002044714325
12844679.80896456,2.4652680299117427e+17,1.0000000000000007
14436250559.19118,2.6443687881357532e+23,1.000000000628157
182645829765.60645,4.247038161482181e+25,1.0000001008863415
93626540011.58156,1.1204863331238866e+25,1.000000026616612
12910770.284547389,2.0332904275823187e+17,1.0000000000000004
6921076073.31361,1.0087298960131784e+23,1.000000000239619
367622472852.6147,1.7234108990761913e+26,1.0000004093879404
1340996038.9140816,4.4311297840845223e+21,1.000000000010526
13797980.41174789,2.3223645853941325e+17,1.0000000000000004
163909050464.40158,3.534810880943645e+25,1.0000000839677263
5312874.73499847,2.051368290578317e+16,1.0
11678416.142027665,1.742625164614843e+17,1.0000000000000004
21574421.792448107,5.939982317941741e+17,1.0000000000000013
623826563766.5868,4.959731184470841e+26,1.0000011781602034
316074981168.5274,1.386190229051162e+26,1.0000003292827981
424614746483.7455,2.3057373822052027e+26,1.000000547716786
5192096270.814011,3.6170111104846863e+22,1.0000000000859204
922979706624.9615,1.0837576677986333e+27,1.0000025744140293
656346833149.9868,5.498593657341791e+26,1.0000013061643829
3468452.114787994,6851472004061207.0,1.0
10921547.771897618,1.7621798279150784e+17,1.0000000000000004
32063388596.27012,1.3467333707993513e+24,1.0000000031991
111691467923.64305,1.7206244652590352e+25,1.0000000408726037
10786734.08903819,1.8278597085523894e+17,1.0000000000000004
30354053.425205056,1.1818672367443459e+18,1.0000000000000029
1704627690205.6743,3.713356316186126e+27,1.0000088208986935
2746508656600.937,9.649621747109762e+27,1.000022922210694
11335507.91186512,1.5074777224727654e+17,1.0000000000000004
19751007.460865915,5.131396049751523e+17,1.000000000000001
7436238.462561588,7.736552596224462e+16,1.0000000000000002
17629973.532615196,3.9117610670439245e+17,1.0000000000000009
6933023.799094079,6.219130188582135e+16,1.0000000000000002
13141666.48229055,2.188239060611986e+17,1.0000000000000004
6039364.557729326,4.641033970621937e+16,1.0
633988584407.3527,5.221031727332994e+26,1.000001240230886
6756074.679474226,6.238123193735804e+16,1.0000000000000002
135153429481.647,2.313443584029761e+25,1.0000000549547357
2967904757708.8125,1.4383421448062886e+28,1.0000341671233934
5130613.830036461,3.25960693069178e+16,1.0
579561396398.8868,4.2988420733052625e+26,1.000001021169185
17735965.1329294,5.6065316477313363e+17,1.0000000000000013
10641000.281528044,1.4058739345460981e+17,1.0000000000000002
246239354707.2287,7.732806313373567e+25,1.0000001836890815
23478088.832758337,6.770128867704237e+17,1.0000000000000016
936825862487.1947,1.1291200350808212e+27,1.000002682170143
8623619769546.292,9.532425743236252e+28,1.000226438172436
6022084.90720969,3.4253121652227884e+16,1.0
10257565.173537087,1.2675880561329899e+17,1.0000000000000002
4051507.6724741366,2.0296289714746532e+16,1.0
330821757235.1978,1.4056150964119111e+26,1.0000003338970815
24304251.90667533,3.714464580690932e+17,1.0000000000000009
788429419.6527704,6.777410332157812e+20,1.0000000000016098
4971016517684.399,3.166405309001041e+28,1.0000752164297604
22694260990971.938,1.3111614577582233e+30,1.003114600755993
91829232.22720963,4.746291588812809e+18,1.0000000000000113
639639900.0895125,3.3560980025284107e+20,1.0000000000007971
2007117499920.6995,5.15750090843476e+27,1.0000122513944667
593813895861.2188,4.490657832074005e+26,1.0000010667340926
282612558386.69586,1.0709638906496369e+26,1.000000254402303
16556858898.539988,7.022427499805746e+23,1.0000000016681438
21314051.596639305,4.9693112504439814e+17,1.000000000000001
21146321.906235434,4.77277944318351e+17,1.000000000000001
1375381303.818617,2.2982082170523387e+21,1.0000000000054592
4539383947.157945,2.6397261383294295e+22,1.0000000000627054
356217757461.3269,1.6103959404700645e+26,1.0000003825417827
826329044490.0436,8.743896006954915e+26,1.0000020770702915
24814491.404006574,8.158075100786634e+17,1.000000000000002
613156616706.7338,4.814773295050454e+26,1.0000011437261564
146305644929645.4,5.401999075339066e+31,1.1283218806072255
410329720312.8441,2.1960416824972713e+26,1.000000521659102
15697191.793196369,3.1668651031304326e+17,1.0000000000000007
207318107087.27365,5.499639025894412e+25,1.0000001306412705
19696720.44267722,2.7247029396273757e+17,1.0000000000000007
10828664.952743188,1.5290630732480794e+17,1.0000000000000004
22126118.258063205,6.274147183539882e+17,1.0000000000000016
352810229498.64923,1.5875275881131014e+26,1.0000003771095158
1446234882837.428,2.997559505556566e+27,1.0000071205579197
578900867.5603576,4.106503822526095e+20,1.0000000000009754
1448131940433.3591,2.9582880376852785e+27,1.0000070272704433
16705841.674922884,3.494473113541428e+17,1.0000000000000009
1053528468111.8147,1.4095723290704684e+27,1.0000033483710307
754709386722.1185,7.266397988312594e+26,1.0000017260977687
8663235.960050892,1.0161539239799136e+17,1.0000000000000002
13369685.845386708,2.281426406188962e+17,1.0000000000000004
423417949402.23285,2.2633911674337975e+26,1.0000005376576468
69030791481.39386,6.081426791124047e+24,1.0000000144461358
82724122259.68814,9.249964851339126e+24,1.000000021972845
83751119490.13423,8.915267828670524e+24,1.0000000211777884
1092114353781052.2,1.5055931134520814e+33,4.576463769300672
1622580770178.3237,3.364664766696658e+27,1.0000079925987482
10893287.422539152,1.5414849253485606e+17,1.0000000000000004
254228943163.086,8.41153496415092e+25,1.000000199811953
11124772.3271582,1.5533294578580624e+17,1.0000000000000004
11995083.872164913,1.8508098578089094e+17,1.0000000000000004
61557180.028114714,6.464465104852578e+18,1.0000000000000153
168210204753.30502,3.8307838726345238e+25,1.000000090998422
345620763391.51685,1.504557766596767e+26,1.0000003574004352
9348431.363350544,1.1089379025993765e+17,1.0000000000000002
17510296.970314313,2.647386472533381e+17,1.0000000000000007
50844094137.869576,3.340922870539229e+24,1.000000007936201
381733885780.615,1.8658066049570692e+26,1.0000004432133531
14506992.148541844,2.084804647856805e+17,1.0000000000000004
7907589.455121757,8.447615821648998e+16,1.0000000000000002
229508954657.31024,6.937685954248273e+25,1.0000001648013812
24170921.241874184,7.855497048912411e+17,1.0000000000000018
1414125051516.1995,2.555441869334024e+27,1.000006070328815
2820208186.5134163,9.811224345962212e+21,1.000000000023306
12298266080264.459,1.9261298137496123e+29,1.0004575428402465
8451439.4989219,8.86872849158176e+16,1.0000000000000002
14207489.458778592,2.5571585624320614e+17,1.0000000000000007
1073829720207.1527,1.4733685934207906e+27,1.0000034999159773
578343183496.9865,4.2739171987020316e+26,1.0000010152484013
47161233580.39791,2.835877693081248e+24,1.0000000067364905
448012731710.14246,2.608633587519645e+26,1.0000006196683173
9801566.5677281,1.1668035075995666e+17,1.0000000000000002
700538771750.8684,6.23665634087668e+26,1.0000014814876108
647478963185.7955,5.3403612291500314e+26,1.0000012685770332
19750203.02428344,2.607514528334102e+17,1.0000000000000007
9028800.014924489,1.0377419632043134e+17,1.0000000000000002
30942067.200198773,1.689046481073221e+18,1.000000000000004
12735444.198911715,2.1207805620323818e+17,1.0000000000000004
10036630.997211264,1.1427808718660531e+17,1.0000000000000002
8426087771321.325,9.091070327442933e+28,1.0002159539875666
48891805678.379944,3.199906826245637e+24,1.000000007601224
1395539064.0418222,2.421221421120974e+21,1.0000000000057514
173607896.49522793,2.4094452628417212e+19,1.0000000000000573
16346507.897372982,2.877430377378214e+17,1.0000000000000007
2340092884140.5015,7.04320778251971e+27,1.000016730800127
9979643.447802624,1.2574641213685712e+17,1.0000000000000002
9148548.359474102,1.0781321560058298e+17,1.0000000000000002
4111642.7091251956,1.1022519675788298e+16,1.0
10319072.69247971,8.60583788303472e+16,1.0000000000000002
7377816018599.742,1.3724297806923636e+29,1.0003260140699834
7885232.1371499235,7.442839086012005e+16,1.0000000000000002
323789007113.60315,1.3579560533691027e+26,1.000000322575906
4459113697243.026,3.4551999039532647e+28,1.0000820766059686
12186163.170755517,2.268600845040004e+17,1.0000000000000004
368094625071.5161,1.7243193559296256e+26,1.00000040960374
889355381277.0294,1.0107940564080878e+27,1.0000024010924922
4624264656590.218,2.732817684788887e+28,1.0000649167650304
16545722.420201724,4.4433751017147955e+17,1.000000000000001
8975544956927.648,1.0286815635831882e+29,1.000244358340207
21453101.306647867,6.198886145242075e+17,1.0000000000000016
8426955479847.14,9.138180447735193e+28,1.000217073065735
718029074607.9397,6.595380952337925e+26,1.0000015667009108
10985383.073565817,1.4328090371636992e+17,1.0000000000000002
641591223230.3295,5.283402996811256e+26,1.00000125504688
1184304323.469147,9.071033551455546e+20,1.0000000000021547
6265712.15882943,5.076003202637764e+16,1.0
38821244794.564835,1.9175916325520639e+24,1.0000000045551463
158374042337.27832,3.2546629275905606e+25,1.000000077312947
9299963010793.406,1.1019617987566072e+29,1.0002617657063646
10319075.790297879,1.3607439519101984e+17,1.0000000000000002
894371281607.1438,1.020401534953864e+27,1.0000024239145937
100350516714.2738,1.2867844020951777e+25,1.0000000305669423
9984006.629635429,1.330882983758447e+17,1.0000000000000002
7492172.321194301,7.341699911223766e+16,1.0000000000000002
76267952170.5935,7.433067475373772e+24,1.000000017656893
18600982.943937708,3.206655834525261e+17,1.0000000000000007
20134444.81858313,5.0201522566608e+17,1.000000000000001
13125346.95112088,2.422429284320617e+17,1.0000000000000007
195259775663.42886,4.86599887340744e+25,1.0000001155894545
18632850.312012196,6.690839397360411e+17,1.0000000000000016
6064851.970508752,4.0761368066821416e+16,1.0
31874829019.47915,1.4630203072884282e+24,1.000000003475334
10590012.66165419,1.3584830623267626e+17,1.0000000000000002
667809007300.6263,5.694396635527357e+26,1.000001352676435
340656592494.54474,1.5427954177690112e+26,1.0000003664836048
5796957699641.614,4.340426848115885e+28,1.0001031047447473
292442099.6531405,1.519511115345571e+20,1.000000000000361
8717274.192607457,9.355576534317058e+16,1.0000000000000002
2799758528212.208,9.97900840961297e+27,1.000023704652812
20077597.171977613,5.004407812505782e+17,1.000000000000001
13668010.051407604,2.3932185984074038e+17,1.0000000000000004
196769380932.28714,4.978657442963436e+25,1.0000001182656044
12253117.141580846,1.8212434081428806e+17,1.0000000000000004
11096857.86342005,1.3274064376481088e+17,1.0000000000000002
6316902.011220518,5.655630061923859e+16,1.0000000000000002
322372039725.4425,1.4048118284003769e+26,1.000000333706269
7618310.233058121,7.349659214046989e+16,1.0000000000000002
15368546.270726474,3.1220682597749824e+17,1.0000000000000007
7938479.477919473,8.069648566730422e+16,1.0000000000000002
9322189.782569328,1.1104503793245579e+17,1.0000000000000002
15174391.664050326,2.7626742357337498e+17,1.0000000000000007
12811168.105352543,1.557791310433549e+17,1.0000000000000004
681118281543.9385,5.94893305144418e+26,1.000001413140332
15992760.704671176,3.369742088605324e+17,1.0000000000000009
253406994808.63217,8.266442388414243e+25,1.0000001963653489
52882087051.7286,4.0706490192979704e+24,1.0000000096696302
6785738378335.558,5.87275638651769e+28,1.00013950449331
20512698.455075532,5.107506998864003e+17,1.000000000000001
11295376.296537088,8.132804823850491e+16,1.0000000000000002
15110547950.861233,3.063017628422405e+23,1.000000000727605
804805348840.5765,8.358983980117853e+26,1.0000019856362974
15692497.238560777,3.036970917526106e+17,1.0000000000000007
9722557.855672851,1.202399481501067e+17,1.0000000000000002
3058736856470.738,1.1936503166913552e+28,1.000028354587124
962946487323.8562,1.2804934882944347e+27,1.0000030417504748
6807179734706.215,5.937603303207874e+28,1.0001410449005157
45360977492.75555,2.64540642019987e+24,1.0000000062840353
12415646.669273235,2.011429959484244e+17,1.0000000000000004
10634903.863981793,1.5338415196764598e+17,1.0000000000000004
37733605.66701354,1.8335278576494484e+18,1.0000000000000044
28887568932.44379,1.1298030662801028e+24,1.0000000026837927
6695201469592.319,5.716716715041613e+28,1.000135797846231
13570927.039701926,2.4740184807488605e+17,1.0000000000000007
5292406389748.47,3.5859302356462284e+28,1.0000851820418972
1662992319.8385942,3.478248735062884e+21,1.0000000000082625
11113135.311255908,1.3221998019801202e+17,1.0000000000000002
1102119133.06453,1.561158525734151e+21,1.0000000000037084
326208486698.8038,1.3618762668750432e+26,1.0000003235071337
7052478899443.186,6.351084396680964e+28,1.0001508669443129
7416835.492902305,6.5917439182752056e+16,1.0000000000000002
9071523.952267472,1.0383820314088949e+17,1.0000000000000002
24990405.155106705,8.276137495714301e+17,1.000000000000002
157465776060.04352,3.1527916726931475e+25,1.0000000748930444
11369479.98722927,1.6681711470882538e+17,1.0000000000000004
3692056528465.4614,1.737016329723981e+28,1.0000412619844925
112154129158.46446,1.6167718651416806e+25,1.0000000384056353
1583578122697.7285,3.4478305168042287e+27,1.0000081901549733
7366348.4415299855,5.275370149018924e+16,1.0
26977771.94756523,4.70018381873155e+17,1.000000000000001
17540214.183553036,4.005906276987954e+17,1.0000000000000009
18302828.88016726,3.013948935512488e+17,1.0000000000000007
14498544.721372511,2.600134232862518e+17,1.0000000000000007
93618431252.48103,1.12378472644204e+25,1.0000000266949638
354889337300.4808,1.5814276041508892e+26,1.000000375660494
22420539.856487762,9.502871599884672e+17,1.0000000000000022
1298203018919.7124,2.1514757629196865e+27,1.0000051107268277
7113113.013425718,5.151468525670385e+16,1.0
94922955080245.23,1.5787615760159347e+31,1.0375027192043857
2337744876080.8154,6.970859004075423e+27,1.000016558939096
711430438131.3453,6.462058982347659e+26,1.0000015350309204
450162272705.09937,2.5851520696906734e+26,1.000000614090396
16882932.686832614,3.21164505912627e+17,1.0000000000000007
1216873898907.1436,2.479932519744989e+27,1.0000058909599996
32548136.23530271,1.3401463862448253e+18,1.000000000000003
22633783.192577086,6.607909415843749e+17,1.0000000000000016
11830512.762684047,1.7894996388225238e+17,1.0000000000000004
410938331760.0224,2.1644488024421175e+26,1.0000005141543657
5989397324647.336,4.671440956138088e+28,1.00011096782511
8372375.384936268,9.929046260630822e+16,1.0000000000000002
1579236110214.5776,3.565785415075071e+27,1.0000084703511407
6746432.8139134785,5.326055133343175e+16,1.0
460370013637.63763,2.7690812266331787e+26,1.0000006577818796
16164665.676536225,3.58809861188107e+17,1.0000000000000009
32743690107.310413,1.385286932531894e+24,1.0000000032906822
19369697.67107553,2.43240881388624e+17,1.0000000000000007
77207441070.22217,7.609768013093398e+24,1.0000000180766366
784527777429.0322,7.82372398822562e+26,1.00000185848787
10137601.510332618,1.337169657161867e+17,1.0000000000000002
7087149.106961718,6.464289396739255e+16,1.0000000000000002
31403130766.084515,1.280183243154495e+24,1.0000000030410134
12633267.070171898,2.148525145180447e+17,1.0000000000000004
229571297468.49823,6.7974924179948606e+25,1.0000001614711513
2176574237576.7473,6.643281745324076e+27,1.0000157807951293
13524939.583826533,2.2497753674643645e+17,1.0000000000000004
257045194.05240902,4.685253839483791e+19,1.0000000000001112
1536144343551.6042,3.039656517703577e+27,1.0000072205573403
82393812.83736892,8.738246903685894e+18,1.0000000000000207
68213803617.21774,6.04257100815046e+24,1.0000000143538357
9268699.623299068,1.1318118535503803e+17,1.0000000000000002
162682088559.51956,3.452794783207935e+25,1.0000000820194734
305853891.3932513,1.3271419370056224e+20,1.0000000000003153
26328280952.14799,1.5180445000857635e+24,1.0000000036060415
5843128.616287811,3.7840907725793464e+16,1.0
771309075569.1471,7.621798234373337e+26,1.0000018105213817
14317012.317535238,2.5712497733985846e+17,1.0000000000000007
777818316686.4177,7.739290201111896e+26,1.0000018384310314
19158210.30957263,4.6763467187359245e+17,1.000000000000001
19577414.286572017,5.217496847435308e+17,1.0000000000000013
1858556244532.741,4.407472588501798e+27,1.000010469738395
4555839165699.3545,2.6499091972142584e+28,1.0000629473139262
9785470.526617192,1.2750717400851109e+17,1.0000000000000002
38043784.155320026,1.501003367110246e+18,1.0000000000000036
64855518487.95494,1.0556036121298607e+25,1.0000000250753542
325879391996.38196,1.3591015403618395e+26,1.0000003228480108
781708666405.3307,7.889569613985531e+26,1.0000018741291805
8910073.4083381,1.2994721365813667e+17,1.0000000000000002
13555787.18000301,2.7808554849110163e+17,1.0000000000000007
17691242.97505097,5.394831039288791e+17,1.0000000000000013
6060942.354033998,4.640207873010037e+16,1.0
6921992.538068077,6.3813274677104936e+16,1.0000000000000002
27910772.1550572,1.0414195969494813e+18,1.0000000000000024
1624052532074.6519,3.458218881994152e+27,1.0000082148320335
19951947.81625585,1.8831839008535888e+17,1.0000000000000004
4206241021814.7144,2.2667503345677492e+28,1.0000538455600865
4832319098546.143,2.984277685154086e+28,1.000070890075965
753985176437.2294,7.243559726083197e+26,1.00000172067265
13824978.980285663,3.1180338315499603e+17,1.0000000000000007
8636965.303168382,9.66729401905461e+16,1.0000000000000002
1152590701332.1997,1.7087634457436462e+27,1.0000040590850872
9524506.457642976,1.1320244564725035e+17,1.0000000000000002
12413810.01164596,1.816483768401869e+17,1.0000000000000004
349901646481.2408,1.5578999407481885e+26,1.0000003700716114
9644256.62876762,9.625271915323142e+16,1.0000000000000002
13951031.751381336,2.5197396003056928e+17,1.0000000000000007
637328169840.3522,5.186304280120373e+26,1.0000012319815486
13129835.141317751,2.0864922399228048e+17,1.0000000000000004
369292821942.37177,1.7373354802108424e+26,1.0000004126956576
572535676337.8778,4.174319078967196e+26,1.0000009915893486
582462804548.9451,4.334972521189391e+26,1.0000010297517985
10620852.487238694,1.608848324333945e+17,1.0000000000000004
2025678131.5653458,9.518753906956563e+21,1.0000000000226112
1062459652571.7593,1.430286699470268e+27,1.0000033975770177
5788915.071498195,3.8033186703533496e+16,1.0
967044151009.3767,1.1873675516789832e+27,1.0000028205343074
10210202.317724735,1.3669841411403266e+17,1.0000000000000002
17790563.471979707,3.9132295800135354e+17,1.0000000000000009
6750332.1915411735,6.641609590428815e+16,1.0000000000000002
1632750680017.8855,3.451841172376879e+27,1.0000081996820922
715393886937.8862,6.517466212188789e+26,1.0000015481926403
2990530636290.417,2.202259971111083e+28,1.0000523136226307
2929635515016.407,1.1218195021334459e+28,1.0000266482807953
20620810.253172845,5.534785286484717e+17,1.0000000000000013
8239741.516202959,7.201561050050593e+16,1.0000000000000002
75239943.67746788,9.91657411127174e+18,1.0000000000000235
11375563.745107843,1.6271614908021773e+17,1.0000000000000004
316553702442.9233,1.271844442204274e+26,1.0000003021205084
50946973.57107546,2.578816412236323e+18,1.0000000000000062
17373959.46382735,3.843677630405423e+17,1.0000000000000009
312042329963.9257,1.3655691139303278e+26,1.0000003243843516
241535064.4951059,4.544327790585197e+19,1.000000000000108
5908606.824718973,4.389534442857173e+16,1.0
1944718999427.5542,4.8511950793426523e+27,1.0000115237797542
732620610.151292,4.1473665363462744e+20,1.0000000000009852
93581031.5985141,8.528780194669063e+18,1.0000000000000202
314912225979.6757,1.2827218633643992e+26,1.0000003047043873
840715485043.3241,9.002753993983641e+26,1.000002138560757
72768952121.52028,6.753389363027326e+24,1.0000000160423503
5583589791281.942,6.509833825122573e+28,1.0001546379603605
95381590977.86603,1.228862861030175e+25,1.000000029191044
3686674347603.757,1.8086461949733445e+28,1.0000429635173673
26610892.996198107,8.853668894646714e+17,1.000000000000002
9161023.822836382,1.0804469855438518e+17,1.0000000000000002
4482749.746483427,2.5175337511854628e+16,1.0
137281077720.49072,2.440911237476885e+25,1.0000000579826682
17557011.61349214,3.92802311751372e+17,1.0000000000000009
20231758.134713236,5.3308970408960704e+17,1.0000000000000013
710395975830.3008,6.436622702267424e+26,1.0000015289886548
610449015113.4115,4.787844500527069e+26,1.0000011373293511
32257776349.850445,1.3329609873311413e+24,1.0000000031663845
37188255967.339386,1.778838819937871e+24,1.0000000042255457
156255920.81351468,2.0267005228419318e+19,1.0000000000000482
9620507.086975118,1.4085486404010373e+17,1.0000000000000002
468014399219.52435,2.8083313956288135e+26,1.000000667105568
39895020.06368353,1.4364123121596961e+18,1.0000000000000033
13897605.136890812,2.22818584944532e+17,1.0000000000000004
2325441768763.255,7.584271944662702e+27,1.0000180160719283
256619348311.15707,8.38827902521178e+25,1.0000001992595193
51503983029.45014,3.51981862462521e+24,1.0000000083611593
9392806.53021142,1.1393290592524806e+17,1.0000000000000002
475937519197.4354,2.8769893645812538e+26,1.0000006834149369
339052281887.5376,1.4691970383388772e+26,1.000000349000665
12891136.735522991,2.130479681524465e+17,1.0000000000000004
7808755339353.102,7.788115674653012e+28,1.0001850029286974
13806437.385088973,2.8072224562278976e+17,1.0000000000000007
1289272136108.8586,2.115342425571143e+27,1.000005024893829
32259659235.399075,1.3627762243559287e+24,1.0000000032372092
8099988.52443372,8.809537420491082e+16,1.0000000000000002
318005818995.87744,1.2301310792809835e+26,1.0000002922117004
12297795.780371524,2.1829028178505683e+17,1.0000000000000004
19202870.42577037,3.076691633716141e+17,1.0000000000000007
5138110.764089698,1.2373217719057656e+16,1.0
22112430.444681592,6.429418137436229e+17,1.0000000000000016
5742810.929209039,4.458945856456868e+16,1.0
8545025.57966079,9.458175633692078e+16,1.0000000000000002
27840368.281156316,7.12699088765263e+17,1.0000000000000018
1657723449.6652808,3.4450991173997146e+21,1.0000000000081837
16659922.263210911,3.587278547590656e+17,1.0000000000000009
7776845.566990549,7.276260881032125e+16,1.0000000000000002
381718756936.8192,1.8543733494375957e+26,1.0000004404974385
23834720322.573666,7.545581531913394e+23,1.0000000017924164
14184565.429976357,2.661607254350042e+17,1.0000000000000007
9743282.0152214,7.231300089901424e+16,1.0000000000000002
1713040708526.4321,3.7503874429487755e+27,1.0000089088643476
731654532979.624,6.823959805763959e+26,1.0000016209987141
18937955.571053784,4.5110524838959405e+17,1.000000000000001
7629367.462251496,7.922286110410173e+16,1.0000000000000002
898167862.378517,1.0152637771143208e+21,1.0000000000024116
7303459.856446371,5.645579298821766e+16,1.0000000000000002
541998578.2509738,3.179542667612376e+20,1.0000000000007552
10322134884161.184,1.3577484249532793e+29,1.0003225265847913
4852909481988.41,2.991857372401801e+28,1.0000710701277769
5508945.437324156,4.590364617084435e+16,1.0
14536193.407315586,2.7426098199784845e+17,1.0000000000000007
5792919.078416424,4.434767552678978e+16,1.0
27694990.247669663,1.0671186807982122e+18,1.0000000000000024
19968575.716366585,5.594139850746773e+17,1.0000000000000013
31574661805.976917,2.511798830932276e+24,1.000000005966657
1935221030017.6655,4.726845177097148e+27,1.0000112283925637
2958815900441.3706,1.1214391160027507e+28,1.0000266392449064
6419696875695.463,5.283391372032097e+28,1.0001255044118644
4728102256423.304,2.8414639235969907e+28,1.0000674976039923
14387632.451311756,2.5855506000750733e+17,1.0000000000000007
467892875.6484264,1.742700948499355e+20,1.000000000000414
6945802.988281789,6.088965841788535e+16,1.0000000000000002
414758213258.33984,2.20955027000968e+26,1.0000005248680015
8007660.222045246,7.734662281192981e+16,1.0000000000000002
1181625117.3502975,1.4998965562328372e+21,1.000000000003563
370790623472.1836,1.7461960055393796e+26,1.0000004148004327
2221744109527.2686,6.548106147674864e+27,1.0000155547100908
18478880.29640471,3.922438882173374e+17,1.0000000000000009
22731409473.677616,6.792368308609964e+23,1.0000000016134942
441163160672.74805,2.470004666001049e+26,1.0000005867376862
13731324.928748976,2.595154876537178e+17,1.0000000000000007
2245507708504.9907,6.595873214405436e+27,1.0000156681784524
8873134.986078357,8.06917314939496e+16,1.0000000000000002
661800022951.0413,5.633597923072887e+26,1.0000013382339945
22125664.681910716,6.646771810558522e+17,1.0000000000000016
8550246.248096429,1.3161526097068691e+17,1.0000000000000002
2850507699494.8105,1.048406604121327e+28,1.0000249043928378
17100257.70909571,4.437644031164045e+17,1.000000000000001
7956050.057603117,8.093877845069272e+16,1.0000000000000002
13337986.622678097,1.9707390325987312e+17,1.0000000000000004
24481986.026842665,7.537909536689722e+17,1.0000000000000018
296950648695.6409,1.1323530190060433e+26,1.000000268984994
14068125.889825435,2.6354381586155123e+17,1.0000000000000007
2718826250.638507,4.512159045711507e+21,1.0000000000107183
15304950.444717772,3.0352147593009235e+17,1.0000000000000007
25653887.957148578,8.978971138721588e+17,1.0000000000000022
92229037.34817174,8.004579282840425e+18,1.000000000000019
5443586.849045839,3.933947031644067e+16,1.0
354523945429.44336,1.56097361510651e+26,1.0000003708017478
252869169446.5806,8.184338741502239e+25,1.0000001944150163
1326636273284.2935,2.2412708940413474e+27,1.0000053240308275
355106471381.369,1.610904741751348e+26,1.0000003826626458
27623312.095386054,1.0332683972411432e+18,1.0000000000000024
9553608.9725792,6.645729798687505e+16,1.0000000000000002
6912369.834571156,6.212626570306536e+16,1.0000000000000002
18608614.176622424,4.3638354173753376e+17,1.000000000000001
10650553.697411617,1.4858964196938883e+17,1.0000000000000004
674056912318.2777,5.7802488829982995e+26,1.0000013730702222
740958434319.2137,7.104211886441988e+26,1.0000016875712432
2156646515295.9495,5.934025372352067e+27,1.0000140959908494
33473944937.56456,1.4657428524797918e+24,1.0000000034818013
630075928960.8303,5.073953151708307e+26,1.0000012052930802
98913602.10349657,1.3574607218920483e+19,1.0000000000000322
15489619.683529887,3.101565879478139e+17,1.0000000000000007
116153719992.36075,2.0730431751552742e+25,1.00000004924414
10947713.942502873,1.5269218486436947e+17,1.0000000000000004
18524858.330576498,4.331678042573775e+17,1.000000000000001
64305136.99075653,3.9503911778984305e+18,1.0000000000000093
603592472704.5791,4.6281644702628926e+26,1.0000010993981308
19137799.683807828,6.075922595462679e+17,1.0000000000000013
999215001.9583821,1.1807256666232017e+21,1.0000000000028046
47951639.61084339,2.2679582441729705e+18,1.0000000000000053
18537265.077806123,4.1472584736039066e+17,1.0000000000000009
13296852.22083634,2.310377514523035e+17,1.0000000000000004
611768518103.52,4.821168760516369e+26,1.0000011452453683
13681592.669899052,2.3619211798289366e+17,1.0000000000000004
6509599.281537685,4.750543411676991e+16,1.0
1115876569.3747106,1.1950186220664217e+21,1.0000000000028386
452742811651.37726,2.6368585419982683e+26,1.000000626373019
293089973.695323,7.037162796216974e+19,1.0000000000001672
11982054.87586612,2.2661164088854003e+17,1.0000000000000004
9912185.846802315,1.3356128195936738e+17,1.0000000000000002
1034098686905.5553,1.425120590061977e+27,1.0000033853051742
22835295.24072541,6.775665685898126e+17,1.0000000000000016
4359489.655225985,1.2318228561373246e+16,1.0
13584460.985585205,2.6405115751153427e+17,1.0000000000000007
277018025727.39246,9.758115641852411e+25,1.000000231799327
1194975377336.5,1.812867153322642e+27,1.0000043063784196
2742156945000.3916,9.614036192670287e+27,1.000022837678927
30044658.889001586,1.1424342747190702e+18,1.0000000000000027
