tempo,energy,valence,danceability,acousticness,loudness
157.969,0.592,0.535,0.521,0.308,-7.777
104.978,0.507,0.438,0.747,0.2,-10.171
108.548,0.808,0.372,0.554,0.214,-4.169
112.966,0.91,0.786,0.67,0.0939,-4.07
149.027,0.783,0.939,0.777,0.0283,-4.477
116.712,0.582,0.785,0.7,0.0502,-5.96
150.069,0.561,0.841,0.669,0.495,-6.538
148.101,0.247,0.126,0.467,0.612,-12.002
94.926,0.416,0.297,0.492,0.686,-10.439
119.973,0.722,0.57,0.769,0.0584,-5.485
130.019,0.667,0.618,0.776,0.0146,-6.622
107.071,0.586,0.579,0.669,0.274,-6.073
104.032,0.806,0.587,0.608,0.121,-3.443
81.012,0.709,0.604,0.722,0.0633,-4.95
139.982,0.757,0.957,0.742,0.0187,-4.981
100.987,0.917,0.501,0.562,0.0513,-2.768
109.939,0.787,0.672,0.734,0.126,-3.951
122.064,0.843,0.746,0.619,0.00948,-5.348
115.94,0.406,0.338,0.53,0.656,-7.507
119.992,0.782,0.655,0.727,0.0563,-8.529
80.09,0.812,0.664,0.505,0.285,-3.986
103.969,0.76,0.69,0.701,0.107,-5.478
116.988,0.725,0.838,0.894,0.00434,-4.984
105.008,0.563,0.343,0.833,0.528,-5.593
119.98,0.628,0.321,0.757,0.189,-6.715
127.986,0.855,0.731,0.638,0.00757,-4.86
117.038,0.62,0.934,0.741,0.0295,-5.505
97.989,0.339,0.457,0.705,0.552,-10.612
112.648,0.651,0.471,0.694,0.496,-6.968
123.994,0.601,0.332,0.635,0.246,-6.129
167.029,0.691,0.703,0.836,0.00586,-4.222
115.842,0.646,0.295,0.645,0.0615,-8.334
105.029,0.471,0.219,0.472,0.151,-5.692
194.055,0.709,0.712,0.744,0.0501,-5.778
167.033,0.904,0.788,0.739,0.549,-2.655
159.92,0.604,0.242,0.561,0.199,-4.409
90.969,0.668,0.64,0.646,0.491,-5.203
128.027,0.668,0.787,0.924,0.446,-6.795
159.982,0.454,0.912,0.689,0.0351,-7.643
192.004,0.386,0.281,0.504,0.502,-10.976
155.079,0.681,0.388,0.56,0.103,-6.304
101.061,0.472,0.214,0.898,0.0107,-7.001
146.921,0.711,0.317,0.487,0.000175,-4.22
91.98,0.712,0.692,0.848,0.221,-3.574
114.933,0.645,0.788,0.882,0.475,-7.233
184.115,0.872,0.806,0.466,0.0156,-3.344
116.034,0.756,0.838,0.66,0.00289,-3.743
147.125,0.508,0.609,0.579,0.00574,-9.484
133.52,0.89,0.259,0.502,0.000147,-5.175
123.596,0.446,0.278,0.743,0.0039,-7.807
91.844,0.43,0.104,0.515,0.0097,-9.935
120.125,0.824,0.539,0.5,0.00016,-5.846
96.483,0.767,0.328,0.592,0.0021,-2.788
125.304,0.952,0.624,0.445,0.09,-5.321
158.691,0.795,0.612,0.464,0.0493,-9.267
120.151,0.492,0.789,0.828,0.0644,-9.744
158.066,0.881,0.364,0.413,5.99e-05,-5.541
94.379,0.716,0.901,0.535,0.326,-5.025
93.503,0.322,0.387,0.475,0.367,-10.687
104.114,0.394,0.721,0.693,0.0782,-15.882
152.445,0.899,0.603,0.475,0.00375,-4.321
85.064,0.943,0.781,0.442,0.00293,-3.205
84.581,0.345,0.458,0.559,0.0576,-13.496
147.193,0.814,0.728,0.673,0.0134,-5.411
127.361,0.767,0.755,0.532,0.00287,-5.509
136.302,0.863,0.931,0.723,0.0383,-7.89
100.456,0.449,0.549,0.486,0.166,-10.298
89.74,0.902,0.422,0.412,0.0484,-11.6
103.886,0.722,0.716,0.55,0.25,-11.729
105.338,0.944,0.265,0.394,0.00178,-6.506
122.093,0.952,0.584,0.398,0.000373,-6.042
171.176,0.917,0.518,0.356,0.0335,-6.006
124.634,0.589,0.254,0.455,0.00184,-8.64
113.253,0.805,0.564,0.438,0.00255,-6.237
189.507,0.239,0.298,0.446,0.551,-13.945
123.118,0.521,0.942,0.721,0.0708,-8.123
129.269,0.67,0.777,0.619,0.00165,-10.322
105.25,0.828,0.562,0.539,0.00067,-9.108
114.965,0.487,0.731,0.73,0.258,-10.991
116.109,0.697,0.774,0.741,0.0664,-7.028
127.215,0.579,0.691,0.62,0.0152,-9.307
116.761,0.912,0.72,0.502,2.55e-05,-4.556
88.785,0.833,0.661,0.466,0.0266,-4.215
164.775,0.376,0.188,0.53,0.0304,-11.913
126.755,0.786,0.793,0.482,0.00321,-5.735
129.802,0.789,0.918,0.674,0.00178,-6.903
81.334,0.441,0.25,0.519,0.0204,-14.178
113.375,0.836,0.82,0.743,0.0804,-6.465
109.975,0.528,0.757,0.932,0.115,-6.472
128.019,0.905,0.411,0.602,0.000202,-4.046
98.883,0.519,0.822,0.653,0.406,-10.164
138.18,0.946,0.647,0.454,0.0223,-5.978
105.435,0.828,0.147,0.35,0.000217,-5.373
124.348,0.349,0.622,0.489,0.676,-14.295
159.925,0.872,0.735,0.587,0.018,-5.066
151.008,0.808,0.869,0.577,0.0338,-7.04
112.113,0.758,0.435,0.489,0.000678,-6.491
112.937,0.932,0.619,0.564,0.013,-10.068
177.765,0.338,0.478,0.388,0.652,-10.054
188.386,0.7,0.763,0.31,0.011,-5.678
137.145,0.691,0.667,0.548,0.015,-13.553
136.576,0.532,0.342,0.601,0.433,-9.119
203.006,0.641,0.382,0.256,0.199,-10.283
109.535,0.755,0.883,0.667,0.0966,-7.246
92.718,0.373,0.732,0.671,0.257,-18.064
141.466,0.927,0.385,0.333,0.0029,-8.55
126.879,0.787,0.964,0.767,0.0163,-9.897
127.163,0.366,0.171,0.472,0.15,-12.595
81.394,0.864,0.749,0.437,0.396,-7.842
170.411,0.584,0.685,0.509,0.0368,-4.907
117.399,0.912,0.843,0.575,0.0916,-7.275
85.387,0.611,0.786,0.654,0.0337,-10.45
138.453,0.482,0.492,0.529,0.7,-11.709
134.114,0.748,0.663,0.618,0.0384,-8.905
147.245,0.7,0.897,0.586,0.0589,-9.558
104.522,0.318,0.385,0.575,0.683,-16.729
80.823,0.706,0.768,0.445,0.234,-9.803
115.728,0.913,0.423,0.574,0.061,-4.793
124.936,0.495,0.308,0.532,0.659,-6.662
75.009,0.875,0.595,0.284,0.00752,-6.069
103.867,0.737,0.744,0.662,0.108,-9.54
91.577,0.936,0.776,0.666,0.00244,-9.919
94.605,0.432,0.648,0.475,0.183,-7.844
176.941,0.549,0.907,0.516,0.501,-13.741
89.839,0.751,0.789,0.421,0.2,-9.584
168.131,0.938,0.543,0.324,0.032,-7.332
84.989,0.953,0.568,0.267,0.00211,-4.899
135.997,0.919,0.537,0.465,1.83e-05,-4.025
127.402,0.58,0.944,0.741,0.117,-9.05
121.864,0.72,0.475,0.404,5.59e-05,-9.18
170.814,0.927,0.49,0.215,0.000273,-7.327
133.769,0.801,0.776,0.651,0.123,-7.34
122.861,0.262,0.375,0.481,0.735,-15.73
84.383,0.449,0.573,0.623,0.212,-13.333
148.117,0.476,0.566,0.389,0.619,-9.342
141.167,0.978,0.451,0.526,0.00122,-5.436
100.127,0.842,0.586,0.297,0.000286,-7.457
146.347,0.944,0.606,0.27,0.00501,-4.199
136.094,0.182,0.178,0.349,0.92,-13.507
58.303,0.164,0.071,0.136,0.911,-18.756
170.612,0.00527,0.151,0.184,0.995,-37.264
92.468,0.449,0.036,0.447,0.934,-10.634
80.09,0.812,0.664,0.505,0.285,-3.986
130.007,0.507,0.506,0.872,0.195,-6.323
128.085,0.802,0.374,0.835,0.0311,-4.286
120.011,0.533,0.15,0.794,0.14,-8.206
119.973,0.722,0.57,0.769,0.0584,-5.485
166.976,0.684,0.68,0.832,0.00449,-4.691
111.907,0.642,0.186,0.65,0.00502,-5.332
129.054,0.699,0.484,0.92,0.00768,-6.635
119.98,0.628,0.321,0.757,0.189,-6.715
78.53,0.709,0.564,0.749,0.155,-6.385
125.951,0.69,0.471,0.853,0.0771,-5.858
131.001,0.754,0.301,0.863,0.00125,-5.851
106.682,0.4,0.089,0.608,0.029,-9.519
157.94,0.509,0.549,0.662,0.247,-9.159
143.082,0.663,0.209,0.76,0.109,-4.763
147.216,0.761,0.313,0.649,0.00694,-4.204
184.057,0.663,0.381,0.672,0.112,-5.984
114.991,0.681,0.324,0.884,0.0439,-5.839
139.942,0.723,0.294,0.783,0.0264,-4.881
139.905,0.831,0.648,0.652,0.0111,-5.972
75.013,0.525,0.467,0.776,0.0366,-6.723
63.925,0.5,0.269,0.427,0.286,-8.269
125.845,0.586,0.147,0.731,0.116,-7.564
144.941,0.552,0.112,0.64,0.0215,-5.679
101.061,0.472,0.214,0.898,0.0107,-7.001
129.77,0.859,0.64,0.77,0.362,-3.382
121.991,0.685,0.458,0.731,0.054,-4.707
124.005,0.578,0.192,0.916,0.00349,-6.275
146.007,0.574,0.286,0.694,0.193,-6.144
131.041,0.867,0.799,0.902,0.0678,-3.108
140.203,0.692,0.427,0.637,0.0153,-7.231
104.563,0.478,0.39,0.675,0.0731,-10.201
82.557,0.878,0.514,0.661,0.00289,-4.099
78.022,0.396,0.413,0.726,0.269,-9.121
117.038,0.711,0.328,0.974,0.0988,-5.206
77.499,0.527,0.212,0.824,0.149,-5.506
158.042,0.752,0.242,0.638,0.0066,-6.227
108.52,0.826,0.417,0.654,0.0153,-2.93
101.061,0.472,0.214,0.898,0.0107,-7.001
140.113,0.764,0.886,0.882,0.359,-5.241
144.941,0.552,0.112,0.64,0.0215,-5.679
123.987,0.632,0.253,0.848,0.398,-7.381
142.096,0.805,0.649,0.548,0.212,-5.732
121.854,0.631,0.433,0.772,0.0648,-5.082
125.089,0.702,0.675,0.871,0.296,-8.025
142.974,0.57,0.733,0.787,0.0449,-5.881
116.624,0.583,0.533,0.709,0.138,-5.298
159.98,0.592,0.4,0.82,0.0149,-7.002
144.006,0.68,0.694,0.85,0.732,-6.18
165.409,0.758,0.331,0.681,0.00465,-6.524
131.964,0.413,0.211,0.772,0.0361,-8.194
151.951,0.658,0.387,0.752,0.0421,-6.297
142.791,0.732,0.612,0.548,0.125,-5.652
143.477,0.676,0.472,0.594,0.135,-5.808
99.7,0.618,0.286,0.49,0.0221,-5.655
77.528,0.35,0.346,0.822,0.0213,-12.207
150.141,0.946,0.745,0.804,0.002,-5.949
143.01,0.626,0.415,0.819,0.00748,-4.574
188.051,0.592,0.232,0.696,0.152,-6.281
138.05,0.547,0.606,0.92,0.0241,-4.98
76.984,0.395,0.128,0.793,0.277,-5.578
130.007,0.774,0.549,0.867,0.11,-5.791
136.006,0.449,0.1,0.578,0.0618,-6.349
165.921,0.673,0.366,0.529,0.000307,-4.711
156.953,0.73,0.41,0.729,0.00165,-5.14
127.05,0.487,0.108,0.964,0.00127,-6.071
149.012,0.732,0.576,0.841,0.0115,-5.186
134.093,0.611,0.144,0.711,0.00588,-5.453
130.029,0.733,0.202,0.847,0.00574,-6.439
143.029,0.48,0.419,0.846,0.269,-8.618
120.031,0.575,0.671,0.88,0.415,-6.091
150.062,0.727,0.227,0.477,0.000866,-4.053
137.027,0.495,0.0774,0.853,0.0917,-14.63
150.062,0.434,0.281,0.833,0.0102,-8.795
77.972,0.564,0.483,0.856,0.00327,-6.295
139.956,0.67,0.408,0.79,0.377,-5.527
97.974,0.733,0.62,0.825,0.349,-5.625
75.965,0.567,0.526,0.574,0.164,-7.126
150.062,0.434,0.281,0.833,0.0102,-8.795
94.329,0.665,0.463,0.583,0.314,-3.885
119.957,0.346,0.562,0.963,0.0355,-9.309
148.107,0.577,0.17,0.797,0.0174,-5.617
119.97,0.59,0.723,0.88,0.08,-4.709
129.902,0.631,0.126,0.807,0.407,-4.883
131.964,0.413,0.211,0.772,0.0361,-8.194
165.946,0.822,0.768,0.513,0.14,-4.51
127.079,0.666,0.168,0.926,0.0611,-5.314
145.95,0.575,0.189,0.713,0.00669,-6.706
124.041,0.586,0.568,0.808,0.641,-7.242
162.012,0.676,0.312,0.814,0.00709,-4.67
109.966,0.928,0.23,0.616,0.0168,-2.34
135.14,0.542,0.564,0.926,0.135,-5.064
135.055,0.637,0.616,0.851,0.225,-6.149
128.14,0.718,0.557,0.76,0.348,-3.017
115.01,0.748,0.497,0.752,0.289,-3.755
119.967,0.536,0.349,0.689,0.25,-8.861
118.96,0.531,0.367,0.566,0.192,-6.635
124.992,0.657,0.284,0.883,0.0603,-5.748
92.055,0.88,0.582,0.753,0.455,-3.165
86.003,0.496,0.544,0.889,0.259,-6.365
96.914,0.708,0.634,0.712,0.404,-5.715
120.146,0.696,0.406,0.744,0.71,-5.015
140.101,0.629,0.209,0.523,0.156,-4.058
99.827,0.735,0.403,0.697,0.172,-4.16
147.037,0.671,0.316,0.607,0.403,-6.934
110.964,0.486,0.0894,0.784,0.0538,-6.497
116.624,0.583,0.533,0.709,0.138,-5.298
129.958,0.385,0.19,0.69,0.181,-8.444
172.445,0.411,0.503,0.722,0.509,-9.963
133.03,0.484,0.747,0.93,0.355,-5.486
113.903,0.6,0.691,0.883,0.114,-7.188
155.008,0.73,0.446,0.834,0.00513,-3.714
87.973,0.668,0.145,0.573,0.189,-4.356
135.993,0.603,0.429,0.735,0.226,-9.474
171.264,0.637,0.882,0.567,0.499,-4.032
118.079,0.874,0.927,0.774,0.142,-5.641
113.981,0.792,0.903,0.749,0.308,-4.621
100.049,0.812,0.823,0.455,0.372,-3.455
93.2,0.648,0.746,0.737,0.252,-5.493
93.482,0.814,0.758,0.683,0.277,-3.505
145.379,0.683,0.623,0.501,0.109,-7.881
101.837,0.634,0.645,0.502,0.677,-3.367
112.648,0.651,0.471,0.694,0.496,-6.968
99.973,0.581,0.528,0.805,0.0303,-5.091
105.008,0.563,0.343,0.833,0.528,-5.593
101.923,0.737,0.445,0.779,0.134,-4.667
95.999,0.662,0.307,0.863,0.0843,-5.855
100.029,0.482,0.356,0.69,0.523,-6.335
128.027,0.668,0.787,0.924,0.446,-6.795
90.025,0.762,0.782,0.816,0.534,-2.864
105.002,0.718,0.564,0.848,0.183,-4.385
91.98,0.712,0.692,0.848,0.221,-3.574
155.865,0.627,0.47,0.687,0.326,-4.975
171.831,0.483,0.826,0.753,0.0189,-6.436
101.097,0.724,0.681,0.556,0.267,-3.165
100.021,0.442,0.838,0.776,0.319,-8.99
119.893,0.614,0.465,0.658,0.105,-6.981
155.079,0.681,0.388,0.56,0.103,-6.304
104.033,0.719,0.701,0.707,0.223,-4.963
97.541,0.536,0.359,0.716,0.452,-7.798
125.01,0.594,0.672,0.694,0.396,-8.39
100.076,0.752,0.67,0.841,0.167,-4.735
194.055,0.709,0.712,0.744,0.0501,-5.778
82.045,0.707,0.691,0.786,0.0399,-4.386
98.582,0.832,0.716,0.742,0.0857,-4.267
104.008,0.616,0.25,0.773,0.0565,-4.516
120.208,0.689,0.936,0.724,0.573,-7.174
117.955,0.74,0.618,0.748,0.0292,-3.643
136.0,0.856,0.713,0.691,0.2,-5.035
79.503,0.464,0.301,0.373,0.86,-8.606
103.001,0.783,0.454,0.705,0.138,-4.783
111.93,0.631,0.289,0.706,0.656,-5.812
156.023,0.445,0.512,0.55,0.262,-9.548
148.853,0.764,0.729,0.666,0.366,-6.297
184.784,0.162,0.483,0.459,0.929,-11.634
139.995,0.834,0.92,0.783,0.539,-4.623
100.036,0.682,0.618,0.75,0.168,-3.825
199.997,0.578,0.88,0.734,0.155,-4.147
109.935,0.513,0.929,0.745,0.783,-9.116
124.997,0.824,0.793,0.747,0.184,-4.353
165.07,0.787,0.9,0.809,0.126,-3.826
169.653,0.356,0.659,0.529,0.29,-6.612
123.009,0.806,0.594,0.763,0.0012,-4.946
128.924,0.872,0.94,0.816,0.25,-4.27
90.622,0.896,0.79,0.662,0.318,-5.311
161.989,0.59,0.579,0.864,0.0196,-8.768
81.009,0.63,0.512,0.72,0.615,-5.549
82.941,0.573,0.236,0.603,0.478,-5.843
135.875,0.468,0.319,0.483,0.784,-7.642
122.925,0.519,0.415,0.562,0.557,-8.744
124.914,0.481,0.293,0.534,0.697,-9.016
140.266,0.866,0.248,0.526,0.00287,-5.822
132.009,0.903,0.791,0.562,0.000187,-4.46
109.942,0.585,0.518,0.775,0.0422,-9.516
105.105,0.957,0.603,0.606,0.00117,-3.404
100.99,0.94,0.421,0.438,8.74e-05,-3.249
79.028,0.795,0.754,0.801,0.0417,-5.115
119.945,0.509,0.586,0.578,0.13,-6.229
117.038,0.62,0.934,0.741,0.0295,-5.505
103.842,0.643,0.472,0.633,0.106,-8.122
120.509,0.593,0.429,0.565,0.0288,-5.864
164.959,0.749,0.649,0.593,0.0113,-5.67
151.891,0.518,0.877,0.815,0.223,-6.594
103.912,0.846,0.751,0.611,0.00509,-5.9
168.017,0.924,0.611,0.598,0.0205,-4.974
112.056,0.828,0.79,0.654,0.00146,-5.377
113.967,0.901,0.744,0.621,0.17,-5.396
119.869,0.509,0.727,0.898,0.391,-7.973
100.99,0.94,0.421,0.438,8.74e-05,-3.249
131.272,0.572,0.66,0.636,0.287,-7.797
102.99,0.603,0.527,0.66,0.00566,-7.7
126.976,0.798,0.307,0.502,0.00291,-5.909
209.688,0.684,0.725,0.633,0.314,-4.314
87.057,0.351,0.451,0.665,0.516,-9.424
106.035,0.521,0.679,0.539,0.00425,-7.46
121.968,0.544,0.826,0.823,0.389,-10.077
150.093,0.658,0.293,0.615,0.096,-7.299
134.014,0.501,0.961,0.781,0.66,-9.767
87.086,0.501,0.858,0.668,0.342,-13.119
121.059,0.361,0.621,0.606,0.264,-16.031
187.711,0.361,0.612,0.363,0.623,-14.398
78.259,0.586,0.239,0.434,0.753,-7.612
159.94,0.545,0.549,0.545,0.667,-7.362
75.24,0.364,0.436,0.524,0.808,-10.209
86.412,0.507,0.676,0.662,0.257,-8.238
81.001,0.607,0.498,0.684,0.0267,-8.127
143.008,0.551,0.392,0.559,0.141,-7.231
118.402,0.444,0.166,0.609,0.603,-9.129
117.489,0.394,0.382,0.689,0.711,-10.102
92.887,0.551,0.969,0.911,0.133,-3.75
86.009,0.693,0.655,0.662,0.134,-4.298
112.912,0.684,0.406,0.692,0.131,-7.364
113.451,0.239,0.127,0.372,0.856,-11.314
92.995,0.307,0.697,0.81,0.16,-7.215
102.679,0.352,0.408,0.45,0.649,-11.733
90.119,0.695,0.707,0.665,0.347,-5.763
95.986,0.609,0.482,0.652,0.263,-7.519
99.796,0.284,0.276,0.358,0.805,-8.285
65.203,0.344,0.581,0.583,0.774,-8.765
92.795,0.574,0.578,0.452,0.245,-8.336
93.145,0.707,0.761,0.704,0.539,-6.537
86.768,0.612,0.57,0.536,0.119,-5.847
88.98,0.735,0.418,0.644,0.0521,-5.747
137.007,0.503,0.789,0.646,0.00426,-7.472
90.098,0.552,0.152,0.641,0.027,-5.423
95.975,0.698,0.352,0.59,0.000176,-4.262
125.99,0.61,0.72,0.741,0.316,-7.34
96.644,0.705,0.837,0.838,0.195,-6.131
141.967,0.378,0.22,0.617,0.428,-8.54
129.93,0.43,0.472,0.716,0.482,-8.28
93.985,0.629,0.726,0.657,0.194,-4.938
82.887,0.493,0.308,0.347,0.455,-11.548
135.002,0.594,0.409,0.795,0.112,-6.2
132.798,0.5,0.395,0.602,0.477,-9.377
133.876,0.618,0.517,0.707,0.17,-5.825
119.928,0.477,0.685,0.796,0.314,-7.161
171.864,0.681,0.707,0.673,0.52,-5.693
94.519,0.588,0.617,0.686,0.178,-8.343
135.03,0.5,0.886,0.856,0.487,-9.393
146.163,0.725,0.291,0.61,0.367,-5.131
124.037,0.5,0.649,0.816,0.0227,-4.551
130.21,0.876,0.706,0.412,0.102,-6.008
109.97,0.538,0.832,0.81,0.53,-5.783
92.009,0.394,0.465,0.764,0.231,-8.559
168.19,0.552,0.607,0.727,0.226,-8.074
140.012,0.712,0.346,0.573,0.0572,-5.976
179.063,0.576,0.235,0.625,0.0543,-5.693
73.313,0.366,0.161,0.4,0.242,-9.405
144.211,0.242,0.286,0.549,0.809,-11.692
169.904,0.721,0.77,0.62,0.0422,-5.538
138.007,0.467,0.702,0.845,0.0586,-7.674
103.019,0.635,0.446,0.617,0.0498,-6.769
129.024,0.939,0.53,0.671,0.191,-3.206
199.892,0.715,0.159,0.475,0.0863,-5.371
128.035,0.823,0.418,0.646,0.213,-4.123
125.983,0.835,0.654,0.527,0.0166,-5.298
117.948,0.751,0.884,0.88,0.177,-4.258
118.02,0.685,0.603,0.782,0.166,-6.237
95.01,0.524,0.661,0.748,0.414,-5.599
179.642,0.627,0.159,0.468,0.0281,-5.085
127.949,0.856,0.743,0.596,0.0211,-3.556
125.905,0.77,0.163,0.694,0.176,-5.335
129.992,0.963,0.788,0.581,0.0295,-4.087
126.062,0.787,0.301,0.604,0.0679,-3.674
101.969,0.714,0.71,0.664,0.0353,-6.645
123.063,0.815,0.636,0.636,0.0185,-5.098
127.999,0.736,0.613,0.579,0.31,-3.863
130.003,0.777,0.575,0.73,0.105,-5.194
159.805,0.869,0.425,0.533,0.156,-5.093
128.024,0.857,0.348,0.414,0.0287,-4.078
127.075,0.86,0.437,0.608,0.0991,-5.324
116.047,0.811,0.862,0.794,0.0426,-8.966
123.077,0.741,0.571,0.646,0.0275,-4.973
133.99,0.519,0.168,0.501,0.109,-5.88
121.985,0.717,0.466,0.793,0.0927,-4.759
130.039,0.685,0.501,0.772,0.019,-6.849
123.962,0.927,0.465,0.631,0.199,-2.787
119.958,0.593,0.72,0.79,0.0983,-9.204
127.975,0.766,0.6,0.735,0.025,-4.485
119.994,0.51,0.45,0.829,0.00821,-9.334
127.966,0.869,0.473,0.616,0.0283,-3.911
126.094,0.915,0.51,0.544,0.129,-3.405
119.896,0.741,0.357,0.72,0.101,-6.529
122.746,0.697,0.476,0.613,0.0194,-8.618
113.927,0.634,0.411,0.704,0.393,-7.374
117.965,0.861,0.704,0.73,0.39,-4.1
126.002,0.989,0.0348,0.621,0.015,-4.225
126.008,0.805,0.383,0.506,0.00711,-4.119
104.879,0.695,0.224,0.583,0.0138,-5.336
128.036,0.862,0.469,0.498,0.000313,-6.02
119.975,0.857,0.432,0.56,0.0594,-4.145
128.0,0.781,0.176,0.509,0.0398,-3.48
85.979,0.73,0.525,0.596,0.24,-4.091
117.973,0.568,0.459,0.78,0.668,-6.96
121.999,0.463,0.496,0.778,0.546,-7.603
112.05,0.774,0.33,0.674,0.0686,-7.567
126.052,0.81,0.11,0.572,0.0157,-5.791
119.977,0.781,0.814,0.751,0.0039,-3.724
120.97,0.586,0.549,0.799,0.162,-6.735
122.031,0.72,0.664,0.789,0.223,-5.652
120.031,0.62,0.235,0.798,0.414,-7.079
102.04,0.622,0.544,0.69,0.253,-5.025
130.011,0.736,0.355,0.75,0.0202,-4.168
100.001,0.802,0.343,0.713,0.0435,-7.055
125.916,0.906,0.824,0.711,0.00952,-2.671
130.072,0.921,0.8,0.691,0.173,-1.702
121.294,0.795,0.841,0.956,0.00356,-5.311
129.885,0.833,0.145,0.551,0.0391,-5.217
128.078,0.817,0.595,0.883,0.601,-5.414
125.896,0.748,0.356,0.503,0.0305,-4.124
75.066,0.392,0.26,0.599,0.378,-6.869
159.92,0.604,0.242,0.561,0.199,-4.409
152.88,0.473,0.451,0.591,0.694,-8.122
157.969,0.592,0.535,0.521,0.308,-7.777
104.978,0.507,0.438,0.747,0.2,-10.171
116.712,0.582,0.785,0.7,0.0502,-5.96
103.969,0.76,0.69,0.701,0.107,-5.478
159.92,0.604,0.242,0.561,0.199,-4.409
148.038,0.882,0.201,0.569,0.0316,-2.777
123.994,0.601,0.332,0.635,0.246,-6.129
139.982,0.757,0.957,0.742,0.0187,-4.981
101.061,0.472,0.214,0.898,0.0107,-7.001
181.489,0.583,0.544,0.432,0.174,-4.682
81.012,0.709,0.604,0.722,0.0633,-4.95
119.992,0.782,0.655,0.727,0.0563,-8.529
180.098,0.745,0.262,0.464,0.0235,-3.202
107.071,0.586,0.579,0.669,0.274,-6.073
128.04,0.965,0.304,0.561,0.00383,-3.673
132.052,0.544,0.216,0.571,0.453,-10.613
140.515,0.854,0.314,0.477,0.0858,-4.715
105.029,0.471,0.219,0.472,0.151,-5.692
130.019,0.667,0.618,0.776,0.0146,-6.622
151.647,0.946,0.747,0.599,0.000938,-4.263
127.986,0.855,0.731,0.638,0.00757,-4.86
179.974,0.642,0.226,0.745,0.0204,-6.257
139.198,0.829,0.505,0.476,0.0172,-3.806
144.941,0.552,0.112,0.64,0.0215,-5.679
139.943,0.453,0.287,0.915,0.0872,-4.589
119.996,0.787,0.31,0.704,0.00926,-6.751
126.031,0.618,0.32,0.853,0.633,-10.833
129.994,0.751,0.22,0.701,0.123,-8.39
126.035,0.957,0.962,0.804,0.125,-5.452
146.04,0.457,0.225,0.592,0.661,-6.081
100.011,0.792,0.671,0.687,0.191,-2.749
162.012,0.676,0.312,0.814,0.00709,-4.67
89.96,0.522,0.925,0.755,0.533,-4.368
130.001,0.622,0.22,0.847,0.119,-6.747
90.969,0.668,0.64,0.646,0.491,-5.203
172.09,0.733,0.244,0.625,0.00598,-8.757
83.389,0.642,0.339,0.463,0.314,-4.474
129.963,0.761,0.785,0.634,0.00537,-4.752
128.009,0.537,0.711,0.921,0.556,-5.723
165.995,0.745,0.829,0.808,0.145,-5.26
120.064,0.741,0.19,0.771,0.0245,-7.132
130.035,0.727,0.932,0.887,0.381,-4.318
150.019,0.95,0.563,0.673,0.0229,-5.149
120.042,0.62,0.796,0.857,0.646,-8.13
127.003,0.887,0.889,0.936,0.0292,-2.76
115.842,0.646,0.295,0.645,0.0615,-8.334
116.971,0.586,0.642,0.896,0.104,-6.687
104.983,0.558,0.606,0.943,0.0026,-4.911
155.096,0.75,0.401,0.732,0.00264,-6.366
140.113,0.764,0.886,0.882,0.359,-5.241
121.031,0.632,0.282,0.762,0.51,-8.312
80.511,0.512,0.638,0.829,0.492,-5.865
91.007,0.716,0.732,0.701,0.174,-3.671
129.923,0.773,0.504,0.681,0.0863,-4.706
165.921,0.673,0.366,0.529,0.000307,-4.711
116.624,0.583,0.533,0.709,0.138,-5.298
122.011,0.797,0.0356,0.702,0.583,-6.635
139.057,0.681,0.706,0.918,0.263,-4.705
127.926,0.753,0.543,0.671,0.019,-6.045
146.003,0.761,0.194,0.62,0.207,-7.282
90.026,0.452,0.613,0.904,0.174,-7.272
96.02,0.512,0.435,0.803,0.128,-6.871
139.948,0.643,0.142,0.831,0.046,-5.002
75.965,0.567,0.526,0.574,0.164,-7.126
120.509,0.593,0.429,0.565,0.0288,-5.864
75.023,0.83,0.187,0.767,0.209,-8.78
169.982,0.523,0.416,0.628,0.701,-8.307
88.009,0.934,0.637,0.777,0.285,-0.959
109.952,0.927,0.702,0.755,0.00288,0.254
117.038,0.62,0.934,0.741,0.0295,-5.505
130.051,0.64,0.222,0.537,0.146,-10.441
130.028,0.963,0.502,0.817,0.0683,-3.318
99.974,0.556,0.726,0.864,0.255,-7.683
130.028,0.803,0.795,0.877,0.734,-3.195
140.04,0.573,0.972,0.911,0.38,-7.43
130.017,0.629,0.586,0.848,0.016,-6.198
108.005,0.777,0.589,0.58,0.104,-5.69
158.105,0.539,0.253,0.65,0.00617,-7.281
136.902,0.672,0.14,0.673,0.0466,-8.577
125.952,0.818,0.886,0.687,0.0112,-4.221
123.01,0.687,0.381,0.755,0.183,-6.247
151.221,0.919,0.848,0.83,0.503,-2.12
130.0,0.738,0.591,0.593,0.269,-2.956
150.251,0.81,0.686,0.613,0.832,-6.16
149.036,0.967,0.399,0.628,0.0398,-4.068
129.975,0.897,0.355,0.686,0.0103,-7.18
120.003,0.793,0.698,0.696,0.0683,-5.733
128.001,0.781,0.818,0.805,0.002,-7.225
135.048,0.848,0.774,0.721,0.26,-3.371
114.071,0.742,0.571,0.773,0.0206,-3.678
77.499,0.527,0.212,0.824,0.149,-5.506
163.997,0.655,0.245,0.475,0.0306,-7.342
125.985,0.895,0.757,0.762,0.00623,-4.562
154.964,0.915,0.304,0.737,0.00322,-2.749
106.036,0.85,0.694,0.815,0.0232,-4.704
118.051,0.546,0.113,0.76,0.0284,-13.092
146.441,0.86,0.607,0.585,0.0566,-5.274
75.486,0.636,0.267,0.654,0.00258,-6.904
145.988,0.765,0.492,0.588,0.00685,-5.914
165.409,0.758,0.331,0.681,0.00465,-6.524
145.379,0.683,0.623,0.501,0.109,-7.881
110.14,0.819,0.636,0.726,0.477,-7.094
112.014,0.529,0.44,0.782,0.509,-8.626
101.837,0.634,0.645,0.502,0.677,-3.367
147.989,0.841,0.838,0.754,0.136,-4.563
93.482,0.814,0.758,0.683,0.277,-3.505
113.981,0.792,0.903,0.749,0.308,-4.621
197.98,0.705,0.718,0.374,0.172,-8.37
93.2,0.648,0.746,0.737,0.252,-5.493
113.012,0.719,0.546,0.897,0.116,-7.164
95.865,0.52,0.425,0.578,0.554,-8.399
67.813,0.651,0.567,0.49,0.714,-6.259
166.008,0.935,0.836,0.574,0.112,-2.783
101.921,0.941,0.292,0.577,0.00207,-5.17
149.923,0.794,0.775,0.531,0.0176,-4.363
151.99,0.898,0.639,0.479,0.0134,-4.809
157.013,0.822,0.746,0.853,0.0841,-6.836
141.131,0.905,0.735,0.545,0.103,-3.823
101.955,0.571,0.726,0.695,0.032,-6.249
139.959,0.811,0.944,0.693,0.395,-5.765
115.063,0.808,0.172,0.576,0.00615,-4.241
169.955,0.951,0.428,0.436,0.0046,-4.748
82.05,0.514,0.757,0.829,0.439,-5.333
105.173,0.836,0.56,0.543,0.000647,-9.11
159.756,0.908,0.669,0.285,0.0318,-4.601
118.242,0.704,0.703,0.43,0.000155,-8.008
127.066,0.934,0.287,0.417,0.000278,-3.908
92.049,0.891,0.226,0.283,0.00678,-8.165
102.178,0.695,0.413,0.437,0.00111,-9.447
148.366,0.763,0.342,0.365,0.00726,-9.45
114.816,0.908,0.437,0.415,0.00437,-9.701
143.772,0.982,0.194,0.354,0.000237,-3.026
123.257,0.828,0.604,0.577,0.00213,-8.691
118.004,0.916,0.683,0.58,0.000297,-4.358
103.299,0.898,0.525,0.353,2.23e-05,-5.877
125.033,0.963,0.586,0.59,8.75e-05,-6.489
129.984,0.949,0.233,0.554,0.000318,-4.928
71.841,0.781,0.372,0.443,1.33e-05,-4.277
107.441,0.714,0.191,0.567,0.0012,-8.512
94.895,0.821,0.684,0.669,0.00182,-4.37
103.314,0.72,0.761,0.916,0.36,-8.548
76.71,0.661,0.753,0.836,0.0208,-6.502
95.107,0.733,0.946,0.883,0.161,-9.153
124.084,0.463,0.755,0.929,0.143,-8.651
93.431,0.775,0.527,0.816,0.16,-3.323
93.941,0.697,0.67,0.901,0.145,-3.439
99.935,0.505,0.495,0.535,0.0393,-8.926
95.0,0.63,0.717,0.874,0.0578,-3.585
93.857,0.786,0.504,0.763,0.0146,-6.472
174.039,0.706,0.579,0.584,0.209,-7.899
94.121,0.62,0.867,0.9,0.2,-6.518
96.063,0.818,0.782,0.889,0.47,-4.639
94.895,0.821,0.684,0.669,0.00182,-4.37
181.033,0.514,0.565,0.512,0.555,-11.562
102.304,0.611,0.769,0.897,0.0291,-10.489
97.044,0.734,0.608,0.918,0.0296,-2.832
84.099,0.91,0.887,0.665,0.0394,-4.682
101.368,0.735,0.768,0.934,0.031,-6.668
84.115,0.54,0.322,0.773,0.371,-7.123
94.828,0.703,0.241,0.813,0.125,-5.077
104.536,0.884,0.904,0.845,0.0128,-4.506
96.662,0.666,0.744,0.848,0.173,-6.547
172.329,0.732,0.595,0.598,0.144,-7.013
127.361,0.767,0.755,0.532,0.00287,-5.509
112.067,0.795,0.535,0.645,0.347,-12.095
119.25,0.802,0.472,0.491,0.25,-7.106
92.718,0.373,0.732,0.671,0.257,-18.064
188.386,0.7,0.763,0.31,0.011,-5.678
148.723,0.942,0.495,0.527,0.0115,-5.64
122.805,0.959,0.812,0.541,0.0663,-2.947
139.13,0.834,0.774,0.509,0.0183,-6.205
113.375,0.836,0.82,0.743,0.0804,-6.465
113.805,0.712,0.462,0.671,0.429,-7.815
94.379,0.716,0.901,0.535,0.326,-5.025
122.431,0.932,0.971,0.631,0.0429,-4.142
129.981,0.835,0.795,0.572,0.171,-6.219
84.383,0.449,0.573,0.623,0.212,-13.333
117.662,0.843,0.188,0.529,0.0628,-6.908
106.767,0.873,0.303,0.389,0.00532,-4.768
81.909,0.768,0.429,0.558,0.121,-9.997
176.941,0.549,0.907,0.516,0.501,-13.741
112.113,0.758,0.435,0.489,0.000678,-6.491
122.093,0.952,0.584,0.398,0.000373,-6.042
114.02,0.478,0.965,0.766,0.0513,-13.487
84.989,0.953,0.568,0.267,0.00211,-4.899
150.036,0.803,0.258,0.253,0.129,-3.977
141.167,0.978,0.451,0.526,0.00122,-5.436
126.59,0.811,0.635,0.561,0.00515,-6.157
129.885,0.872,0.866,0.797,0.291,-6.727
159.756,0.908,0.669,0.285,0.0318,-4.601
109.975,0.528,0.757,0.932,0.115,-6.472
127.568,0.812,0.685,0.691,0.0433,-7.772
190.818,0.93,0.725,0.398,0.000854,-6.76
97.909,0.942,0.498,0.511,0.174,-10.407
152.445,0.899,0.603,0.475,0.00375,-4.321
131.707,0.96,0.37,0.469,0.141,-4.809
117.486,0.96,0.978,0.574,0.0457,-4.906
127.402,0.58,0.944,0.741,0.117,-9.05
148.366,0.763,0.342,0.365,0.00726,-9.45
111.457,0.804,0.658,0.591,0.327,-7.299
119.18,0.427,0.295,0.753,0.00787,-11.112
140.309,0.506,0.518,0.799,0.0453,-9.414
125.447,0.737,0.971,0.785,0.042,-5.306
107.01,0.846,0.659,0.659,0.0318,-5.508
142.663,0.833,0.773,0.553,0.000646,-6.667
133.615,0.858,0.419,0.503,0.00757,-6.296
140.176,0.632,0.294,0.531,0.16,-5.557
119.96,0.691,0.707,0.823,0.0774,-7.322
134.937,0.78,0.72,0.724,0.294,-5.407
87.973,0.693,0.572,0.702,0.139,-4.941
105.969,0.926,0.86,0.682,0.0404,-2.515
140.053,0.628,0.568,0.668,0.129,-4.692
120.073,0.747,0.363,0.745,0.0073,-4.278
91.992,0.786,0.465,0.695,0.0668,-2.048
170.022,0.597,0.875,0.77,0.53,-4.901
108.038,0.782,0.906,0.875,0.151,-3.905
124.994,0.895,0.757,0.803,0.0816,-2.888
140.041,0.728,0.461,0.774,0.113,-5.079
101.959,0.5,0.76,0.871,0.32,-8.675
109.945,0.774,0.383,0.801,0.00871,-3.604
131.016,0.872,0.378,0.644,0.164,-1.54
157.969,0.592,0.535,0.521,0.308,-7.777
149.027,0.783,0.939,0.777,0.0283,-4.477
104.978,0.507,0.438,0.747,0.2,-10.171
108.548,0.808,0.372,0.554,0.214,-4.169
116.034,0.756,0.838,0.66,0.00289,-3.743
146.921,0.711,0.317,0.487,0.000175,-4.22
94.938,0.413,0.273,0.494,0.682,-10.432
112.964,0.907,0.721,0.674,0.101,-4.086
112.648,0.651,0.471,0.694,0.496,-6.968
148.101,0.247,0.126,0.467,0.612,-12.002
103.963,0.776,0.708,0.699,0.131,-5.282
119.973,0.722,0.57,0.769,0.0584,-5.485
116.712,0.582,0.785,0.7,0.0502,-5.96
105.008,0.563,0.343,0.833,0.528,-5.593
150.273,0.627,0.35,0.336,0.164,-7.463
107.732,0.598,0.935,0.733,0.212,-8.228
105.029,0.471,0.219,0.472,0.151,-5.692
128.027,0.668,0.787,0.924,0.446,-6.795
184.115,0.872,0.806,0.466,0.0156,-3.344
107.015,0.586,0.621,0.675,0.257,-6.086
115.94,0.406,0.338,0.53,0.656,-7.507
174.097,0.369,0.0998,0.448,0.968,-9.514
155.865,0.627,0.47,0.687,0.326,-4.975
124.053,0.807,0.398,0.612,0.0495,-2.81
67.528,0.417,0.479,0.464,0.136,-9.345
159.92,0.604,0.242,0.561,0.199,-4.409
78.558,0.559,0.62,0.558,0.371,-9.222
173.372,0.661,0.285,0.429,0.00239,-7.227
80.09,0.812,0.664,0.505,0.285,-3.986
134.066,0.56,0.86,0.853,0.013,-4.961
143.994,0.698,0.867,0.726,0.049,-4.165
94.99,0.727,0.676,0.739,0.0678,-5.968
96.063,0.555,0.191,0.392,0.287,-6.707
120.001,0.52,0.37,0.672,0.859,-7.747
67.086,0.47,0.879,0.598,0.617,-8.744
84.828,0.64,0.19,0.264,0.0393,-6.221
109.021,0.841,0.424,0.635,0.0134,-5.379
80.969,0.706,0.599,0.722,0.072,-4.857
142.579,0.757,0.12,0.482,0.0137,-4.586
155.925,0.715,0.497,0.315,0.00125,-8.072
105.143,0.864,0.4,0.556,0.00958,-5.87
117.025,0.643,0.96,0.74,0.041,-5.446
130.504,0.725,0.64,0.633,0.0461,-4.257
101.654,0.731,0.484,0.483,0.436,-6.696
127.939,0.928,0.488,0.571,0.00932,-3.725
109.935,0.513,0.929,0.745,0.783,-9.116
120.208,0.689,0.936,0.724,0.573,-7.174
191.868,0.621,0.592,0.525,0.0489,-7.364
119.705,0.424,0.806,0.754,0.643,-8.463
115.842,0.646,0.295,0.645,0.0615,-8.334
91.911,0.789,0.464,0.757,0.307,-3.46
96.057,0.778,0.345,0.911,0.0887,-2.248
111.989,0.786,0.759,0.781,0.115,-5.211
169.934,0.411,0.412,0.584,0.869,-7.147
110.982,0.804,0.844,0.82,0.175,-7.226
110.427,0.522,0.601,0.75,0.282,-7.018
130.97,0.888,0.771,0.617,0.0705,-4.567
123.031,0.856,0.927,0.748,0.0824,-3.517
92.06,0.673,0.266,0.453,0.32,-5.649
79.928,0.686,0.268,0.647,0.08,-5.745
108.02,0.595,0.546,0.777,0.59,-6.79
142.004,0.588,0.93,0.872,0.275,-6.276
122.016,0.498,0.428,0.876,0.0706,-7.511
151.991,0.69,0.744,0.839,0.207,-4.464
103.071,0.616,0.451,0.797,0.762,-10.229
111.005,0.516,0.53,0.87,0.656,-8.006
139.929,0.543,0.74,0.84,0.678,-4.941
130.037,0.623,0.775,0.919,0.184,-6.521
128.033,0.782,0.55,0.621,0.0125,-5.548
83.97,0.524,0.553,0.653,0.112,-9.016
189.978,0.586,0.295,0.326,0.531,-7.966
93.976,0.662,0.607,0.892,0.169,-3.894
83.118,0.724,0.562,0.569,0.228,-4.076
98.224,0.421,0.524,0.537,0.827,-8.72
100.09,0.665,0.659,0.858,0.126,-4.772
93.924,0.534,0.116,0.832,0.345,-7.813
135.14,0.542,0.564,0.926,0.135,-5.064
155.008,0.73,0.446,0.834,0.00513,-3.714
77.972,0.564,0.483,0.856,0.00327,-6.295
166.162,0.576,0.364,0.77,0.138,-11.845
91.007,0.716,0.732,0.701,0.174,-3.671
140.042,0.658,0.462,0.8,0.25,-6.142
148.038,0.882,0.201,0.569,0.0316,-2.777
112.509,0.662,0.39,0.897,0.0852,-6.903
119.957,0.346,0.562,0.963,0.0355,-9.309
140.053,0.524,0.363,0.747,0.0306,-6.807
140.063,0.444,0.678,0.906,0.136,-8.692
168.112,0.639,0.261,0.772,0.15,-7.119
127.05,0.487,0.108,0.964,0.00127,-6.071
75.016,0.347,0.376,0.884,0.015,-8.227
127.956,0.619,0.154,0.962,0.0354,-5.562
76.984,0.395,0.128,0.793,0.277,-5.578
87.997,0.353,0.0731,0.797,0.59,-9.931
119.996,0.516,0.255,0.877,0.215,-5.426
84.005,0.744,0.645,0.867,0.268,-5.171
120.1,0.515,0.321,0.567,0.354,-10.265
108.003,0.463,0.46,0.97,0.0957,-7.259
143.943,0.662,0.259,0.767,0.103,-4.856
130.001,0.622,0.22,0.847,0.119,-6.747
134.039,0.701,0.564,0.71,0.0105,-5.415
150.062,0.727,0.227,0.477,0.000866,-4.053
143.029,0.48,0.419,0.846,0.269,-8.618
163.935,0.651,0.237,0.665,0.0414,-5.515
79.899,0.692,0.566,0.623,0.328,-5.122
141.996,0.572,0.568,0.823,0.0079,-6.067
149.972,0.613,0.0804,0.65,0.00336,-6.13
161.989,0.529,0.203,0.671,0.0769,-7.226
147.946,0.736,0.233,0.776,0.0802,-4.612
104.986,0.801,0.914,0.778,0.692,-7.326
110.14,0.819,0.636,0.726,0.477,-7.094
67.813,0.651,0.567,0.49,0.714,-6.259
150.097,0.653,0.163,0.547,0.456,-3.875
144.941,0.552,0.112,0.64,0.0215,-5.679
119.476,0.552,0.492,0.765,0.175,-7.524
140.113,0.764,0.886,0.882,0.359,-5.241
101.837,0.634,0.645,0.502,0.677,-3.367
112.984,0.64,0.535,0.869,0.011,-7.677
113.012,0.719,0.546,0.897,0.116,-7.164
87.973,0.668,0.145,0.573,0.189,-4.356
95.865,0.52,0.425,0.578,0.554,-8.399
147.989,0.841,0.838,0.754,0.136,-4.563
145.379,0.683,0.623,0.501,0.109,-7.881
93.2,0.648,0.746,0.737,0.252,-5.493
139.978,0.541,0.387,0.716,0.0021,-7.909
118.079,0.874,0.927,0.774,0.142,-5.641
120.001,0.52,0.37,0.672,0.859,-7.747
141.981,0.366,0.13,0.604,0.578,-7.519
119.964,0.422,0.349,0.53,0.407,-6.262
119.93,0.264,0.331,0.422,0.922,-7.064
95.0,0.547,0.442,0.778,0.344,-7.273
122.013,0.706,0.474,0.663,0.0654,-4.972
173.799,0.779,0.26,0.468,0.112,-4.839
173.372,0.661,0.285,0.429,0.00239,-7.227
159.982,0.454,0.912,0.689,0.0351,-7.643
155.925,0.715,0.497,0.315,0.00125,-8.072
117.896,0.5,0.801,0.664,0.799,-6.935
72.795,0.28,0.387,0.612,0.932,-8.648
121.07,0.663,0.286,0.6,0.225,-5.802
122.769,0.537,0.131,0.445,0.695,-8.532
103.019,0.635,0.446,0.617,0.0498,-6.769
115.284,0.296,0.12,0.351,0.934,-10.109
138.992,0.697,0.732,0.74,0.0268,-4.912
95.977,0.652,0.931,0.825,0.581,-3.183
175.212,0.192,0.148,0.369,0.555,-12.151
109.021,0.841,0.424,0.635,0.0134,-5.379
85.043,0.557,0.494,0.358,0.695,-7.398
81.001,0.607,0.498,0.684,0.0267,-8.127
95.05,0.448,0.168,0.599,0.163,-6.312
146.277,0.442,0.213,0.557,0.731,-7.224
75.881,0.552,0.0789,0.346,0.417,-6.864
167.997,0.822,0.288,0.604,0.00672,-4.833
68.534,0.543,0.453,0.359,0.492,-7.582
120.042,0.763,0.551,0.695,0.189,-3.497
102.078,0.425,0.27,0.357,0.584,-7.301
153.96,0.741,0.441,0.601,0.185,-5.569
120.032,0.713,0.879,0.742,0.0205,-5.522
107.989,0.379,0.201,0.614,0.607,-10.48
149.789,0.754,0.755,0.752,0.0151,-6.684
138.178,0.417,0.124,0.209,0.164,-8.74
97.994,0.603,0.67,0.712,0.186,-5.52
111.881,0.574,0.183,0.459,0.608,-4.857
96.888,0.648,0.49,0.633,0.121,-6.645
77.987,0.776,0.427,0.585,0.0572,-5.898
139.631,0.585,0.212,0.449,0.0509,-6.761
91.05,0.327,0.595,0.775,0.841,-7.241
78.998,0.445,0.591,0.781,0.474,-6.061
79.064,0.638,0.497,0.481,0.153,-5.862
110.056,0.845,0.775,0.671,0.0207,-4.93
139.994,0.797,0.825,0.704,0.0826,-5.927
103.998,0.628,0.552,0.674,0.00144,-7.079
95.051,0.862,0.809,0.712,0.0525,-4.612
119.992,0.473,0.34,0.765,0.287,-5.829
89.087,0.465,0.543,0.449,0.524,-8.964
116.032,0.798,0.942,0.796,0.034,-6.312
108.038,0.53,0.417,0.63,0.4,-7.259
101.19,0.55,0.342,0.551,0.777,-5.339
102.0,0.663,0.465,0.651,0.228,-5.569
111.825,0.401,0.195,0.677,0.712,-8.467
114.481,0.699,0.915,0.85,0.152,-3.292
169.928,0.764,0.478,0.591,0.0383,-5.484
178.765,0.45,0.537,0.597,0.223,-6.658
144.905,0.82,0.452,0.621,0.332,-4.865
112.672,0.174,0.231,0.681,0.837,-8.745
136.07,0.488,0.533,0.752,0.293,-7.05
119.976,0.738,0.637,0.721,0.00226,-4.77
100.012,0.902,0.536,0.673,0.0591,-2.392
120.076,0.788,0.884,0.748,0.0591,-7.055
107.01,0.657,0.437,0.753,0.171,-3.061
102.819,0.342,0.0993,0.516,0.55,-8.985
114.066,0.794,0.244,0.601,0.00987,-5.844
203.812,0.673,0.488,0.492,0.413,-5.431
84.876,0.426,0.337,0.674,0.12,-9.504
104.036,0.656,0.225,0.638,0.188,-5.886
94.931,0.825,0.268,0.56,0.323,-3.862
119.054,0.792,0.415,0.627,0.13,-4.311
116.947,0.54,0.75,0.759,0.037,-6.039
159.878,0.683,0.572,0.515,0.0749,-5.099
150.96,0.444,0.712,0.703,0.559,-9.331
112.027,0.719,0.371,0.558,0.0367,-5.113
129.062,0.495,0.72,0.864,0.591,-7.036
92.513,0.706,0.144,0.482,0.135,-5.762
103.375,0.495,0.799,0.694,0.0137,-14.222
126.684,0.586,0.443,0.553,0.697,-6.319
74.988,0.903,0.652,0.52,0.00517,-5.497
72.023,0.331,0.271,0.459,0.817,-12.603
175.924,0.714,0.33,0.564,0.0549,-4.987
120.012,0.798,0.591,0.719,0.0162,-4.582
113.608,0.588,0.193,0.491,0.0281,-6.177
89.929,0.71,0.419,0.5,0.19,-3.015
50.827,0.445,0.278,0.286,0.355,-8.087
114.145,0.415,0.455,0.728,0.401,-6.852
147.873,0.632,0.0797,0.494,0.682,-6.89
75.801,0.473,0.604,0.464,0.866,-10.086
79.983,0.72,0.472,0.508,0.272,-5.908
184.086,0.638,0.735,0.378,0.02,-5.576
90.04,0.549,0.167,0.644,0.0209,-5.415
123.28,0.725,0.335,0.49,0.123,-3.304
89.991,0.63,0.43,0.654,0.153,-4.644
118.582,0.316,0.174,0.398,0.805,-7.031
130.007,0.922,0.758,0.666,0.000348,-4.645
74.541,0.348,0.0886,0.349,0.726,-6.142
117.089,0.787,0.572,0.399,0.0197,-2.88
113.81,0.465,0.0682,0.6,0.643,-4.951
143.994,0.698,0.867,0.726,0.049,-4.165
186.003,0.587,0.486,0.679,0.141,-7.015
112.238,0.669,0.662,0.908,0.00286,-2.827
95.977,0.652,0.931,0.825,0.581,-3.183
129.024,0.939,0.53,0.671,0.191,-3.206
84.412,0.902,0.876,0.573,0.018,-7.638
100.024,0.824,0.758,0.778,0.284,-5.892
105.018,0.791,0.583,0.894,0.0183,-4.699
128.038,0.866,0.619,0.578,0.00701,-3.804
122.509,0.887,0.794,0.532,0.0778,-3.757
124.08,0.783,0.643,0.532,0.0038,-5.697
143.04,0.838,0.924,0.774,0.0249,-3.914
125.135,0.711,0.875,0.692,0.225,-7.498
120.028,0.837,0.714,0.755,0.0991,-2.718
99.947,0.76,0.409,0.655,0.0797,-3.669
100.804,0.87,0.754,0.543,0.358,-6.514
128.035,0.823,0.418,0.646,0.213,-4.123
114.742,0.807,0.765,0.729,0.181,-6.492
129.992,0.963,0.788,0.581,0.0295,-4.087
125.983,0.835,0.654,0.527,0.0166,-5.298
119.963,0.861,0.654,0.663,0.0338,-3.398
92.96,0.699,0.907,0.759,0.202,-5.745
94.948,0.806,0.613,0.843,0.143,-5.946
119.001,0.806,0.774,0.851,0.119,-4.618
124.022,0.802,0.724,0.721,0.0921,-5.797
127.949,0.856,0.743,0.596,0.0211,-3.556
118.818,0.824,0.867,0.709,0.207,-8.824
159.805,0.869,0.425,0.533,0.156,-5.093
113.324,0.844,0.382,0.788,0.25,-3.131
106.97,0.803,0.632,0.818,0.034,-4.282
120.372,0.799,0.725,0.71,0.22,-4.897
139.13,0.834,0.774,0.509,0.0183,-6.205
89.99,0.795,0.796,0.646,0.0319,-3.293
120.021,0.58,0.66,0.782,0.0114,-6.548
102.04,0.882,0.463,0.742,0.0466,-2.862
126.062,0.787,0.301,0.604,0.0679,-3.674
117.0,0.583,0.964,0.967,0.0584,-5.562
127.966,0.766,0.61,0.744,0.0873,-6.375
125.02,0.567,0.793,0.845,0.59,-8.118
122.669,0.669,0.547,0.834,0.0341,-5.582
110.009,0.864,0.891,0.768,0.101,-6.149
128.046,0.761,0.624,0.722,0.0119,-4.46
95.053,0.834,0.894,0.751,0.3,-5.444
144.438,0.501,0.623,0.5,0.462,-8.284
118.99,0.739,0.745,0.822,0.0264,-4.541
128.024,0.857,0.348,0.414,0.0287,-4.078
125.18,0.574,0.755,0.613,0.0253,-7.961
119.528,0.491,0.536,0.749,0.02,-9.655
129.042,0.84,0.438,0.612,0.112,-3.145
123.063,0.815,0.636,0.636,0.0185,-5.098
100.972,0.714,0.817,0.892,0.201,-6.055
124.921,0.814,0.717,0.707,0.0861,-4.509
132.975,0.917,0.459,0.652,0.0082,-6.72
131.459,0.844,0.777,0.729,0.149,-8.824
126.007,0.563,0.964,0.766,0.0263,-7.516
125.04,0.6,0.822,0.951,0.106,-4.675
121.981,0.726,0.529,0.503,0.0159,-5.456
127.999,0.736,0.613,0.579,0.31,-3.863
130.003,0.777,0.575,0.73,0.105,-5.194
105.39,0.783,0.813,0.554,0.416,-5.852
92.887,0.551,0.969,0.911,0.133,-3.75
160.078,0.8,0.942,0.647,0.0647,-5.384
99.017,0.64,0.499,0.779,0.000155,-8.415
126.041,0.808,0.869,0.72,0.00793,-5.627
93.764,0.625,0.858,0.798,0.00547,-9.689
127.075,0.86,0.437,0.608,0.0991,-5.324
116.047,0.811,0.862,0.794,0.0426,-8.966
126.04,0.889,0.464,0.584,0.0462,-5.941
117.046,0.654,0.847,0.92,0.0236,-3.051
135.956,0.758,0.542,0.673,0.039,-3.632
94.379,0.716,0.901,0.535,0.326,-5.025
99.165,0.77,0.681,0.646,0.00249,-6.596
123.962,0.927,0.465,0.631,0.199,-2.787
146.078,0.922,0.847,0.641,0.0291,-4.457
125.006,0.716,0.751,0.747,0.135,-2.457
88.634,0.646,0.67,0.867,0.303,-4.674
109.901,0.87,0.944,0.597,0.0119,-11.97
127.966,0.869,0.473,0.616,0.0283,-3.911
120.05,0.855,0.648,0.67,0.0124,-3.035
137.547,0.748,0.827,0.749,0.295,-7.011
117.656,0.738,0.958,0.731,0.184,-8.125
113.03,0.83,0.702,0.666,0.0123,-5.715
131.715,0.756,0.963,0.802,0.0843,-10.791
126.094,0.915,0.51,0.544,0.129,-3.405
93.989,0.86,0.656,0.737,0.11,-2.652
126.885,0.851,0.452,0.722,0.0319,-3.873
98.007,0.809,0.274,0.723,0.00346,-3.081
128.011,0.89,0.684,0.706,0.0588,-4.444
119.958,0.593,0.72,0.79,0.0983,-9.204
127.975,0.766,0.6,0.735,0.025,-4.485
129.981,0.835,0.795,0.572,0.171,-6.219
126.05,0.872,0.682,0.56,0.0239,-4.269
91.031,0.751,0.195,0.706,0.173,-6.323
129.948,0.702,0.29,0.686,0.00637,-5.325
128.99,0.861,0.636,0.704,0.587,-4.221
122.49,0.655,0.392,0.572,0.00579,-7.027
101.875,0.7,0.724,0.85,0.0607,-6.49
174.06,0.807,0.892,0.622,0.103,-6.752
122.746,0.697,0.476,0.613,0.0194,-8.618
125.035,0.648,0.9,0.869,0.121,-8.698
117.662,0.843,0.188,0.529,0.0628,-6.908
107.657,0.832,0.871,0.794,0.237,-4.862
128.016,0.954,0.312,0.627,0.0015,-4.804
108.016,0.853,0.605,0.731,0.0352,-4.219
111.038,0.842,0.26,0.625,0.264,-5.285
132.032,0.842,0.861,0.706,7.73e-05,-3.956
172.656,0.928,0.879,0.614,0.0408,-4.806
107.075,0.741,0.911,0.956,0.204,-4.753
107.064,0.675,0.924,0.684,0.163,-8.123
129.991,0.879,0.962,0.812,0.017,-10.998
110.621,0.711,0.815,0.975,0.168,-3.904
128.168,0.772,0.919,0.766,0.403,-9.362
103.644,0.535,0.641,0.707,0.113,-19.793
95.487,0.833,0.612,0.715,0.00631,-5.379
118.881,0.821,0.947,0.878,0.126,-9.875
128.036,0.862,0.469,0.498,0.000313,-6.02
119.975,0.857,0.432,0.56,0.0594,-4.145
104.409,0.495,0.967,0.737,0.0588,-13.489
122.987,0.699,0.733,0.811,0.0726,-5.211
178.043,0.954,0.933,0.425,0.00414,-3.756
119.993,0.599,0.843,0.853,0.00334,-4.756
113.026,0.931,0.767,0.753,0.00994,-4.922
126.342,0.837,0.447,0.597,0.00427,-6.518
115.443,0.713,0.97,0.784,0.447,-6.865
127.99,0.985,0.72,0.801,0.0205,-2.69
111.485,0.271,0.742,0.898,0.0135,-12.238
129.884,0.876,0.552,0.666,0.055,-3.078
129.996,0.76,0.696,0.702,0.00226,-3.174
126.052,0.81,0.11,0.572,0.0157,-5.791
119.977,0.781,0.814,0.751,0.0039,-3.724
122.093,0.952,0.584,0.398,0.000373,-6.042
108.17,0.534,0.89,0.877,0.0339,-6.178
100.021,0.838,0.965,0.832,0.0791,-5.414
131.468,0.868,0.808,0.704,0.0834,-5.808
124.149,0.662,0.359,0.729,0.00128,-7.191
132.067,0.937,0.749,0.727,0.00417,-2.871
130.011,0.736,0.355,0.75,0.0202,-4.168
124.948,0.859,0.52,0.733,0.479,-5.03
96.987,0.786,0.899,0.808,0.00928,-6.897
120.016,0.63,0.548,0.875,0.00546,-3.475
133.149,0.517,0.862,0.867,0.00449,-13.22
140.982,0.907,0.961,0.518,0.00221,-3.732
131.986,0.936,0.598,0.729,0.0129,-7.536
123.907,0.828,0.493,0.587,0.00327,-5.108
101.965,0.763,0.742,0.72,0.406,-4.068
125.896,0.748,0.356,0.503,0.0305,-4.124
107.363,0.573,0.716,0.684,0.318,-12.3
127.808,0.805,0.799,0.69,0.000232,-11.522
146.005,0.732,0.277,0.583,0.00315,-5.729
116.012,0.792,0.583,0.979,0.0025,-2.784
138.978,0.556,0.156,0.531,0.407,-6.245
146.053,0.663,0.6,0.634,0.433,-6.818
96.192,0.394,0.399,0.421,0.863,-8.312
104.996,0.546,0.868,0.742,0.172,-7.694
163.9,0.486,0.792,0.687,0.587,-8.673
75.515,0.529,0.521,0.551,0.296,-10.469
129.989,0.0867,0.349,0.696,0.988,-25.203
87.057,0.351,0.451,0.665,0.516,-9.424
102.331,0.585,0.584,0.75,0.049,-7.576
71.123,0.286,0.302,0.587,0.185,-8.839
155.901,0.382,0.343,0.541,0.0215,-14.323
105.143,0.864,0.4,0.556,0.00958,-5.87
184.115,0.872,0.806,0.466,0.0156,-3.344
117.038,0.62,0.934,0.741,0.0295,-5.505
107.849,0.568,0.516,0.614,0.00797,-5.477
85.03,0.532,0.405,0.548,0.186,-7.596
96.483,0.767,0.328,0.592,0.0021,-2.788
155.925,0.715,0.497,0.315,0.00125,-8.072
74.989,0.713,0.566,0.645,0.00835,-5.355
123.229,0.795,0.513,0.458,0.00316,-3.265
120.092,0.935,0.287,0.627,0.0092,-4.882
164.057,0.87,0.284,0.28,0.000686,-4.219
100.016,0.865,0.587,0.58,0.105,-4.359
119.783,0.941,0.124,0.502,0.000346,-5.194
110.006,0.972,0.585,0.585,0.0143,-4.45
158.066,0.881,0.364,0.413,5.99e-05,-5.541
117.971,0.808,0.38,0.493,0.000235,-3.365
159.779,0.742,0.416,0.268,0.0518,-4.939
94.015,0.839,0.416,0.517,0.0014,-3.521
80.401,0.637,0.18,0.514,0.213,-6.418
169.835,0.796,0.33,0.289,0.00837,-4.22
88.969,0.717,0.547,0.595,0.0779,-4.803
81.201,0.442,0.243,0.513,0.00731,-13.529
108.0,0.911,0.685,0.615,0.0686,-3.584
91.455,0.938,0.875,0.618,0.0179,-3.442
77.15,0.684,0.2,0.36,0.323,-6.457
113.967,0.901,0.744,0.621,0.17,-5.396
129.786,0.595,0.237,0.519,0.00151,-5.001
156.036,0.849,0.917,0.636,0.0438,-7.075
104.655,0.9,0.599,0.427,0.116,-3.674
120.0,0.921,0.782,0.668,0.0492,-3.727
105.338,0.944,0.265,0.394,0.00178,-6.506
173.008,0.652,0.1,0.274,0.00768,-6.196
128.019,0.905,0.411,0.602,0.000202,-4.046
137.028,0.715,0.173,0.276,0.00552,-5.356
96.184,0.913,0.73,0.556,0.0193,-2.36
143.969,0.839,0.465,0.572,0.013,-5.083
144.636,0.588,0.193,0.424,0.0553,-5.455
106.031,0.939,0.861,0.644,0.157,-3.486
119.955,0.486,0.243,0.556,0.0371,-7.139
100.127,0.842,0.586,0.297,0.000286,-7.457
105.991,0.796,0.75,0.6,0.000109,-4.481
104.561,0.663,0.527,0.277,0.000409,-8.821
89.518,0.645,0.588,0.552,0.00187,-6.595
170.411,0.584,0.685,0.509,0.0368,-4.907
151.417,0.94,0.48,0.437,0.0524,-6.946
122.444,0.97,0.198,0.451,0.0264,-4.938
91.906,0.945,0.323,0.51,0.000658,-5.405
98.021,0.862,0.361,0.511,0.0656,-5.677
82.002,0.812,0.419,0.417,0.0154,-3.979
184.115,0.872,0.806,0.466,0.0156,-3.344
109.825,0.866,0.227,0.308,0.000739,-5.671
140.817,0.964,0.448,0.445,0.037,-5.493
114.816,0.908,0.437,0.415,0.00437,-9.701
105.173,0.836,0.56,0.543,0.000647,-9.11
159.756,0.908,0.669,0.285,0.0318,-4.601
118.242,0.704,0.703,0.43,0.000155,-8.008
127.066,0.934,0.287,0.417,0.000278,-3.908
92.049,0.891,0.226,0.283,0.00678,-8.165
102.178,0.695,0.413,0.437,0.00111,-9.447
148.366,0.763,0.342,0.365,0.00726,-9.45
114.816,0.908,0.437,0.415,0.00437,-9.701
143.772,0.982,0.194,0.354,0.000237,-3.026
123.257,0.828,0.604,0.577,0.00213,-8.691
118.004,0.916,0.683,0.58,0.000297,-4.358
103.299,0.898,0.525,0.353,2.23e-05,-5.877
125.033,0.963,0.586,0.59,8.75e-05,-6.489
129.984,0.949,0.233,0.554,0.000318,-4.928
71.841,0.781,0.372,0.443,1.33e-05,-4.277
107.441,0.714,0.191,0.567,0.0012,-8.512
77.987,0.776,0.427,0.585,0.0572,-5.898
143.85,0.954,0.458,0.465,0.000346,-4.251
162.152,0.849,0.903,0.643,0.0371,-5.428
100.008,0.691,0.552,0.718,0.0159,-6.44
119.974,0.887,0.903,0.606,0.000242,-4.404
118.015,0.75,0.927,0.774,0.00207,-4.927
172.977,0.906,0.731,0.517,0.00272,-3.677
93.41,0.883,0.328,0.45,0.00193,-4.094
149.937,0.9,0.484,0.487,6.79e-05,-4.417
151.95,0.406,0.208,0.457,0.08,-7.462
170.229,0.936,0.74,0.414,0.00136,-2.407
177.751,0.939,0.893,0.494,0.00666,-3.127
104.031,0.893,0.673,0.61,0.154,-3.681
136.01,0.923,0.765,0.602,0.0098,-3.763
170.094,0.83,0.609,0.569,0.0807,-4.106
148.708,0.897,0.685,0.434,0.0103,-4.918
104.98,0.814,0.146,0.546,0.023,-5.146
94.612,0.943,0.296,0.331,0.00721,-3.188
149.976,0.926,0.877,0.578,0.00472,-3.689
110.024,0.781,0.584,0.655,0.00103,-6.547
167.06,0.682,0.474,0.496,0.00552,-4.095
186.113,0.988,0.769,0.38,2.64e-05,-2.042
87.904,0.823,0.741,0.693,0.0932,-3.761
137.715,0.563,0.209,0.452,0.144,-6.607
119.921,0.744,0.277,0.628,0.0257,-4.718
103.408,0.946,0.741,0.494,0.00129,-2.757
173.734,0.904,0.786,0.486,3.43e-05,-3.751
92.956,0.932,0.464,0.545,0.000665,-2.189
143.519,0.873,0.686,0.308,0.00022,-4.542
154.844,0.892,0.59,0.46,0.0051,-5.046
111.647,0.857,0.856,0.463,0.0506,-3.063
196.482,0.914,0.626,0.403,0.000579,-5.215
157.663,0.951,0.468,0.391,0.012,-7.419
138.559,0.705,0.772,0.818,0.00836,-6.679
179.722,0.94,0.255,0.21,0.00602,-3.427
164.057,0.87,0.284,0.28,0.000686,-4.219
119.965,0.818,0.916,0.695,0.00647,-5.379
125.921,0.96,0.0857,0.356,0.0142,-3.487
122.252,0.883,0.309,0.467,0.000321,-3.679
165.981,0.986,0.649,0.411,0.000264,-2.522
169.835,0.796,0.33,0.289,0.00837,-4.22
145.781,0.886,0.192,0.202,0.0286,-3.805
95.594,0.928,0.882,0.579,0.000715,-4.344
162.011,0.842,0.574,0.494,0.00579,-4.784
114.451,0.961,0.449,0.621,0.00523,-3.198
193.144,0.959,0.83,0.409,0.000324,-4.563
167.086,0.827,0.45,0.29,0.000659,-3.451
136.02,0.775,0.383,0.52,0.034,-5.803
112.363,0.965,0.431,0.403,3.81e-05,-2.238
159.989,0.925,0.338,0.472,0.000394,-3.545
112.751,0.422,0.487,0.756,0.0165,-12.967
67.531,0.214,0.11,0.332,0.845,-12.518
116.262,0.498,0.111,0.581,0.198,-6.9
149.705,0.428,0.53,0.641,0.0666,-9.29
140.054,0.519,0.247,0.546,0.36,-9.072
80.61,0.652,0.722,0.52,0.339,-6.655
119.873,0.402,0.258,0.651,0.639,-9.303
131.783,0.317,0.247,0.509,0.621,-16.063
121.948,0.381,0.33,0.476,0.727,-10.238
99.304,0.264,0.264,0.636,0.593,-14.567
82.803,0.249,0.213,0.418,0.841,-13.744
118.01,0.74,0.501,0.593,0.364,-6.12
101.991,0.64,0.452,0.691,0.0247,-5.087
131.745,0.533,0.224,0.584,0.684,-7.11
129.993,0.65,0.668,0.727,0.662,-5.357
94.519,0.588,0.617,0.686,0.178,-8.343
79.983,0.72,0.472,0.508,0.272,-5.908
86.768,0.612,0.57,0.536,0.119,-5.847
87.903,0.438,0.287,0.384,0.753,-9.149
119.919,0.467,0.177,0.615,0.314,-9.883
94.931,0.825,0.268,0.56,0.323,-3.862
94.382,0.602,0.744,0.805,0.119,-9.7
128.019,0.512,0.193,0.634,0.114,-8.651
81.998,0.479,0.454,0.675,0.633,-9.87
138.009,0.678,0.734,0.713,0.273,-3.525
65.043,0.859,0.535,0.728,0.0401,-5.237
93.985,0.629,0.726,0.657,0.194,-4.938
138.007,0.467,0.702,0.845,0.0586,-7.674
140.036,0.621,0.399,0.583,0.00972,-6.902
132.012,0.68,0.728,0.727,0.0101,-4.498
86.989,0.925,0.641,0.749,0.241,-5.034
93.867,0.73,0.731,0.637,0.322,-5.38
129.473,0.932,0.33,0.522,0.119,-2.87
74.267,0.622,0.401,0.328,0.858,-7.291
74.375,0.422,0.468,0.692,0.0811,-10.533
90.04,0.549,0.167,0.644,0.0209,-5.415
184.374,0.479,0.708,0.656,0.0665,-7.055
80.063,0.768,0.507,0.78,0.0371,-4.325
104.036,0.656,0.225,0.638,0.188,-5.886
139.987,0.476,0.767,0.84,0.0264,-7.918
136.628,0.614,0.345,0.553,0.764,-5.098
93.135,0.596,0.754,0.569,0.452,-6.486
101.967,0.565,0.365,0.78,0.736,-7.32
118.068,0.306,0.605,0.65,0.57,-9.443
130.009,0.661,0.769,0.762,0.15,-6.075
97.785,0.606,0.886,0.596,0.181,-12.145
118.222,0.834,0.337,0.249,0.0742,-8.21
120.47,0.752,0.404,0.422,0.0366,-8.682
140.232,0.247,0.258,0.467,0.906,-14.161
117.896,0.5,0.801,0.664,0.799,-6.935
144.458,0.638,0.178,0.486,0.000921,-6.231
148.658,0.122,0.0735,0.264,0.885,-15.399
95.968,0.485,0.547,0.753,0.345,-9.431
115.011,0.561,0.231,0.598,0.611,-11.676
141.8,0.324,0.388,0.733,0.479,-8.122
129.9,0.22,0.197,0.702,0.698,-13.696
157.338,0.467,0.377,0.413,0.732,-9.282
120.133,0.378,0.207,0.662,0.475,-10.908
79.109,0.216,0.504,0.555,0.557,-11.661
83.943,0.291,0.51,0.388,0.774,-12.952
121.412,0.363,0.259,0.531,0.749,-7.672
132.679,0.187,0.212,0.303,0.989,-16.757
148.035,0.551,0.443,0.527,0.384,-11.258
110.044,0.186,0.468,0.6,0.909,-15.926
122.877,0.439,0.365,0.586,0.715,-7.993
87.003,0.417,0.649,0.654,0.446,-9.226
101.654,0.731,0.484,0.483,0.436,-6.696
94.009,0.731,0.376,0.656,0.575,-5.861
170.076,0.624,0.413,0.505,0.0253,-6.526
108.953,0.452,0.102,0.413,0.588,-10.232
99.995,0.864,0.706,0.637,0.484,-4.381
94.938,0.413,0.273,0.494,0.682,-10.432
95.015,0.331,0.559,0.611,0.93,-12.493
128.094,0.312,0.789,0.681,0.816,-16.173
127.823,0.316,0.452,0.625,0.777,-12.124
171.402,0.399,0.832,0.537,0.202,-13.547
130.398,0.533,0.814,0.687,0.573,-8.853
123.188,0.507,0.831,0.653,0.687,-17.18
95.015,0.331,0.559,0.611,0.93,-12.493
82.789,0.309,0.473,0.583,0.824,-14.509
119.965,0.748,0.829,0.868,0.29,-3.492
100.024,0.611,0.417,0.854,0.223,-6.26
109.986,0.128,0.124,0.522,0.894,-18.717
118.917,0.235,0.0895,0.498,0.72,-16.541
69.677,0.00362,0.0885,0.235,0.995,-37.822
126.031,0.618,0.32,0.853,0.633,-10.833
126.089,0.518,0.37,0.875,0.0638,-8.388
122.085,0.791,0.585,0.571,0.0494,-5.935
121.985,0.717,0.466,0.793,0.0927,-4.759
120.0,0.942,0.038,0.762,0.586,-6.432
108.005,0.777,0.589,0.58,0.104,-5.69
113.998,0.836,0.288,0.729,0.156,-4.312
126.089,0.518,0.37,0.875,0.0638,-8.388
119.996,0.787,0.31,0.704,0.00926,-6.751
126.031,0.618,0.32,0.853,0.633,-10.833
127.949,0.856,0.743,0.596,0.0211,-3.556
126.027,0.869,0.726,0.874,0.00116,-5.996
127.028,0.729,0.246,0.88,0.334,-6.378
128.004,0.86,0.618,0.755,0.0144,-4.811
125.91,0.813,0.355,0.513,0.28,-2.744
121.985,0.797,0.422,0.845,0.0582,-4.984
108.005,0.777,0.589,0.58,0.104,-5.69
125.952,0.818,0.886,0.687,0.0112,-4.221
125.004,0.69,0.692,0.847,0.0127,-7.877
101.216,0.896,0.403,0.67,0.0342,-4.673
129.998,0.876,0.964,0.671,0.12,-5.681
121.964,0.722,0.466,0.587,0.000754,-6.983
120.032,0.886,0.778,0.655,0.066,-5.227
129.89,0.655,0.39,0.558,0.208,-5.476
120.033,0.637,0.0509,0.847,0.201,-8.751
87.024,0.793,0.411,0.545,0.191,-3.615
117.737,0.647,0.257,0.581,0.0778,-7.335
123.96,0.785,0.779,0.621,0.0165,-4.499
129.973,0.841,0.865,0.714,0.0622,-5.942
125.051,0.821,0.249,0.848,0.0169,-5.408
75.031,0.855,0.302,0.605,0.473,-4.414
127.034,0.782,0.502,0.763,0.182,-4.541
140.039,0.821,0.439,0.777,0.14,-4.963
129.995,0.594,0.83,0.853,0.052,-6.823
124.015,0.867,0.684,0.747,0.582,-7.311
123.006,0.606,0.314,0.567,0.0801,-6.543
123.993,0.937,0.666,0.651,0.236,-4.078
123.031,0.888,0.412,0.671,0.0022,-4.285
127.993,0.714,0.409,0.634,0.00882,-7.529
124.025,0.897,0.582,0.689,0.145,-4.487
130.02,0.863,0.805,0.652,0.0921,-4.853
127.938,0.688,0.214,0.608,0.0554,-8.597
74.973,0.951,0.4,0.772,0.0634,-3.375
130.085,0.88,0.523,0.588,0.0243,-5.15
126.056,0.831,0.673,0.785,0.0038,-3.681
119.984,0.8,0.925,0.724,0.0103,-5.468
75.066,0.392,0.26,0.599,0.378,-6.869
100.001,0.802,0.343,0.713,0.0435,-7.055
141.99,0.953,0.422,0.631,0.0241,-3.739
120.0,0.942,0.038,0.762,0.586,-6.432
81.109,0.432,0.765,0.695,0.312,-8.195
90.941,0.483,0.774,0.738,0.467,-9.097
80.096,0.538,0.805,0.72,0.348,-8.874
91.98,0.712,0.692,0.848,0.221,-3.574
99.998,0.681,0.762,0.725,0.318,-5.277
100.025,0.519,0.804,0.763,0.22,-7.426
104.008,0.616,0.25,0.773,0.0565,-4.516
117.994,0.854,0.522,0.786,0.169,-2.4
167.985,0.578,0.757,0.724,0.632,-7.117
96.057,0.778,0.345,0.911,0.0887,-2.248
119.935,0.645,0.528,0.801,0.604,-5.605
139.056,0.621,0.13,0.787,0.15,-5.009
94.601,0.724,0.396,0.847,0.0869,-5.41
94.969,0.795,0.681,0.845,0.343,-3.502
169.918,0.738,0.484,0.841,0.52,-7.455
143.978,0.8,0.234,0.652,0.143,-4.019
140.017,0.706,0.686,0.863,0.143,-5.555
123.06,0.703,0.576,0.713,0.298,-5.769
92.005,0.712,0.425,0.911,0.0901,-5.105
103.071,0.616,0.451,0.797,0.762,-10.229
98.047,0.475,0.234,0.801,0.141,-8.797
106.672,0.715,0.187,0.65,0.0993,-5.198
114.011,0.684,0.419,0.795,0.0225,-3.971
196.12,0.786,0.579,0.663,0.229,-3.51
127.963,0.707,0.317,0.771,0.389,-6.404
91.995,0.856,0.872,0.815,0.4,-3.825
175.896,0.86,0.791,0.725,0.422,-3.726
153.979,0.688,0.632,0.659,0.207,-4.649
179.951,0.648,0.44,0.644,0.276,-4.601
92.025,0.637,0.471,0.811,0.234,-4.835
81.993,0.618,0.391,0.856,0.0303,-4.892
91.952,0.759,0.579,0.78,0.462,-3.292
109.928,0.573,0.145,0.731,0.401,-10.059
174.021,0.765,0.855,0.691,0.464,-4.727
96.172,0.829,0.685,0.607,0.0103,-4.074
179.87,0.848,0.761,0.685,0.0861,-4.561
92.023,0.791,0.887,0.86,0.169,-4.784
129.928,0.603,0.824,0.9,0.402,-5.313
93.992,0.801,0.81,0.762,0.2,-3.661
97.014,0.758,0.453,0.86,0.021,-5.16
94.004,0.703,0.788,0.879,0.143,-4.219
165.951,0.596,0.622,0.819,0.225,-7.009
176.088,0.646,0.429,0.756,0.152,-5.795
92.603,0.791,0.933,0.639,0.0275,-4.443
176.169,0.624,0.244,0.61,0.6,-4.773
97.963,0.689,0.746,0.882,0.39,-4.027
95.982,0.647,0.553,0.857,0.391,-4.152
93.989,0.86,0.656,0.737,0.11,-2.652
96.993,0.836,0.874,0.746,0.145,-4.336
87.961,0.673,0.695,0.818,0.348,-7.542
173.916,0.711,0.92,0.718,0.157,-5.746
175.95,0.701,0.785,0.73,0.132,-5.885
175.965,0.746,0.733,0.746,0.152,-5.046
140.006,0.681,0.676,0.807,0.423,-6.268
106.034,0.69,0.682,0.799,0.282,-7.252
87.864,0.812,0.724,0.683,0.161,-4.493
83.836,0.598,0.543,0.55,0.132,-5.402
168.022,0.761,0.906,0.714,0.139,-4.596
168.021,0.617,0.682,0.713,0.122,-4.637
79.31,0.675,0.961,0.627,0.125,-7.125
88.863,0.706,0.443,0.635,0.256,-3.224
130.001,0.766,0.442,0.762,0.00776,-3.955
94.979,0.745,0.716,0.793,0.182,-4.579
93.956,0.766,0.662,0.737,0.31,-4.242
169.888,0.703,0.138,0.639,0.0889,-6.33
93.991,0.7,0.899,0.843,0.0934,-3.563
90.02,0.694,0.511,0.869,0.356,-3.35
174.14,0.636,0.575,0.695,0.234,-4.654
78.293,0.903,0.607,0.564,0.356,-3.221
99.968,0.674,0.292,0.804,0.294,-5.453
115.018,0.584,0.724,0.849,0.0929,-8.195
181.891,0.673,0.342,0.655,0.473,-5.98
92.523,0.858,0.342,0.627,0.263,-2.824
95.0,0.694,0.298,0.703,0.436,-4.808
91.911,0.789,0.464,0.757,0.307,-3.46
179.879,0.739,0.425,0.704,0.328,-3.286
98.026,0.846,0.604,0.734,0.166,-3.425
93.976,0.662,0.607,0.892,0.169,-3.894
169.922,0.479,0.559,0.812,0.213,-5.678
97.008,0.892,0.916,0.791,0.0509,-2.58
91.986,0.737,0.607,0.708,0.0739,-4.045
102.984,0.711,0.934,0.822,0.179,-4.943
162.087,0.812,0.903,0.785,0.147,-3.174
92.998,0.794,0.796,0.843,0.226,-4.686
167.969,0.769,0.931,0.771,0.18,-3.504
180.011,0.88,0.463,0.72,0.0562,-2.834
93.999,0.672,0.774,0.817,0.441,-5.612
98.992,0.543,0.359,0.898,0.343,-8.317
99.993,0.709,0.648,0.725,0.321,-5.017
96.037,0.766,0.594,0.88,0.0881,-2.906
169.727,0.671,0.641,0.714,0.292,-5.119
173.97,0.617,0.486,0.703,0.215,-5.696
100.02,0.626,0.78,0.763,0.0859,-5.637
99.986,0.499,0.669,0.791,0.446,-8.472
129.992,0.476,0.578,0.793,0.132,-10.515
92.009,0.71,0.523,0.535,0.428,-2.978
128.027,0.668,0.787,0.924,0.446,-6.795
100.029,0.482,0.356,0.69,0.523,-6.335
128.028,0.779,0.95,0.937,0.22,-3.539
115.221,0.583,0.271,0.669,0.603,-8.949
100.025,0.496,0.476,0.696,0.273,-7.532
100.09,0.665,0.659,0.858,0.126,-4.772
100.019,0.86,0.446,0.774,0.131,-2.888
99.994,0.507,0.606,0.755,0.293,-6.76
86.533,0.599,0.478,0.828,0.381,-1.624
129.949,0.827,0.614,0.956,0.136,1.295
126.015,0.99,0.386,0.748,0.303,-2.39
130.028,0.803,0.795,0.877,0.734,-3.195
130.078,0.413,0.679,0.92,0.504,-7.901
130.053,0.789,0.758,0.89,0.147,-1.826
80.492,0.427,0.443,0.492,0.364,-6.37
130.05,0.669,0.843,0.949,0.36,-3.922
117.008,0.687,0.839,0.778,0.578,-8.568
130.068,0.955,0.713,0.679,0.000737,-3.715
84.917,0.582,0.892,0.615,0.269,-0.93
130.118,0.96,0.586,0.863,0.497,-1.458
117.054,0.907,0.304,0.863,0.0683,-5.077
86.429,0.59,0.702,0.711,0.26,-5.967
90.025,0.327,0.181,0.707,0.185,-17.176
98.022,0.729,0.427,0.629,0.431,-5.235
120.001,0.656,0.556,0.685,0.702,-8.028
95.056,0.606,0.883,0.831,0.684,-4.84
108.02,0.914,0.839,0.726,0.0758,-4.226
78.753,0.724,0.587,0.536,0.748,-6.84
204.028,0.622,0.567,0.406,0.497,-7.647
141.894,0.538,0.177,0.52,0.367,-8.109
130.012,0.586,0.954,0.891,0.0833,-4.665
119.973,0.722,0.57,0.769,0.0584,-5.485
95.416,0.84,0.792,0.856,0.0973,-7.736
97.571,0.818,0.361,0.373,0.36,-3.19
67.536,0.803,0.553,0.284,0.302,-5.293
76.54,0.86,0.834,0.575,0.298,-3.165
84.143,0.579,0.577,0.562,0.274,-6.788
119.043,0.621,0.28,0.455,0.651,-7.694
80.082,0.76,0.206,0.435,0.0175,-4.935
82.81,0.638,0.435,0.677,0.589,-8.631
81.958,0.498,0.127,0.665,0.23,-8.185
135.028,0.441,0.925,0.942,0.493,-11.448
95.977,0.421,0.457,0.852,0.428,-9.153
141.981,0.652,0.104,0.47,0.0831,-9.629
120.013,0.574,0.273,0.669,0.0175,-6.442
94.893,0.638,0.608,0.809,0.262,-5.646
129.953,0.57,0.689,0.734,0.847,-7.066
82.356,0.744,0.794,0.798,0.33,-5.328
142.347,0.653,0.852,0.493,0.269,-5.666
120.058,0.435,0.19,0.843,0.47,-8.442
145.972,0.636,0.274,0.837,0.0395,-7.643
90.482,0.628,0.43,0.639,0.0381,-7.578
160.037,0.354,0.583,0.741,0.181,-10.603
111.98,0.463,0.364,0.809,0.256,-11.377
49.305,0.604,0.691,0.583,0.735,-8.437
176.153,0.646,0.638,0.599,0.222,-6.326
139.999,0.251,0.18,0.746,0.782,-16.169
97.044,0.734,0.608,0.918,0.0296,-2.832
95.0,0.63,0.717,0.874,0.0578,-3.585
115.994,0.506,0.593,0.848,0.376,-5.105
86.918,0.747,0.918,0.67,0.337,-7.059
117.067,0.678,0.259,0.595,0.0199,-5.18
92.869,0.52,0.601,0.747,0.0977,-10.523
131.036,0.533,0.329,0.797,0.0172,-9.74
174.516,0.731,0.632,0.552,0.0536,-6.873
78.558,0.559,0.62,0.558,0.371,-9.222
84.166,0.631,0.515,0.48,0.0791,-5.488
138.97,0.283,0.469,0.898,0.319,-12.335
97.04,0.283,0.144,0.766,0.111,-10.33
93.2,0.648,0.746,0.737,0.252,-5.493
101.837,0.634,0.645,0.502,0.677,-3.367
106.312,0.385,0.294,0.619,0.129,-11.272
67.813,0.651,0.567,0.49,0.714,-6.259
113.976,0.415,0.488,0.823,0.471,-10.845
104.986,0.801,0.914,0.778,0.692,-7.326
139.057,0.681,0.706,0.918,0.263,-4.705
105.024,0.756,0.647,0.719,0.0541,-5.392
99.97,0.503,0.381,0.792,0.0369,-8.044
125.15,0.463,0.416,0.562,0.442,-7.478
104.027,0.707,0.602,0.849,0.0266,-6.002
103.993,0.501,0.431,0.637,0.229,-6.148
109.979,0.496,0.55,0.812,0.271,-5.969
102.964,0.581,0.528,0.609,0.509,-10.854
83.389,0.642,0.339,0.463,0.314,-4.474
92.9,0.655,0.793,0.649,0.307,-5.534
123.879,0.549,0.78,0.613,0.097,-8.187
112.014,0.529,0.44,0.782,0.509,-8.626
140.997,0.00161,0.155,0.138,0.977,-43.643
159.719,0.277,0.121,0.329,0.971,-13.111
135.965,0.04,0.249,0.44,0.981,-16.887
129.071,0.664,0.437,0.575,0.637,-5.303
130.033,0.581,0.551,0.613,0.537,-8.588
113.986,0.416,0.151,0.324,0.262,-8.92
121.412,0.363,0.259,0.531,0.749,-7.672
96.192,0.394,0.399,0.421,0.863,-8.312
113.95,0.308,0.121,0.504,0.868,-14.958
144.678,0.422,0.455,0.718,0.0764,-9.115
123.969,0.449,0.179,0.327,0.369,-5.362
82.987,0.135,0.21,0.387,0.929,-14.398
140.01,0.179,0.145,0.539,0.921,-14.33
70.499,0.119,0.156,0.467,0.969,-10.99
79.764,0.0561,0.082,0.319,0.935,-23.023
145.115,0.343,0.152,0.474,0.578,-8.571
94.08,0.156,0.201,0.671,0.804,-16.288
159.679,0.128,0.367,0.599,0.974,-17.261
137.35,0.129,0.203,0.483,0.947,-20.149
148.005,0.322,0.261,0.516,0.473,-11.762
102.617,0.268,0.165,0.371,0.748,-10.506
133.943,0.338,0.1,0.408,0.521,-13.626
129.753,0.289,0.12,0.531,0.339,-10.065
201.025,0.276,0.429,0.334,0.877,-13.125
78.997,0.304,0.065,0.538,0.613,-11.79
101.96,0.377,0.446,0.606,0.817,-9.455
137.474,0.31,0.151,0.509,0.959,-10.623
104.007,0.225,0.221,0.554,0.892,-11.324
102.078,0.425,0.27,0.357,0.584,-7.301
94.434,0.468,0.18,0.369,0.0205,-9.013
117.053,0.407,0.126,0.457,0.805,-11.475
107.747,0.664,0.0949,0.404,0.542,-6.698
130.694,0.526,0.502,0.521,0.243,-6.032
77.968,0.367,0.426,0.395,0.815,-7.653
141.332,0.347,0.199,0.409,0.834,-8.159
144.99,0.483,0.176,0.617,0.702,-7.359
165.476,0.199,0.201,0.48,0.931,-12.398
110.927,0.288,0.308,0.687,0.863,-10.415
81.876,0.11,0.234,0.415,0.951,-14.901
86.686,0.0972,0.289,0.443,0.952,-16.496
103.777,0.245,0.192,0.34,0.969,-13.352
110.019,0.348,0.32,0.631,0.926,-10.285
72.38,0.159,0.0381,0.403,0.961,-16.728
161.989,0.529,0.203,0.671,0.0769,-7.226
184.057,0.663,0.381,0.672,0.112,-5.984
148.775,0.561,0.186,0.686,0.185,-9.929
94.011,0.819,0.682,0.565,0.232,-7.899
160.084,0.767,0.519,0.718,0.138,-5.641
150.097,0.653,0.163,0.547,0.456,-3.875
93.924,0.534,0.116,0.832,0.345,-7.813
112.509,0.662,0.39,0.897,0.0852,-6.903
120.1,0.515,0.321,0.567,0.354,-10.265
163.935,0.651,0.237,0.665,0.0414,-5.515
124.13,0.55,0.154,0.629,0.152,-6.772
179.987,0.671,0.45,0.684,0.0119,-6.424
139.918,0.8,0.272,0.498,0.0903,-2.665
143.968,0.54,0.543,0.634,0.0223,-7.002
97.008,0.545,0.244,0.809,0.392,-6.678
140.004,0.369,0.235,0.735,0.334,-9.682
150.047,0.662,0.439,0.709,0.00966,-4.55
155.096,0.75,0.401,0.732,0.00264,-6.366
114.929,0.588,0.471,0.712,0.112,-5.332
99.952,0.538,0.389,0.829,0.137,-7.359
130.007,0.507,0.506,0.872,0.195,-6.323
105.989,0.631,0.142,0.648,0.38,-5.662
127.978,0.646,0.961,0.946,0.219,-6.604
144.991,0.814,0.535,0.625,0.0172,-5.181
123.013,0.779,0.53,0.724,0.098,-5.412
120.042,0.763,0.551,0.695,0.189,-3.497
94.03,0.782,0.57,0.701,0.0918,-4.987
169.949,0.88,0.392,0.49,0.00154,-4.856
113.535,0.551,0.65,0.748,0.243,-9.054
124.709,0.526,0.202,0.558,0.431,-4.686
136.628,0.614,0.345,0.553,0.764,-5.098
133.403,0.506,0.217,0.469,0.587,-6.283
139.009,0.384,0.181,0.437,0.699,-8.384
114.019,0.557,0.482,0.815,0.109,-7.166
134.049,0.326,0.214,0.46,0.763,-8.226
130.096,0.76,0.495,0.512,0.299,-5.889
85.046,0.645,0.434,0.714,0.229,-5.493
110.827,0.321,0.416,0.68,0.791,-10.944
93.99,0.499,0.798,0.796,0.392,-6.166
79.989,0.588,0.879,0.675,0.789,-7.168
130.02,0.533,0.349,0.645,0.644,-11.65
84.07,0.615,0.918,0.775,0.304,-5.682
86.638,0.798,0.48,0.509,0.00625,-4.472
175.917,0.606,0.38,0.656,0.335,-5.948
180.219,0.702,0.674,0.711,0.00487,-10.048
171.285,0.78,0.448,0.461,0.128,-5.004
94.0,0.431,0.246,0.881,0.182,-11.093
99.958,0.455,0.352,0.796,0.637,-7.763
115.974,0.362,0.633,0.967,0.514,-11.374
89.998,0.627,0.356,0.742,0.262,-8.939
88.041,0.572,0.644,0.742,0.391,-8.163
100.042,0.684,0.483,0.769,0.0977,-6.113
85.953,0.566,0.68,0.794,0.301,-8.35
144.926,0.512,0.881,0.848,0.284,-7.757
139.979,0.75,0.662,0.831,0.0188,-5.42
92.969,0.733,0.183,0.864,0.144,-3.292
83.679,0.356,0.569,0.708,0.437,-9.738
89.906,0.718,0.91,0.716,0.0452,-5.348
180.098,0.745,0.262,0.464,0.0235,-3.202
76.71,0.661,0.753,0.836,0.0208,-6.502
119.992,0.782,0.655,0.727,0.0563,-8.529
119.996,0.787,0.31,0.704,0.00926,-6.751
119.986,0.577,0.206,0.795,0.00263,-9.638
122.028,0.872,0.136,0.43,0.118,-7.821
120.036,0.946,0.229,0.542,0.0312,-6.048
122.011,0.797,0.0356,0.702,0.583,-6.635
123.993,0.723,0.579,0.787,0.0509,-6.995
123.004,0.879,0.362,0.741,0.0841,-6.132
121.843,0.57,0.487,0.655,0.527,-11.475
120.033,0.637,0.0509,0.847,0.201,-8.751
120.97,0.83,0.465,0.808,0.00575,-8.238
87.587,0.0516,0.199,0.27,0.986,-33.766
132.614,0.0582,0.0454,0.191,0.961,-25.398
172.13,0.146,0.416,0.265,0.985,-21.134
95.217,0.0559,0.278,0.396,0.987,-20.707
128.563,0.138,0.325,0.34,0.984,-24.95
62.881,0.0968,0.0395,0.286,0.178,-16.806
91.038,0.874,0.361,0.532,0.00842,-5.183
82.019,0.149,0.112,0.485,0.886,-20.394
67.238,0.0823,0.0381,0.252,0.951,-27.338
117.987,0.855,0.601,0.534,0.00043,-7.578
141.931,0.641,0.089,0.529,0.0711,-6.78
170.084,0.754,0.457,0.564,0.0424,-8.849
113.861,0.715,0.858,0.552,0.0286,-9.291
106.896,0.687,0.12,0.605,0.479,-13.928
130.032,0.91,0.137,0.528,0.346,-7.309
140.04,0.573,0.972,0.911,0.38,-7.43
146.05,0.413,0.481,0.747,0.848,-11.197
141.849,0.332,0.423,0.885,0.0185,-8.62
140.065,0.674,0.726,0.922,0.323,-4.429
149.987,0.731,0.446,0.583,0.0107,-6.18
97.007,0.731,0.973,0.751,0.0838,-4.419
97.027,0.84,0.94,0.673,0.0683,-3.564
129.944,0.758,0.858,0.696,0.172,-6.077
121.989,0.447,0.523,0.657,0.478,-13.148
123.003,0.777,0.667,0.649,0.00738,-3.546
170.391,0.592,0.31,0.332,0.0824,-6.127
173.85,0.523,0.363,0.452,0.563,-6.453
84.098,0.715,0.638,0.487,0.294,-4.417
106.196,0.659,0.532,0.648,0.115,-6.369
125.796,0.85,0.348,0.374,0.0904,-5.657
76.979,0.643,0.387,0.601,0.155,-4.581
123.217,0.479,0.279,0.425,0.44,-12.22
126.043,0.553,0.699,0.487,0.209,-11.197
145.751,0.358,0.742,0.715,0.743,-15.522
124.725,0.759,0.917,0.791,0.0823,-5.67
172.547,0.936,0.39,0.594,0.0224,-4.722
123.57,0.735,0.68,0.714,0.176,-7.125
112.481,0.631,0.909,0.781,0.0533,-7.615
148.003,0.854,0.564,0.634,0.00737,-3.444
133.946,0.879,0.936,0.742,0.0696,-4.274
172.006,0.824,0.49,0.77,0.485,-6.491
116.015,0.809,0.253,0.732,0.0266,-7.264
97.988,0.797,0.541,0.811,0.0617,-5.428
155.397,0.807,0.741,0.525,0.251,-6.366
119.958,0.593,0.72,0.79,0.0983,-9.204
132.029,0.831,0.721,0.798,0.697,-4.481
123.58,0.913,0.838,0.606,0.246,-6.039
114.924,0.449,0.327,0.669,0.184,-7.658
95.978,0.255,0.331,0.375,0.815,-12.279
70.568,0.629,0.498,0.513,0.0986,-9.055
126.036,0.583,0.97,0.793,0.106,-5.973
101.005,0.681,0.434,0.798,0.219,-4.818
109.96,0.638,0.646,0.701,0.223,-9.061
119.892,0.852,0.601,0.779,0.235,-3.353
117.952,0.717,0.601,0.753,0.151,-8.438
118.093,0.627,0.909,0.788,0.693,-9.072
130.081,0.708,0.308,0.872,0.336,-7.472
115.03,0.569,0.525,0.772,0.235,-7.006
130.081,0.709,0.309,0.872,0.336,-7.472
102.025,0.533,0.738,0.863,0.291,-7.986
97.96,0.873,0.873,0.621,0.0406,-3.067
168.017,0.924,0.611,0.598,0.0205,-4.974
118.018,0.664,0.661,0.731,0.00307,-5.474
92.9,0.655,0.793,0.649,0.307,-5.534
107.007,0.781,0.824,0.811,0.376,-6.333
99.97,0.503,0.381,0.792,0.0369,-8.044
103.993,0.501,0.431,0.637,0.229,-6.148
100.053,0.485,0.689,0.843,0.181,-8.735
123.879,0.549,0.78,0.613,0.097,-8.187
113.009,0.649,0.229,0.788,0.253,-9.674
124.357,0.422,0.693,0.573,0.551,-7.621
105.016,0.725,0.53,0.711,0.424,-8.315
99.005,0.809,0.606,0.724,0.182,-5.022
83.389,0.642,0.339,0.463,0.314,-4.474
126.881,0.89,0.421,0.645,0.259,-4.985
132.31,0.746,0.432,0.636,0.0648,-3.785
129.981,0.835,0.795,0.572,0.171,-6.219
111.457,0.804,0.658,0.591,0.327,-7.299
76.474,0.104,0.394,0.443,0.913,-17.042
80.487,0.472,0.475,0.685,0.785,-9.691
119.347,0.365,0.45,0.67,0.525,-10.158
122.482,0.264,0.657,0.663,0.706,-14.571
156.364,0.222,0.645,0.525,0.836,-11.065
60.705,0.0619,0.197,0.336,0.985,-20.494
127.359,0.671,0.591,0.742,0.794,-8.142
130.436,0.0422,0.397,0.519,0.966,-10.778
95.063,0.113,0.738,0.659,0.976,-16.756
59.385,0.159,0.196,0.505,0.946,-11.235
95.068,0.0917,0.0836,0.517,0.876,-18.395
133.918,0.195,0.0778,0.412,0.9,-10.288
147.143,0.42,0.517,0.417,0.186,-13.046
63.423,0.273,0.321,0.517,0.866,-17.279
126.222,0.237,0.178,0.477,0.947,-17.115
133.998,0.126,0.216,0.234,0.989,-25.427
125.61,0.0306,0.118,0.289,0.987,-30.79
128.143,0.0161,0.0573,0.169,0.986,-31.034
67.359,0.0336,0.0516,0.0939,0.927,-24.041
68.947,0.00501,0.0383,0.32,0.993,-33.366
71.827,0.00579,0.0369,0.376,0.996,-31.615
90.072,0.256,0.134,0.168,0.932,-15.549
82.015,0.0523,0.0327,0.0783,0.896,-23.247
84.865,0.098,0.062,0.253,0.93,-19.878
140.966,0.0545,0.0385,0.194,0.983,-24.877
76.382,0.0142,0.0384,0.341,0.993,-28.293
136.732,0.0292,0.0338,0.279,0.987,-26.804
90.041,0.339,0.0719,0.53,0.567,-16.973
170.612,0.00527,0.151,0.184,0.995,-37.264
139.478,0.139,0.31,0.366,0.885,-19.978
120.736,0.0639,0.0781,0.235,0.962,-24.404
163.665,0.0047,0.186,0.225,0.992,-30.928
133.808,0.254,0.0986,0.353,0.948,-16.205
95.839,0.178,0.148,0.374,0.92,-15.758
105.513,0.341,0.163,0.701,0.499,-12.26
129.103,0.0851,0.0388,0.307,0.968,-20.471
169.325,0.682,0.646,0.323,0.763,-10.208
129.095,0.27,0.228,0.263,0.876,-16.85
73.954,0.0733,0.0308,0.102,0.974,-24.133
65.057,0.0116,0.0331,0.0623,0.991,-27.893
105.651,0.106,0.0336,0.165,0.807,-21.742
109.766,0.246,0.0859,0.292,0.922,-14.96
56.479,0.0175,0.0928,0.114,0.923,-33.957
111.541,0.0113,0.486,0.466,0.939,-34.2
76.618,0.0287,0.0386,0.154,0.984,-26.958
125.793,0.0176,0.0901,0.491,0.994,-26.911
94.404,0.135,0.179,0.25,0.958,-18.615
88.316,0.0525,0.0511,0.205,0.98,-23.841
71.477,0.006,0.0383,0.176,0.899,-42.238
73.968,0.0354,0.0426,0.1,0.901,-17.211
130.415,0.206,0.0839,0.351,0.797,-22.657
141.485,0.123,0.203,0.311,0.931,-19.708
126.31,0.0251,0.04,0.234,0.937,-28.627
135.975,0.674,0.357,0.872,0.17,-5.831
139.905,0.831,0.648,0.652,0.0111,-5.972
123.987,0.632,0.253,0.848,0.398,-7.381
156.005,0.61,0.519,0.676,0.000114,-9.185
84.098,0.48,0.563,0.874,0.033,-12.092
157.916,0.939,0.42,0.504,0.0628,-7.434
72.993,0.414,0.106,0.825,0.00265,-6.634
148.014,0.569,0.263,0.735,0.00189,-10.35
181.884,0.875,0.75,0.586,0.166,-5.07
156.999,0.883,0.27,0.601,0.00088,-1.627
141.992,0.607,0.506,0.68,0.264,-5.523
138.988,0.455,0.897,0.89,0.158,-10.226
95.011,0.837,0.479,0.753,0.0232,-8.207
140.99,0.744,0.764,0.772,0.0114,-5.108
120.973,0.673,0.776,0.851,0.0452,-5.405
125.103,0.447,0.207,0.709,0.025,-10.78
110.04,0.426,0.476,0.782,0.307,-14.006
146.933,0.538,0.831,0.759,0.151,-8.256
130.977,0.401,0.173,0.907,0.00892,-8.288
119.97,0.59,0.723,0.88,0.08,-4.709
124.041,0.586,0.568,0.808,0.641,-7.242
95.006,0.519,0.154,0.872,0.203,-6.531
134.006,0.668,0.154,0.798,0.135,-5.244
139.955,0.655,0.516,0.845,0.239,-5.137
93.121,0.674,0.482,0.736,0.352,-6.846
96.937,0.566,0.54,0.852,0.221,-8.8
171.264,0.637,0.882,0.567,0.499,-4.032
96.593,0.627,0.888,0.605,0.105,-5.778
115.019,0.732,0.967,0.748,0.665,-3.688
112.022,0.552,0.517,0.813,0.0639,-12.066
104.273,0.622,0.575,0.627,0.639,-4.663
123.138,0.897,0.912,0.718,0.153,-5.701
166.058,0.652,0.619,0.476,0.185,-6.435
175.946,0.631,0.603,0.721,0.123,-5.743
104.925,0.796,0.736,0.463,0.0248,-6.604
130.18,0.738,0.954,0.612,0.517,-5.269
104.044,0.821,0.38,0.721,0.178,-5.695
76.625,0.626,0.512,0.714,0.26,-4.655
78.831,0.733,0.483,0.474,0.0447,-6.82
142.503,0.805,0.866,0.691,0.59,-6.81
89.927,0.817,0.777,0.721,0.153,-5.271
82.15,0.808,0.518,0.333,0.452,-6.476
91.0,0.836,0.514,0.763,0.151,-4.989
93.325,0.794,0.829,0.56,0.619,-4.28
90.945,0.805,0.846,0.552,0.678,-4.511
103.926,0.685,0.578,0.697,0.00388,-7.215
90.622,0.896,0.79,0.662,0.318,-5.311
100.979,0.804,0.926,0.932,0.128,-5.939
87.444,0.744,0.638,0.57,0.133,-4.008
87.319,0.8,0.959,0.646,0.692,-5.523
70.038,0.516,0.733,0.725,0.188,-9.853
90.168,0.664,0.695,0.742,0.0393,-6.379
127.966,0.455,0.223,0.907,0.272,-11.124
88.914,0.573,0.369,0.651,0.0651,-7.229
82.741,0.484,0.733,0.661,0.71,-10.982
96.69,0.674,0.327,0.647,0.549,-5.037
170.598,0.62,0.824,0.636,0.078,-7.064
90.368,0.663,0.687,0.677,0.282,-5.479
100.002,0.715,0.398,0.817,0.183,-5.13
82.941,0.573,0.236,0.603,0.478,-5.843
90.831,0.467,0.193,0.428,0.68,-4.904
91.101,0.785,0.515,0.638,0.185,-2.612
96.981,0.338,0.451,0.573,0.864,-7.478
141.936,0.907,0.635,0.488,0.00249,-3.715
109.988,0.173,0.146,0.359,0.924,-16.974
175.106,0.706,0.925,0.583,0.00558,-7.333
100.008,0.302,0.301,0.69,0.263,-11.244
90.032,0.625,0.486,0.51,0.0542,-5.236
129.699,0.288,0.125,0.39,0.758,-17.086
95.328,0.785,0.719,0.35,0.336,-6.576
129.986,0.736,0.82,0.721,0.17,-5.379
102.047,0.616,0.374,0.445,0.0043,-8.509
124.489,0.75,0.666,0.56,0.0112,-7.229
194.066,0.778,0.0975,0.158,0.000787,-9.471
113.016,0.828,0.667,0.58,0.00559,-4.914
119.991,0.517,0.793,0.765,0.0182,-11.079
79.885,0.647,0.232,0.46,0.0452,-6.652
172.045,0.843,0.249,0.203,0.000793,-6.551
129.985,0.809,0.292,0.566,0.681,-6.163
97.539,0.789,0.311,0.64,0.0338,-6.691
161.011,0.908,0.649,0.476,0.00776,-4.569
150.093,0.658,0.293,0.615,0.096,-7.299
134.014,0.501,0.961,0.781,0.66,-9.767
153.0,0.526,0.384,0.543,0.0447,-9.703
122.942,0.699,0.512,0.56,0.00483,-8.501
118.001,0.896,0.567,0.595,0.0641,-2.951
97.04,0.675,0.763,0.612,0.0994,-6.518
108.075,0.687,0.418,0.833,0.58,-7.851
130.091,0.701,0.892,0.721,0.000927,-5.941
183.059,0.84,0.749,0.569,0.0295,-4.123
131.024,0.749,0.485,0.6,0.0467,-6.889
101.096,0.794,0.6,0.576,0.0222,-5.119
78.964,0.354,0.602,0.807,0.15,-7.554
111.057,0.771,0.79,0.658,0.000893,-6.09
134.924,0.663,0.676,0.654,0.0589,-8.913
153.683,0.513,0.844,0.653,0.964,-8.972
130.047,0.565,0.705,0.713,0.0252,-7.8
107.48,0.804,0.222,0.528,0.0104,-4.168
145.73,0.882,0.81,0.537,0.00035,-2.306
96.006,0.681,0.53,0.642,0.119,-5.426
110.072,0.885,0.289,0.63,0.000397,-5.674
168.102,0.452,0.209,0.538,0.368,-7.994
139.963,0.797,0.965,0.636,0.00598,-4.644
122.017,0.601,0.856,0.602,0.037,-8.521
168.049,0.851,0.479,0.607,0.623,-7.754
190.013,0.915,0.398,0.446,0.00281,-6.221
108.014,0.923,0.551,0.695,0.0425,-3.93
144.099,0.829,0.704,0.59,0.0601,-5.649
95.508,0.538,0.713,0.9,0.229,-7.879
95.008,0.954,0.944,0.474,1.21e-05,-4.348
141.282,0.761,0.466,0.323,0.00942,-6.143
162.983,0.704,0.645,0.639,0.22,-5.818
91.007,0.631,0.491,0.537,0.0453,-6.558
150.255,0.892,0.892,0.578,0.000139,-7.952
140.034,0.844,0.34,0.472,0.00173,-6.578
117.992,0.627,0.402,0.551,0.0065,-6.9
96.729,0.697,0.591,0.683,0.169,-6.703
79.893,0.0319,0.0599,0.5,0.983,-23.802
173.629,0.0908,0.138,0.219,0.989,-28.23
116.097,0.206,0.0873,0.639,0.758,-17.835
87.739,0.146,0.0717,0.27,0.781,-22.956
152.043,0.184,0.152,0.447,0.544,-18.937
146.005,0.292,0.237,0.795,0.611,-14.013
93.992,0.19,0.038,0.518,0.933,-15.36
76.997,0.174,0.285,0.611,0.883,-15.889
119.976,0.165,0.131,0.869,0.61,-17.144
159.989,0.16,0.0386,0.482,0.9,-20.33
80.663,0.287,0.201,0.652,0.588,-14.555
109.886,0.39,0.189,0.594,0.907,-15.8
116.15,0.277,0.281,0.638,0.741,-18.904
125.964,0.0517,0.0506,0.581,0.965,-26.309
144.085,0.0516,0.309,0.691,0.986,-17.195
153.998,0.136,0.354,0.608,0.882,-20.155
130.082,0.153,0.265,0.77,0.875,-12.745
66.141,0.28,0.125,0.415,0.764,-12.599
130.032,0.111,0.133,0.699,0.906,-20.595
69.99,0.124,0.163,0.563,0.948,-23.386
160.05,0.104,0.192,0.655,0.944,-20.225
102.495,0.114,0.034,0.351,0.851,-23.924
96.936,0.168,0.239,0.509,0.903,-18.382
77.977,0.0558,0.0346,0.603,0.969,-16.649
130.122,0.163,0.0791,0.61,0.973,-21.359
86.032,0.171,0.523,0.802,0.684,-14.176
136.039,0.131,0.09,0.679,0.611,-16.647
112.378,0.102,0.108,0.445,0.931,-17.965
75.989,0.323,0.218,0.672,0.897,-12.005
79.993,0.151,0.183,0.5,0.825,-22.794
97.45,0.148,0.121,0.4,0.932,-22.677
54.998,0.0616,0.0393,0.222,0.988,-23.261
171.707,0.0611,0.0793,0.369,0.945,-24.461
122.047,0.216,0.0351,0.581,0.861,-21.645
137.954,0.113,0.122,0.591,0.928,-22.226
131.992,0.465,0.755,0.704,0.916,-12.648
113.978,0.331,0.129,0.761,0.374,-8.072
103.938,0.0236,0.111,0.537,0.984,-29.056
61.028,0.0379,0.0422,0.538,0.977,-22.543
138.049,0.0669,0.231,0.769,0.913,-22.258
143.937,0.185,0.0399,0.566,0.98,-12.833
75.968,0.336,0.428,0.795,0.685,-10.65
85.968,0.302,0.557,0.734,0.384,-12.732
138.252,0.301,0.0882,0.672,0.928,-14.327
80.113,0.12,0.349,0.587,0.933,-15.175
85.984,0.16,0.483,0.761,0.799,-9.414
124.007,0.143,0.3,0.845,0.806,-14.408
91.77,0.319,0.404,0.715,0.73,-11.433
160.024,0.301,0.289,0.579,0.883,-17.913
69.995,0.0902,0.205,0.543,0.975,-20.406
70.022,0.158,0.444,0.73,0.813,-13.153
140.095,0.13,0.501,0.715,0.596,-15.415
134.343,0.0581,0.476,0.64,0.76,-14.81
80.021,0.0277,0.0681,0.543,0.957,-21.2
128.012,0.267,0.345,0.895,0.668,-11.247
140.057,0.205,0.0551,0.675,0.718,-16.858
160.044,0.397,0.251,0.671,0.713,-10.854
139.992,0.285,0.143,0.777,0.754,-12.81
69.004,0.0909,0.0981,0.422,0.871,-23.049
124.98,0.228,0.503,0.923,0.78,-12.418
89.995,0.332,0.51,0.671,0.761,-9.037
87.993,0.385,0.378,0.721,0.88,-14.226
119.954,0.048,0.228,0.836,0.193,-14.768
76.976,0.306,0.131,0.645,0.786,-7.424
84.985,0.277,0.638,0.739,0.841,-14.284
143.995,0.32,0.783,0.807,0.349,-12.699
94.006,0.3,0.292,0.848,0.655,-11.023
119.992,0.115,0.0774,0.793,0.661,-15.647
79.878,0.283,0.0695,0.396,0.901,-14.746
80.038,0.259,0.0726,0.676,0.664,-14.923
78.071,0.0657,0.939,0.732,0.687,-26.149
75.004,0.178,0.15,0.502,0.918,-18.497
132.972,0.347,0.331,0.891,0.941,-10.08
134.962,0.374,0.557,0.871,0.881,-13.797
120.003,0.249,0.254,0.891,0.976,-11.559
134.119,0.338,0.241,0.564,0.968,-14.01
140.209,0.0859,0.0863,0.896,0.802,-16.803
83.927,0.162,0.376,0.613,0.83,-12.162
180.031,0.34,0.442,0.68,0.764,-11.859
140.013,0.271,0.295,0.709,0.933,-17.212
158.049,0.0924,0.237,0.766,0.897,-17.886
89.999,0.235,0.428,0.804,0.959,-14.251
84.983,0.249,0.728,0.867,0.776,-12.371
94.019,0.211,0.181,0.664,0.885,-14.747
62.942,0.206,0.557,0.654,0.934,-15.25
84.891,0.187,0.643,0.814,0.931,-13.354
140.033,0.108,0.374,0.769,0.877,-18.875
129.971,0.253,0.181,0.666,0.906,-16.196
76.992,0.351,0.74,0.804,0.887,-10.686
129.997,0.218,0.663,0.879,0.566,-16.681
130.014,0.0408,0.152,0.643,0.825,-17.989
147.97,0.379,0.552,0.67,0.596,-11.249
88.956,0.279,0.437,0.759,0.397,-10.357
140.124,0.134,0.441,0.794,0.924,-12.686
160.082,0.342,0.365,0.685,0.648,-9.102
75.233,0.424,0.303,0.794,0.944,-11.044
139.986,0.269,0.614,0.9,0.508,-11.537
123.965,0.21,0.609,0.838,0.565,-11.881
68.003,0.264,0.0844,0.53,0.985,-12.377
71.008,0.366,0.172,0.789,0.835,-9.795
71.045,0.0455,0.038,0.615,0.942,-17.469
60.019,0.21,0.0622,0.594,0.887,-15.785
79.981,0.529,0.363,0.685,0.34,-10.362
139.943,0.209,0.316,0.748,0.776,-15.65
241.426,0.31,0.508,0.431,0.771,-12.847
76.003,0.166,0.236,0.607,0.723,-19.259
74.988,0.128,0.651,0.887,0.801,-16.508
128.088,0.337,0.288,0.709,0.921,-9.09
132.41,0.376,0.17,0.859,0.608,-10.657
108.157,0.11,0.0797,0.565,0.96,-20.446
58.031,0.24,0.156,0.551,0.73,-19.865
93.656,0.272,0.222,0.5,0.9,-15.719
77.951,0.368,0.08,0.633,0.795,-12.152
171.982,0.425,0.404,0.659,0.29,-9.218
82.03,0.304,0.485,0.655,0.942,-16.901
144.203,0.356,0.245,0.747,0.91,-11.361
84.801,0.362,0.73,0.559,0.79,-9.471
75.008,0.47,0.427,0.617,0.401,-13.3
82.847,0.325,0.151,0.472,0.896,-11.39
83.983,0.198,0.164,0.831,0.943,-16.467
132.682,0.49,0.175,0.582,0.73,-8.651
111.893,0.0518,0.299,0.335,0.984,-26.628
130.077,0.335,0.497,0.824,0.905,-9.877
139.971,0.276,0.511,0.691,0.811,-11.717
174.068,0.378,0.326,0.636,0.258,-7.764
168.056,0.163,0.31,0.69,0.932,-16.182
116.163,0.0929,0.192,0.523,0.919,-20.861
75.996,0.319,0.404,0.65,0.778,-7.9
160.01,0.179,0.184,0.827,0.899,-12.561
153.988,0.21,0.176,0.686,0.912,-16.079
168.063,0.466,0.312,0.638,0.828,-10.637
78.044,0.354,0.31,0.84,0.848,-10.941
77.0,0.138,0.0397,0.633,0.958,-17.371
79.992,0.372,0.26,0.574,0.792,-15.483
129.921,0.274,0.376,0.75,0.698,-10.486
136.115,0.329,0.353,0.86,0.795,-13.455
75.222,0.27,0.16,0.661,0.941,-12.34
77.007,0.285,0.202,0.753,0.929,-12.869
140.046,0.226,0.492,0.623,0.8,-16.244
69.959,0.325,0.229,0.578,0.898,-10.521
78.015,0.338,0.366,0.635,0.87,-11.807
114.063,0.114,0.0378,0.592,0.855,-26.735
56.521,0.235,0.361,0.466,0.905,-13.283
75.03,0.244,0.347,0.806,0.671,-10.219
78.396,0.351,0.477,0.697,0.95,-13.939
75.027,0.274,0.215,0.807,0.793,-12.53
90.182,0.445,0.324,0.836,0.545,-8.829
81.653,0.116,0.488,0.648,0.969,-14.442
73.943,0.234,0.175,0.622,0.856,-15.541
89.993,0.291,0.171,0.827,0.604,-14.533
123.964,0.41,0.322,0.686,0.843,-13.681
138.056,0.133,0.491,0.706,0.877,-16.205
62.944,0.204,0.358,0.671,0.919,-16.153
70.087,0.466,0.454,0.768,0.95,-9.748
69.94,0.294,0.198,0.599,0.926,-11.432
147.0,0.235,0.0888,0.569,0.724,-19.628
80.045,0.259,0.186,0.678,0.288,-12.351
131.903,0.0401,0.316,0.746,0.977,-24.322
70.043,0.182,0.452,0.589,0.173,-14.852
160.206,0.283,0.288,0.647,0.623,-13.397
148.117,0.267,0.17,0.574,0.983,-19.343
145.704,0.15,0.143,0.375,0.98,-20.322
85.001,0.115,0.49,0.652,0.93,-14.94
74.994,0.265,0.135,0.639,0.693,-12.847
147.974,0.197,0.521,0.656,0.834,-19.201
124.058,0.172,0.112,0.713,0.982,-16.529
130.08,0.245,0.519,0.908,0.177,-14.348
129.996,0.427,0.292,0.79,0.751,-15.717
139.943,0.0962,0.31,0.798,0.515,-21.004
64.993,0.233,0.338,0.548,0.9,-17.125
168.572,0.391,0.487,0.366,0.915,-11.479
79.018,0.246,0.838,0.717,0.664,-13.742
78.87,0.301,0.604,0.741,0.91,-11.255
80.03,0.454,0.49,0.824,0.277,-11.809
72.996,0.379,0.336,0.624,0.899,-7.806
80.148,0.316,0.377,0.52,0.297,-16.799
75.086,0.298,0.443,0.623,0.857,-14.003
136.003,0.434,0.0889,0.8,0.823,-13.331
74.077,0.253,0.317,0.733,0.861,-12.311
135.82,0.565,0.252,0.802,0.473,-8.553
78.552,0.457,0.345,0.54,0.607,-10.636
130.389,0.253,0.373,0.559,0.683,-15.53
74.996,0.331,0.375,0.559,0.64,-12.731
78.005,0.302,0.261,0.536,0.807,-13.458
81.955,0.687,0.734,0.828,0.0713,-9.679
103.307,0.244,0.6,0.757,0.929,-13.135
80.008,0.135,0.595,0.751,0.888,-15.65
84.931,0.142,0.37,0.561,0.869,-19.32
79.993,0.13,0.321,0.657,0.204,-13.182
144.299,0.177,0.275,0.639,0.918,-18.161
160.02,0.466,0.504,0.683,0.754,-10.24
80.314,0.383,0.433,0.328,0.988,-10.595
79.239,0.292,0.647,0.551,0.646,-14.685
80.028,0.395,0.204,0.715,0.851,-13.155
89.945,0.473,0.84,0.857,0.631,-6.791
90.005,0.207,0.373,0.784,0.0222,-11.038
118.245,0.405,0.672,0.686,0.611,-9.472
104.565,0.518,0.676,0.661,0.267,-8.004
73.645,0.421,0.378,0.62,0.712,-9.987
70.986,0.404,0.346,0.537,0.534,-11.153
81.953,0.445,0.664,0.455,0.663,-6.996
90.607,0.68,0.704,0.701,0.303,-8.492
165.002,0.688,0.785,0.601,0.474,-7.871
105.479,0.336,0.553,0.552,0.828,-10.712
91.068,0.717,0.491,0.702,0.0607,-5.165
115.011,0.538,0.369,0.579,0.582,-6.942
69.827,0.142,0.1,0.367,0.913,-12.717
123.872,0.364,0.184,0.365,0.834,-11.528
173.866,0.462,0.655,0.596,0.476,-10.605
173.978,0.462,0.803,0.717,0.19,-9.542
151.926,0.904,0.764,0.617,0.317,-5.371
79.979,0.782,0.511,0.613,0.369,-7.498
136.077,0.619,0.354,0.658,0.788,-7.316
75.085,0.188,0.151,0.449,0.983,-13.996
78.929,0.176,0.497,0.574,0.928,-10.924
140.592,0.574,0.472,0.525,0.146,-8.071
146.701,0.184,0.21,0.451,0.554,-16.144
98.615,0.44,0.38,0.236,0.767,-9.163
139.915,0.627,0.749,0.701,0.453,-7.141
118.009,0.662,0.469,0.669,0.49,-9.433
154.026,0.233,0.384,0.724,0.513,-14.119
145.886,0.447,0.444,0.609,0.813,-10.852
89.726,0.57,0.663,0.606,0.454,-8.876
119.783,0.481,0.078,0.675,0.141,-6.315
83.025,0.645,0.598,0.65,0.248,-7.073
85.032,0.489,0.662,0.691,0.645,-8.461
128.047,0.47,0.425,0.641,0.219,-8.889
92.011,0.266,0.683,0.797,0.289,-13.758
175.94,0.624,0.705,0.518,0.361,-3.469
107.094,0.814,0.761,0.688,0.0196,-4.614
87.934,0.76,0.543,0.582,0.218,-6.079
91.973,0.693,0.586,0.714,0.0417,-4.955
90.876,0.411,0.845,0.836,0.42,-9.084
172.008,0.496,0.418,0.703,0.107,-8.948
137.521,0.566,0.722,0.551,0.177,-8.303
82.939,0.381,0.132,0.605,0.575,-8.369
76.796,0.539,0.548,0.537,0.277,-6.772
129.959,0.418,0.338,0.688,0.67,-10.023
132.951,0.45,0.483,0.595,0.75,-9.878
64.942,0.488,0.554,0.626,0.429,-7.416
189.935,0.575,0.291,0.441,0.305,-6.092
142.056,0.527,0.692,0.619,0.388,-10.313
83.043,0.622,0.656,0.627,0.474,-7.954
85.984,0.658,0.362,0.719,0.475,-7.517
159.94,0.626,0.833,0.565,0.632,-14.123
80.018,0.388,0.534,0.752,0.311,-8.251
113.053,0.816,0.788,0.809,0.0181,-6.056
123.138,0.897,0.912,0.718,0.153,-5.701
96.003,0.672,0.804,0.694,0.307,-5.527
116.945,0.512,0.842,0.784,0.0951,-8.694
111.006,0.588,0.705,0.819,0.558,-7.52
147.989,0.841,0.838,0.754,0.136,-4.563
111.99,0.414,0.465,0.847,0.243,-10.959
100.049,0.812,0.823,0.455,0.372,-3.455
84.978,0.765,0.844,0.598,0.275,-4.93
100.104,0.657,0.932,0.887,0.153,-5.784
108.081,0.592,0.754,0.824,0.674,-7.599
112.022,0.552,0.517,0.813,0.0639,-12.066
175.003,0.986,0.421,0.494,0.0505,-2.262
117.064,0.886,0.601,0.56,0.0593,-4.588
92.591,0.91,0.602,0.585,0.0138,-3.703
150.094,0.918,0.784,0.542,0.0101,-5.074
111.955,0.54,0.354,0.592,0.692,-11.249
152.04,0.685,0.308,0.477,0.105,-4.554
78.025,0.415,0.342,0.571,0.615,-6.572
190.066,0.939,0.463,0.37,0.00165,-2.056
137.024,0.973,0.91,0.734,0.0435,-1.789
100.267,0.878,0.358,0.402,0.000242,-4.367
96.047,0.953,0.477,0.569,0.166,-2.018
121.994,0.904,0.728,0.648,0.0961,-4.565
139.903,0.889,0.506,0.61,0.000794,-5.452
90.009,0.896,0.924,0.649,0.000319,-2.704
92.049,0.891,0.226,0.283,0.00678,-8.165
96.038,0.934,0.411,0.624,0.00232,-3.229
125.307,0.985,0.221,0.325,0.00177,-3.941
119.708,0.874,0.261,0.428,0.000337,-6.664
103.162,0.987,0.1,0.435,0.000195,-4.667
102.198,0.941,0.278,0.532,0.000579,-9.025
162.115,0.931,0.233,0.214,0.000705,-3.347
93.345,0.996,0.327,0.382,0.00208,-4.119
155.045,0.98,0.285,0.445,2.45e-05,-4.369
164.992,0.876,0.499,0.46,6.85e-05,-5.39
97.972,0.63,0.47,0.732,0.502,-7.896
169.972,0.869,0.457,0.33,0.0831,-9.003
92.998,0.789,0.663,0.743,0.123,-7.14
108.013,0.8,0.734,0.786,0.456,-4.603
84.902,0.671,0.463,0.667,0.358,-8.867
179.97,0.675,0.517,0.665,0.262,-10.243
105.969,0.649,0.673,0.861,0.0867,-3.713
94.044,0.71,0.614,0.816,0.0257,-5.303
128.034,0.669,0.589,0.941,0.0399,-8.756
140.04,0.367,0.512,0.921,0.0907,-8.324
85.931,0.71,0.552,0.611,0.457,-7.933
129.987,0.663,0.621,0.927,0.0253,-7.546
139.938,0.65,0.95,0.862,0.602,-8.732
173.048,0.721,0.811,0.468,0.35,-7.155
149.917,0.743,0.603,0.591,0.0231,-6.769
94.006,0.595,0.566,0.815,0.438,-8.061
102.342,0.639,0.528,0.563,0.0814,-9.439
120.063,0.618,0.804,0.81,0.0139,-10.581
170.743,0.663,0.693,0.586,0.161,-6.547
84.603,0.458,0.744,0.754,0.157,-10.558
99.022,0.553,0.835,0.881,0.075,-7.376
92.059,0.548,0.627,0.801,0.0854,-5.482
78.746,0.478,0.81,0.837,0.0571,-5.861
157.436,0.439,0.892,0.771,0.974,-5.835
84.115,0.54,0.322,0.773,0.371,-7.123
94.828,0.703,0.241,0.813,0.125,-5.077
96.662,0.666,0.744,0.848,0.173,-6.547
93.908,0.564,0.523,0.879,0.0474,-7.682
206.247,0.672,0.688,0.59,0.125,-11.792
90.438,0.589,0.869,0.782,0.148,-4.827
105.932,0.864,0.47,0.734,0.022,-6.119
90.519,0.737,0.197,0.671,0.0338,-5.131
138.083,0.814,0.942,0.88,0.168,-6.307
172.329,0.732,0.595,0.598,0.144,-7.013
109.92,0.619,0.901,0.833,0.111,-5.595
101.972,0.745,0.481,0.749,0.000501,-10.625
98.243,0.534,0.841,0.866,0.184,-9.201
144.29,0.509,0.534,0.679,0.0856,-7.31
95.203,0.745,0.75,0.875,0.0227,-5.878
91.771,0.682,0.6,0.831,0.256,-5.697
92.035,0.443,0.58,0.804,0.0312,-10.268
94.981,0.763,0.519,0.634,0.32,-7.216
102.007,0.509,0.823,0.822,0.0353,-12.31
96.188,0.416,0.645,0.846,0.156,-13.767
103.04,0.459,0.697,0.934,0.0516,-7.654
76.993,0.679,0.591,0.884,0.0957,-5.857
94.0,0.845,0.929,0.634,0.00602,-5.058
93.76,0.72,0.845,0.838,0.0312,-6.593
98.125,0.609,0.646,0.652,0.298,-9.684
97.419,0.501,0.623,0.619,0.662,-8.228
135.979,0.668,0.716,0.814,0.0248,-6.474
72.494,0.593,0.477,0.738,0.357,-8.461
122.949,0.53,0.444,0.727,0.434,-9.169
115.592,0.722,0.39,0.637,0.126,-8.651
139.971,0.56,0.859,0.888,0.475,-7.0
147.078,0.668,0.567,0.605,0.203,-7.03
145.9,0.678,0.708,0.735,0.575,-5.395
122.058,0.661,0.963,0.776,0.481,-5.663
102.029,0.408,0.346,0.777,0.0527,-10.604
106.933,0.404,0.523,0.92,0.232,-7.815
87.973,0.693,0.572,0.702,0.139,-4.941
182.912,0.723,0.623,0.579,0.263,-5.598
133.021,0.73,0.581,0.781,0.0186,-6.663
118.652,0.791,0.422,0.804,0.214,-3.398
102.009,0.564,0.595,0.807,0.133,-8.764
122.03,0.531,0.532,0.924,0.142,-5.954
147.065,0.5,0.336,0.638,0.478,-10.852
75.903,0.572,0.328,0.578,0.329,-10.928
143.951,0.584,0.686,0.795,0.239,-6.726
129.914,0.676,0.459,0.772,0.258,-7.145
94.054,0.7,0.543,0.871,0.079,-5.93
98.229,0.747,0.523,0.534,0.231,-6.412
117.88,0.817,0.139,0.509,0.363,-6.211
159.971,0.602,0.844,0.709,0.12,-5.054
117.005,0.759,0.83,0.811,0.0197,-4.24
105.964,0.568,0.634,0.72,0.0323,-4.483
105.036,0.879,0.6,0.546,0.0296,-4.583
120.007,0.831,0.778,0.765,0.024,-5.1
104.978,0.828,0.672,0.807,0.00101,-2.928
150.85,0.693,0.837,0.573,0.609,-6.22
119.037,0.635,0.286,0.801,0.282,-5.716
179.277,0.268,0.335,0.458,0.806,-7.547
144.206,0.41,0.189,0.698,0.0222,-11.064
87.166,0.538,0.318,0.452,0.362,-12.384
121.957,0.338,0.49,0.656,0.571,-14.456
82.983,0.59,0.494,0.713,0.604,-6.314
135.204,0.501,0.234,0.683,0.76,-8.294
124.915,0.571,0.38,0.699,0.278,-7.955
122.96,0.876,0.517,0.784,0.032,-5.155
148.139,0.453,0.591,0.79,0.785,-10.816
111.989,0.786,0.759,0.781,0.115,-5.211
105.972,0.528,0.476,0.842,0.157,-10.577
173.876,0.828,0.91,0.75,0.382,-4.453
97.981,0.521,0.736,0.872,0.385,-7.14
189.901,0.782,0.881,0.698,0.194,-6.726
199.905,0.449,0.386,0.667,0.407,-11.041
83.006,0.546,0.446,0.487,0.134,-7.729
175.818,0.821,0.55,0.772,0.036,-4.889
180.05,0.311,0.452,0.56,0.934,-8.508
139.871,0.535,0.501,0.76,0.65,-8.255
126.83,0.272,0.341,0.597,0.707,-12.422
169.999,0.415,0.131,0.836,0.0575,-6.559
84.999,0.413,0.128,0.46,0.776,-10.717
105.081,0.146,0.432,0.697,0.957,-18.848
120.03,0.337,0.297,0.669,0.821,-11.434
106.66,0.584,0.098,0.674,0.363,-9.355
118.915,0.308,0.0999,0.366,0.247,-11.427
171.924,0.737,0.532,0.612,0.763,-6.246
113.312,0.585,0.446,0.775,0.509,-10.405
161.747,0.35,0.233,0.456,0.665,-12.743
100.002,0.655,0.187,0.691,0.339,-5.854
119.43,0.408,0.474,0.48,0.648,-10.184
82.939,0.304,0.619,0.889,0.714,-11.076
134.994,0.377,0.398,0.917,0.474,-5.132
131.372,0.656,0.438,0.554,0.766,-9.489
130.0,0.357,0.552,0.764,0.648,-12.364
103.195,0.312,0.454,0.655,0.54,-13.075
140.108,0.683,0.353,0.796,0.108,-2.754
120.071,0.539,0.213,0.698,0.414,-7.3
100.05,0.665,0.568,0.846,0.12,-9.437
103.049,0.567,0.439,0.635,0.756,-6.436
70.01,0.257,0.337,0.666,0.229,-10.862
160.078,0.483,0.492,0.662,0.235,-10.701
179.945,0.766,0.496,0.667,0.389,-4.907
195.812,0.775,0.372,0.66,0.0549,-6.499
119.003,0.33,0.582,0.861,0.601,-9.442
188.006,0.706,0.758,0.687,0.0229,-5.4
93.014,0.548,0.654,0.84,0.107,-8.856
81.026,0.413,0.5,0.703,0.601,-13.929
139.963,0.438,0.263,0.802,0.314,-10.924
90.031,0.449,0.414,0.611,0.292,-11.27
195.48,0.319,0.377,0.414,0.441,-13.505
180.005,0.329,0.284,0.596,0.577,-8.283
105.064,0.613,0.54,0.667,0.372,-5.604
141.904,0.304,0.0548,0.596,0.00904,-13.116
133.957,0.599,0.656,0.544,0.565,-7.942
128.009,0.182,0.393,0.715,0.73,-13.393
176.009,0.846,0.961,0.733,0.309,-3.692
110.037,0.554,0.397,0.779,0.348,-6.141
68.056,0.263,0.289,0.572,0.882,-9.056
109.996,0.507,0.498,0.852,0.353,-7.744
153.939,0.621,0.723,0.834,0.334,-6.63
110.015,0.328,0.2,0.637,0.79,-12.426
97.945,0.476,0.644,0.802,0.292,-10.064
147.96,0.316,0.575,0.49,0.765,-8.089
122.976,0.417,0.25,0.61,0.348,-10.344
152.967,0.495,0.351,0.484,0.573,-7.898
75.233,0.684,0.62,0.672,0.125,-5.682
115.001,0.644,0.296,0.7,0.231,-10.832
196.076,0.777,0.109,0.592,0.00868,-8.631
123.942,0.459,0.459,0.736,0.663,-10.097
119.711,0.3,0.427,0.741,0.463,-10.506
124.049,0.399,0.359,0.801,0.529,-7.296
104.975,0.408,0.542,0.856,0.874,-11.207
99.795,0.451,0.313,0.62,0.887,-9.896
149.895,0.357,0.641,0.722,0.814,-10.487
80.03,0.456,0.454,0.735,0.44,-7.484
87.941,0.704,0.484,0.615,0.405,-6.255
127.938,0.296,0.579,0.761,0.551,-10.22
144.96,0.564,0.519,0.726,0.479,-9.121
118.014,0.557,0.622,0.702,0.132,-6.73
104.39,0.482,0.128,0.458,0.262,-8.626
130.003,0.399,0.788,0.833,0.821,-4.876
111.99,0.682,0.475,0.867,0.111,-4.423
101.951,0.32,0.719,0.717,0.574,-13.804
103.529,0.63,0.819,0.721,0.204,-5.716
111.997,0.869,0.848,0.85,0.486,-4.794
116.168,0.773,0.172,0.849,0.188,-6.921
133.741,0.415,0.653,0.552,0.8,-9.028
111.885,0.699,0.493,0.757,0.0478,-8.152
123.026,0.769,0.864,0.863,0.559,-4.452
184.421,0.61,0.862,0.464,0.414,-6.638
98.253,0.62,0.58,0.604,0.633,-6.799
66.691,0.538,0.371,0.727,0.478,-5.85
110.017,0.61,0.416,0.669,0.236,-7.075
112.055,0.783,0.634,0.734,0.115,-8.696
114.002,0.685,0.791,0.716,0.312,-5.407
77.328,0.864,0.794,0.719,0.233,-3.935
152.493,0.782,0.7,0.533,0.432,-5.56
101.011,0.541,0.415,0.771,0.71,-4.938
115.963,0.794,0.649,0.814,0.24,-6.198
107.987,0.799,0.972,0.691,0.576,-6.873
102.938,0.572,0.179,0.743,0.171,-6.091
107.85,0.585,0.524,0.482,0.359,-5.157
172.164,0.657,0.452,0.594,0.551,-10.708
101.136,0.849,0.679,0.577,0.306,-4.087
120.059,0.752,0.806,0.524,0.334,-7.493
115.424,0.614,0.665,0.633,0.484,-7.413
109.998,0.546,0.717,0.722,0.297,-10.318
114.995,0.675,0.63,0.959,0.0358,-5.677
104.846,0.801,0.686,0.736,0.178,-8.706
132.839,0.714,0.816,0.545,0.285,-6.77
95.487,0.564,0.301,0.676,0.246,-7.501
113.977,0.673,0.0906,0.751,0.024,-8.762
116.016,0.685,0.748,0.877,0.358,-5.099
89.752,0.584,0.764,0.631,0.279,-3.63
114.422,0.803,0.522,0.597,0.527,-6.688
100.385,0.49,0.582,0.663,0.61,-14.074
117.974,0.713,0.681,0.579,0.306,-5.778
108.563,0.755,0.92,0.616,0.224,-7.791
99.699,0.811,0.563,0.752,0.369,-6.185
200.611,0.735,0.642,0.496,0.702,-6.279
112.0,0.691,0.684,0.714,0.347,-5.873
119.986,0.809,0.823,0.872,0.532,-5.572
143.972,0.774,0.756,0.677,0.452,-5.804
105.249,0.765,0.433,0.634,0.635,-8.112
117.039,0.881,0.708,0.735,0.416,-4.494
114.029,0.681,0.755,0.744,0.338,-8.966
118.779,0.702,0.606,0.707,0.655,-7.029
115.015,0.684,0.566,0.751,0.382,-5.573
114.004,0.706,0.158,0.572,0.0379,-9.019
147.893,0.596,0.803,0.587,0.721,-5.658
123.036,0.706,0.569,0.804,0.134,-6.953
96.914,0.496,0.423,0.688,0.0708,-9.28
113.024,0.738,0.366,0.83,0.126,-7.491
120.023,0.683,0.768,0.808,0.295,-7.963
111.972,0.692,0.834,0.738,0.119,-8.753
92.001,0.873,0.453,0.762,0.0245,-4.532
104.033,0.56,0.464,0.801,0.318,-6.292
116.015,0.813,0.744,0.738,0.423,-5.876
116.027,0.594,0.681,0.782,0.157,-6.337
159.863,0.622,0.646,0.583,0.416,-7.911
142.724,0.644,0.47,0.778,0.0625,-5.542
97.117,0.694,0.529,0.772,0.562,-9.426
121.01,0.815,0.652,0.84,0.285,-7.429
113.994,0.556,0.901,0.798,0.364,-8.985
116.029,0.613,0.405,0.843,0.527,-6.01
112.049,0.675,0.783,0.755,0.512,-6.973
101.053,0.719,0.379,0.884,0.188,-3.811
114.02,0.654,0.281,0.78,0.269,-9.628
112.986,0.784,0.728,0.858,0.791,-8.31
116.05,0.84,0.812,0.893,0.161,-4.608
115.002,0.57,0.467,0.869,0.36,-7.997
118.992,0.853,0.628,0.888,0.35,-5.585
114.018,0.741,0.892,0.916,0.00667,-6.88
98.052,0.615,0.736,0.807,0.245,-4.278
98.468,0.827,0.659,0.765,0.217,-7.905
70.069,0.57,0.734,0.529,0.347,-7.491
114.021,0.778,0.71,0.849,0.401,-7.097
111.997,0.631,0.843,0.85,0.492,-7.171
124.387,0.654,0.687,0.581,0.345,-5.87
109.956,0.542,0.766,0.736,0.452,-7.362
114.831,0.656,0.615,0.701,0.178,-6.368
116.073,0.733,0.653,0.909,0.159,-4.351
111.995,0.656,0.637,0.766,0.0449,-6.849
113.03,0.711,0.693,0.773,0.0328,-9.268
118.093,0.656,0.475,0.623,0.553,-6.494
107.055,0.558,0.798,0.671,0.566,-9.063
113.064,0.521,0.377,0.864,0.146,-10.926
156.117,0.582,0.479,0.713,0.262,-5.031
136.027,0.711,0.363,0.732,0.12,-6.513
152.894,0.596,0.36,0.704,0.551,-8.827
112.93,0.737,0.22,0.441,0.059,-5.053
166.162,0.576,0.364,0.77,0.138,-11.845
116.991,0.84,0.353,0.791,0.0839,-2.887
114.973,0.874,0.506,0.862,0.114,-2.758
205.067,0.837,0.925,0.547,0.342,-5.68
108.98,0.816,0.861,0.82,0.0216,-6.29
115.972,0.876,0.749,0.942,0.0954,-4.965
115.01,0.786,0.968,0.856,0.0712,-6.284
114.0,0.83,0.868,0.784,0.29,-5.656
104.972,0.658,0.551,0.827,0.299,-6.364
113.59,0.786,0.772,0.685,0.724,-6.747
116.037,0.711,0.805,0.814,0.496,-8.186
113.949,0.675,0.755,0.734,0.00552,-7.013
81.964,0.576,0.694,0.59,0.465,-6.53
86.875,0.677,0.311,0.459,0.208,-4.717
94.83,0.649,0.689,0.68,0.0574,-6.751
145.99,0.411,0.732,0.627,0.517,-6.09
109.802,0.686,0.392,0.492,0.28,-6.97
106.379,0.649,0.541,0.519,0.486,-5.502
113.019,0.825,0.726,0.847,0.74,-7.042
175.041,0.754,0.212,0.529,0.0129,-3.457
147.031,0.503,0.416,0.845,0.027,-7.021
90.024,0.547,0.531,0.765,0.0425,-9.959
99.933,0.43,0.67,0.841,0.698,-6.006
96.707,0.96,0.842,0.633,0.508,-2.045
82.637,0.551,0.237,0.713,0.107,-7.593
160.153,0.783,0.598,0.58,0.0267,-4.551
153.131,0.491,0.114,0.559,0.0567,-6.406
115.957,0.767,0.857,0.825,0.547,-7.893
120.065,0.917,0.786,0.87,0.103,-4.819
114.068,0.401,0.893,0.843,0.294,-12.868
116.121,0.764,0.885,0.654,0.157,-6.005
116.058,0.5,0.118,0.569,0.183,-4.482
114.451,0.815,0.622,0.639,0.189,-6.221
104.991,0.744,0.765,0.806,0.187,-5.377
95.013,0.838,0.829,0.501,0.533,-8.959
114.012,0.742,0.425,0.941,0.0117,-6.68
99.981,0.834,0.69,0.529,0.103,-4.578
98.111,0.747,0.798,0.584,0.105,-4.726
111.016,0.831,0.584,0.841,0.0864,-5.64
100.029,0.788,0.743,0.759,0.0485,-4.776
109.951,0.568,0.569,0.749,0.546,-4.627
110.042,0.814,0.91,0.859,0.0638,-4.568
99.989,0.526,0.813,0.773,0.579,-11.858
114.843,0.778,0.917,0.579,0.0522,-4.949
140.015,0.381,0.625,0.741,0.64,-11.531
115.039,0.538,0.119,0.833,0.472,-10.94
117.967,0.722,0.57,0.878,0.366,-6.917
128.983,0.695,0.672,0.727,0.407,-10.961
98.232,0.545,0.82,0.716,0.338,-6.949
84.845,0.239,0.184,0.435,0.99,-10.863
104.976,0.453,0.343,0.596,0.845,-9.536
153.683,0.513,0.844,0.653,0.964,-8.972
117.987,0.678,0.805,0.688,0.174,-9.999
90.02,0.762,0.516,0.508,0.00132,-8.775
94.934,0.616,0.551,0.674,0.512,-3.471
177.711,0.446,0.576,0.645,0.479,-6.057
173.923,0.506,0.296,0.415,0.133,-7.291
113.856,0.525,0.515,0.702,0.376,-5.028
139.974,0.762,0.876,0.669,0.0663,-12.308
88.009,0.531,0.785,0.747,0.266,-5.99
124.991,0.353,0.731,0.81,0.0473,-9.536
135.808,0.551,0.386,0.562,0.705,-8.879
129.931,0.394,0.501,0.759,0.843,-7.399
109.988,0.413,0.869,0.879,0.816,-9.161
107.949,0.528,0.597,0.693,0.699,-8.468
96.982,0.669,0.159,0.573,0.521,-11.436
135.497,0.262,0.444,0.733,0.224,-13.766
99.995,0.71,0.684,0.721,0.343,-7.946
106.986,0.62,0.547,0.534,0.0124,-6.775
119.92,0.745,0.883,0.826,0.13,-6.091
184.956,0.454,0.62,0.7,0.0372,-8.15
109.363,0.508,0.21,0.701,0.732,-11.643
91.841,0.43,0.104,0.515,0.0102,-9.935
165.187,0.738,0.256,0.252,0.0145,-5.326
125.052,0.742,0.552,0.679,0.036,-7.863
116.731,0.918,0.691,0.489,3.53e-05,-4.502
171.112,0.911,0.498,0.362,0.0336,-5.966
143.991,0.545,0.193,0.556,0.0635,-6.768
75.005,0.894,0.452,0.571,0.0441,-4.561
82.957,0.659,0.075,0.474,0.0125,-4.667
125.632,0.852,0.807,0.664,0.174,-4.996
152.041,0.943,0.605,0.428,0.00162,-4.129
90.025,0.396,0.548,0.732,0.0841,-9.348
176.082,0.931,0.35,0.283,0.00317,-2.986
103.744,0.966,0.289,0.359,1.56e-05,-3.9
94.878,0.873,0.563,0.459,0.00272,-4.121
178.119,0.861,0.7,0.461,0.00322,-3.381
110.029,0.784,0.333,0.335,0.014,-4.161
160.08,0.775,0.214,0.39,0.0073,-3.358
166.07,0.881,0.402,0.474,0.000165,-3.578
157.946,0.921,0.271,0.391,0.0286,-4.159
144.453,0.958,0.587,0.528,0.00299,-2.4
160.046,0.922,0.775,0.537,0.00141,-3.8
161.011,0.908,0.649,0.476,0.00776,-4.569
143.929,0.904,0.688,0.477,1.52e-05,-4.074
153.087,0.835,0.299,0.454,0.000732,-4.642
122.057,0.749,0.575,0.479,0.00453,-5.858
75.038,0.837,0.537,0.455,0.00291,-2.589
147.989,0.898,0.763,0.599,0.000772,-3.265
131.698,0.891,0.495,0.504,0.0473,-5.072
116.03,0.834,0.38,0.563,0.0304,-5.549
133.028,0.892,0.367,0.566,0.000538,-4.979
109.989,0.987,0.357,0.513,0.0034,-4.08
145.091,0.832,0.593,0.5,0.0191,-4.229
103.162,0.987,0.1,0.435,0.000195,-4.667
146.525,0.89,0.716,0.552,0.000143,-3.409
131.094,0.831,0.632,0.528,9.43e-05,-3.607
149.934,0.94,0.505,0.423,0.00166,-4.012
142.034,0.719,0.168,0.457,0.191,-3.921
169.088,0.917,0.563,0.395,0.00143,-6.86
139.51,0.751,0.605,0.522,0.000491,-5.46
82.94,0.671,0.0682,0.474,0.0129,-4.649
87.89,0.636,0.313,0.454,0.00228,-4.731
149.788,0.34,0.0704,0.367,0.755,-7.877
109.864,0.916,0.646,0.518,0.000148,-3.858
140.329,0.69,0.103,0.637,0.417,-3.214
131.251,0.365,0.254,0.526,0.0775,-12.605
114.038,0.702,0.447,0.807,0.307,-6.594
118.515,0.325,0.0775,0.344,0.35,-10.005
142.595,0.501,0.201,0.567,0.0994,-8.038
136.086,0.487,0.599,0.725,0.26,-5.959
77.314,0.4,0.121,0.463,0.643,-9.999
119.873,0.402,0.258,0.651,0.639,-9.303
119.888,0.674,0.302,0.618,0.142,-6.412
130.071,0.532,0.33,0.626,0.296,-7.205
80.948,0.485,0.101,0.545,0.537,-8.045
72.517,0.488,0.283,0.457,0.326,-7.964
133.907,0.37,0.118,0.459,0.565,-8.041
176.984,0.496,0.257,0.438,0.436,-7.905
95.958,0.477,0.241,0.413,0.747,-7.748
83.033,0.535,0.117,0.492,0.187,-7.263
150.454,0.408,0.164,0.295,0.804,-16.632
135.021,0.746,0.47,0.713,0.0402,-4.99
137.482,0.432,0.11,0.464,0.611,-7.024
88.992,0.753,0.509,0.698,0.165,-4.819
119.483,0.333,0.0609,0.436,0.722,-9.869
111.026,0.627,0.235,0.525,0.431,-6.59
91.506,0.579,0.578,0.686,0.131,-8.412
94.897,0.572,0.61,0.572,0.254,-8.324
131.109,0.728,0.809,0.771,0.184,-5.39
104.987,0.394,0.405,0.675,0.0611,-8.539
83.066,0.742,0.353,0.523,0.0697,-5.495
151.518,0.662,0.611,0.815,0.0915,-8.244
83.61,0.458,0.536,0.75,0.226,-9.092
78.239,0.0702,0.265,0.528,0.826,-22.222
119.161,0.281,0.523,0.473,0.97,-11.337
114.782,0.244,0.734,0.73,0.913,-14.235
118.013,0.379,0.365,0.662,0.879,-17.301
71.942,0.124,0.338,0.568,0.792,-17.209
103.979,0.122,0.577,0.715,0.534,-14.933
85.809,0.234,0.324,0.472,0.981,-13.459
81.155,0.331,0.876,0.444,0.931,-15.307
102.598,0.121,0.568,0.599,0.992,-18.501
90.522,0.267,0.437,0.573,0.973,-9.051
115.685,0.288,0.865,0.803,0.865,-15.418
172.417,0.349,0.231,0.595,0.797,-7.902
103.467,0.433,0.566,0.502,0.668,-14.619
99.727,0.416,0.649,0.664,0.815,-8.34
103.783,0.79,0.961,0.599,0.00257,-3.58
94.959,0.623,0.773,0.644,0.0486,-5.946
117.528,0.865,0.677,0.465,0.018,-9.573
126.998,0.92,0.808,0.628,0.00687,-3.252
179.659,0.756,0.76,0.472,0.022,-6.068
127.24,0.706,0.822,0.55,0.00692,-5.552
153.514,0.797,0.336,0.231,0.129,-4.699
119.984,0.798,0.397,0.553,0.00714,-4.102
124.917,0.552,0.757,0.604,0.22,-9.458
143.554,0.659,0.401,0.388,0.312,-7.372
154.198,0.325,0.208,0.381,0.947,-9.972
101.243,0.652,0.742,0.509,0.809,-13.103
141.932,0.399,0.612,0.571,0.766,-11.92
102.03,0.724,0.546,0.487,0.00224,-5.905
77.585,0.492,0.301,0.521,0.689,-9.127
107.953,0.363,0.385,0.672,0.617,-10.368
91.044,0.423,0.439,0.681,0.627,-12.002
105.101,0.519,0.875,0.5,0.179,-9.661
116.221,0.368,0.522,0.657,0.884,-9.978
52.946,0.105,0.231,0.653,0.951,-16.511
139.584,0.124,0.476,0.473,0.942,-13.245
77.143,0.723,0.359,0.301,0.399,-6.808
129.511,0.423,0.223,0.529,0.838,-7.368
135.996,0.471,0.271,0.539,0.77,-9.082
139.842,0.482,0.416,0.463,0.655,-5.676
131.92,0.579,0.362,0.532,0.466,-5.021
130.006,0.253,0.255,0.531,0.847,-9.189
127.981,0.858,0.608,0.704,0.0162,-4.348
169.933,0.573,0.122,0.496,0.232,-7.125
90.949,0.758,0.586,0.636,0.16,-4.034
76.037,0.671,0.207,0.592,0.0152,-5.054
180.059,0.35,0.317,0.436,0.725,-7.237
137.9,0.367,0.356,0.448,0.691,-9.595
144.201,0.68,0.252,0.41,0.496,-3.901
100.008,0.68,0.775,0.601,0.181,-5.456
130.368,0.577,0.587,0.651,0.671,-10.557
149.715,0.773,0.764,0.676,0.267,-8.344
109.462,0.375,0.28,0.662,0.779,-10.601
125.939,0.2,0.18,0.65,0.845,-14.531
139.757,0.404,0.176,0.488,0.693,-7.598
144.798,0.384,0.226,0.308,0.744,-12.652
97.549,0.599,0.367,0.719,0.249,-6.037
128.022,0.45,0.368,0.616,0.772,-11.201
160.0,0.43,0.379,0.619,0.716,-9.716
114.058,0.893,0.977,0.764,0.0381,-5.858
77.956,0.489,0.243,0.489,0.542,-6.625
125.986,0.744,0.962,0.843,0.293,-7.675
78.565,0.363,0.202,0.482,0.806,-10.612
144.692,0.4,0.193,0.513,0.383,-12.346
88.267,0.335,0.322,0.565,0.6,-14.849
181.78,0.358,0.392,0.419,0.713,-13.989
142.425,0.238,0.158,0.5,0.769,-13.304
130.241,0.374,0.199,0.565,0.712,-12.424
70.101,0.376,0.332,0.537,0.687,-14.871
120.999,0.462,0.239,0.443,0.662,-5.205
134.172,0.745,0.498,0.617,0.396,-5.378
74.683,0.422,0.19,0.584,0.742,-5.869
181.047,0.342,0.268,0.234,0.826,-8.566
76.951,0.311,0.369,0.311,0.69,-11.516
152.98,0.892,0.457,0.499,0.0048,-5.172
143.998,0.445,0.152,0.543,0.375,-8.137
89.129,0.539,0.312,0.217,0.0903,-12.261
120.055,0.559,0.683,0.674,0.849,-6.354
139.892,0.552,0.236,0.422,0.661,-8.347
170.021,0.612,0.445,0.375,0.179,-9.085
198.004,0.372,0.242,0.326,0.296,-12.065
110.016,0.609,0.113,0.674,0.267,-9.329
150.04,0.779,0.384,0.269,0.0463,-5.135
103.146,0.86,0.737,0.385,0.714,-7.159
146.046,0.739,0.755,0.679,0.14,-5.319
154.956,0.659,0.803,0.783,0.265,-7.871
167.895,0.92,0.968,0.792,0.403,-4.023
92.0,0.845,0.62,0.771,0.69,-2.194
173.712,0.838,0.835,0.682,0.0555,-5.84
81.022,0.737,0.504,0.736,0.153,-5.819
167.913,0.668,0.781,0.69,0.133,-5.674
89.791,0.674,0.486,0.649,0.0573,-5.854
82.552,0.803,0.894,0.692,0.025,-8.282
175.959,0.826,0.355,0.542,0.056,-5.946
109.965,0.953,0.787,0.762,0.109,-2.482
80.042,0.85,0.789,0.754,0.0542,-4.179
89.972,0.829,0.835,0.783,0.31,-4.759
80.033,0.446,0.545,0.788,0.54,-9.812
80.002,0.446,0.222,0.79,0.656,-9.273
132.96,0.479,0.217,0.542,0.972,-15.033
74.989,0.415,0.326,0.701,0.442,-17.812
139.914,0.487,0.0454,0.655,0.0347,-7.988
150.456,0.307,0.408,0.635,0.676,-16.255
139.993,0.34,0.176,0.714,0.356,-15.571
70.013,0.229,0.127,0.58,0.287,-16.333
85.022,0.562,0.202,0.788,0.466,-14.215
86.008,0.409,0.383,0.789,0.385,-9.087
88.107,0.201,0.4,0.639,0.907,-16.613
141.957,0.276,0.302,0.679,0.487,-19.497
75.082,0.262,0.393,0.733,0.548,-16.316
139.991,0.222,0.148,0.74,0.468,-18.576
71.976,0.547,0.295,0.733,0.301,-5.464
78.738,0.445,0.184,0.491,0.925,-11.999
139.947,0.531,0.164,0.432,0.866,-12.648
124.03,0.495,0.807,0.854,0.52,-11.031
100.023,0.441,0.315,0.656,0.974,-13.217
81.42,0.504,0.263,0.633,0.517,-7.3
115.979,0.433,0.442,0.87,0.965,-12.679
143.968,0.583,0.633,0.757,0.963,-11.469
152.033,0.338,0.377,0.748,0.0418,-13.947
160.004,0.418,0.601,0.715,0.953,-11.517
75.012,0.296,0.339,0.49,0.726,-20.157
87.007,0.425,0.588,0.652,0.875,-12.598
127.159,0.302,0.546,0.548,0.752,-12.869
188.179,0.31,0.395,0.558,0.526,-10.53
140.98,0.313,0.323,0.571,0.96,-15.565
118.009,0.35,0.635,0.811,0.406,-11.318
80.782,0.241,0.417,0.808,0.102,-9.699
108.745,0.382,0.141,0.498,0.643,-11.555
173.988,0.322,0.381,0.624,0.397,-10.949
94.96,0.399,0.231,0.693,0.983,-13.659
127.986,0.26,0.366,0.698,0.697,-19.222
114.046,0.464,0.375,0.782,0.847,-9.616
79.023,0.283,0.47,0.621,0.842,-11.675
76.85,0.157,0.13,0.503,0.527,-15.226
130.006,0.0551,0.194,0.656,0.281,-26.03
128.563,0.147,0.364,0.466,0.529,-21.666
130.54,0.203,0.0391,0.573,0.34,-20.826
124.978,0.66,0.311,0.692,0.796,-7.336
130.062,0.0669,0.236,0.755,0.174,-25.988
129.998,0.246,0.849,0.893,0.014,-20.438
150.104,0.373,0.242,0.769,0.953,-11.036
90.014,0.192,0.437,0.789,0.857,-19.718
80.021,0.208,0.366,0.532,0.933,-17.916
108.038,0.412,0.333,0.648,0.942,-14.207
70.024,0.42,0.0484,0.528,0.477,-12.708
160.02,0.473,0.773,0.695,0.0491,-7.418
79.952,0.248,0.192,0.718,0.567,-16.31
100.054,0.496,0.198,0.653,0.925,-13.809
175.786,0.486,0.36,0.5,0.559,-8.801
74.969,0.285,0.0923,0.64,0.853,-11.467
93.048,0.417,0.59,0.717,0.699,-12.677
150.029,0.449,0.217,0.626,0.124,-9.519
156.078,0.491,0.506,0.67,0.908,-11.226
80.055,0.37,0.143,0.592,0.257,-10.87
154.082,0.526,0.108,0.613,0.669,-9.243
74.983,0.704,0.212,0.694,0.0388,-10.396
136.103,0.632,0.275,0.64,0.941,-8.752
80.001,0.53,0.118,0.619,0.453,-8.98
89.981,0.373,0.246,0.762,0.966,-12.165
147.661,0.499,0.119,0.648,0.55,-9.724
74.987,0.289,0.0715,0.521,0.65,-12.812
170.048,0.42,0.064,0.487,0.624,-9.923
80.014,0.37,0.123,0.777,0.803,-15.109
78.026,0.304,0.171,0.638,0.0664,-11.335
169.92,0.508,0.321,0.534,0.897,-12.056
169.959,0.67,0.398,0.623,0.436,-6.067
87.028,0.309,0.176,0.768,0.236,-14.508
79.993,0.536,0.824,0.669,0.565,-10.684
75.236,0.493,0.37,0.599,0.89,-10.691
149.957,0.259,0.214,0.612,0.196,-11.096
140.025,0.415,0.181,0.664,0.425,-17.534
98.98,0.295,0.2,0.708,0.979,-16.188
150.077,0.298,0.124,0.598,0.293,-16.795
75.004,0.188,0.387,0.634,0.595,-18.921
139.972,0.552,0.388,0.65,0.905,-10.937
170.0,0.585,0.551,0.749,0.302,-14.505
179.961,0.461,0.454,0.564,0.944,-8.1
140.009,0.498,0.0577,0.878,0.0528,-8.624
130.023,0.521,0.533,0.765,0.941,-12.165
75.007,0.413,0.424,0.643,0.117,-10.048
82.47,0.52,0.225,0.674,0.772,-9.925
78.98,0.469,0.321,0.703,0.686,-11.165
100.11,0.465,0.264,0.708,0.934,-12.306
134.996,0.571,0.657,0.845,0.397,-10.541
157.973,0.401,0.418,0.691,0.267,-5.814
159.954,0.555,0.568,0.666,0.273,-12.93
80.041,0.0786,0.568,0.7,0.643,-13.826
159.947,0.547,0.357,0.606,0.782,-11.462
142.534,0.502,0.707,0.673,0.683,-10.53
180.123,0.382,0.12,0.609,0.91,-13.286
140.109,0.455,0.103,0.413,0.548,-9.679
149.998,0.319,0.177,0.675,0.629,-13.757
86.04,0.224,0.483,0.793,0.109,-11.818
145.947,0.469,0.737,0.742,0.45,-8.789
130.018,0.141,0.102,0.542,0.647,-21.456
155.969,0.486,0.354,0.709,0.0459,-11.599
80.014,0.332,0.525,0.744,0.478,-15.331
150.026,0.461,0.667,0.835,0.583,-10.556
145.965,0.592,0.364,0.837,0.107,-5.758
140.094,0.166,0.0396,0.669,0.617,-16.203
135.87,0.457,0.361,0.62,0.59,-9.366
75.198,0.215,0.452,0.551,0.761,-11.565
79.982,0.698,0.636,0.637,0.0493,-8.741
80.663,0.287,0.201,0.652,0.588,-14.555
83.625,0.34,0.481,0.521,0.67,-11.597
142.182,0.208,0.306,0.865,0.962,-12.245
80.064,0.446,0.4,0.643,0.852,-8.373
74.956,0.331,0.462,0.689,0.777,-12.661
142.054,0.321,0.816,0.838,0.91,-16.147
179.911,0.295,0.722,0.616,0.0461,-10.529
147.944,0.441,0.136,0.678,0.401,-11.645
80.041,0.12,0.19,0.663,0.925,-13.662
87.971,0.448,0.38,0.802,0.78,-11.423
80.079,0.197,0.265,0.614,0.579,-10.24
75.028,0.266,0.328,0.662,0.538,-13.209
160.006,0.338,0.588,0.873,0.301,-10.678
82.003,0.244,0.298,0.812,0.536,-7.379
90.041,0.876,0.811,0.774,0.602,-5.808
82.994,0.409,0.336,0.631,0.558,-9.377
80.044,0.357,0.381,0.686,0.367,-8.579
78.809,0.464,0.204,0.532,0.257,-9.558
87.982,0.658,0.585,0.661,0.624,-7.177
159.924,0.409,0.482,0.566,0.891,-13.204
153.944,0.182,0.253,0.59,0.81,-16.658
78.005,0.499,0.622,0.682,0.4,-5.712
85.022,0.25,0.442,0.83,0.512,-12.849
145.996,0.528,0.931,0.739,0.323,-7.861
90.999,0.416,0.785,0.876,0.135,-9.173
71.95,0.395,0.6,0.633,0.778,-10.776
90.013,0.492,0.71,0.764,0.621,-11.604
69.306,0.299,0.165,0.727,0.125,-8.56
83.045,0.585,0.31,0.669,0.167,-12.63
172.026,0.336,0.673,0.701,0.668,-9.385
84.001,0.293,0.334,0.753,0.896,-13.288
76.001,0.184,0.452,0.708,0.375,-16.305
81.003,0.633,0.607,0.711,0.00579,-5.065
93.961,0.37,0.0905,0.452,0.255,-12.219
81.991,0.37,0.222,0.798,0.814,-8.497
84.963,0.322,0.475,0.699,0.391,-12.943
101.973,0.566,0.469,0.83,0.21,-9.317
130.04,0.666,0.28,0.787,0.0713,-8.897
79.155,0.323,0.138,0.529,0.764,-8.363
86.952,0.283,0.419,0.615,0.572,-18.23
80.344,0.381,0.732,0.751,0.299,-11.887
145.826,0.324,0.254,0.604,0.927,-8.465
89.025,0.45,0.512,0.714,0.0743,-15.473
79.008,0.328,0.382,0.748,0.779,-10.095
160.023,0.532,0.651,0.66,0.231,-10.662
85.04,0.379,0.36,0.638,0.825,-10.615
82.038,0.474,0.585,0.603,0.698,-10.741
87.969,0.368,0.26,0.624,0.0737,-7.873
163.97,0.434,0.477,0.817,0.0696,-8.146
81.999,0.347,0.456,0.691,0.605,-9.811
150.066,0.313,0.224,0.729,0.808,-17.297
132.157,0.435,0.688,0.777,0.47,-11.81
80.99,0.166,0.543,0.735,0.661,-16.977
81.05,0.471,0.765,0.75,0.0651,-7.96
87.026,0.344,0.652,0.662,0.351,-9.933
80.002,0.434,0.711,0.733,0.776,-9.508
83.935,0.505,0.418,0.692,0.339,-10.187
83.967,0.463,0.581,0.796,0.583,-10.058
89.026,0.361,0.322,0.8,0.613,-10.884
160.64,0.199,0.629,0.604,0.543,-16.086
145.978,0.261,0.533,0.735,0.855,-17.488
84.223,0.354,0.432,0.472,0.915,-12.653
119.974,0.56,0.341,0.558,0.775,-10.187
87.982,0.367,0.646,0.724,0.664,-11.658
76.006,0.469,0.675,0.679,0.667,-8.232
74.009,0.324,0.617,0.733,0.581,-12.706
90.028,0.389,0.472,0.742,0.111,-8.445
153.874,0.372,0.168,0.57,0.62,-13.45
86.018,0.45,0.232,0.759,0.541,-6.894
161.432,0.317,0.236,0.392,0.671,-9.573
79.99,0.277,0.396,0.756,0.325,-12.488
135.018,0.282,0.602,0.77,0.855,-12.155
88.987,0.507,0.389,0.427,0.084,-11.649
91.992,0.455,0.696,0.854,0.241,-10.786
84.035,0.33,0.215,0.591,0.222,-10.195
77.446,0.46,0.82,0.46,0.0411,-12.532
83.003,0.323,0.371,0.634,0.894,-11.306
85.197,0.449,0.333,0.64,0.184,-8.37
80.898,0.534,0.543,0.815,0.383,-7.975
79.607,0.312,0.39,0.572,0.615,-12.619
135.589,0.521,0.781,0.537,0.622,-11.083
140.801,0.279,0.0576,0.325,0.899,-11.924
119.991,0.531,0.838,0.756,0.318,-11.627
143.932,0.585,0.495,0.645,0.37,-9.493
111.979,0.408,0.192,0.753,0.361,-10.123
82.996,0.607,0.406,0.544,0.206,-7.942
172.113,0.287,0.288,0.709,0.437,-12.301
97.008,0.599,0.776,0.798,0.216,-5.124
119.007,0.558,0.604,0.831,0.706,-7.557
136.018,0.493,0.432,0.706,0.683,-8.792
77.937,0.592,0.365,0.608,0.469,-9.642
83.991,0.268,0.246,0.246,0.734,-9.725
100.015,0.276,0.744,0.7,0.346,-10.16
139.565,0.431,0.481,0.658,0.548,-10.104
76.032,0.387,0.604,0.635,0.172,-8.967
98.011,0.577,0.239,0.736,0.226,-6.61
82.019,0.636,0.672,0.582,0.0502,-9.767
100.009,0.716,0.709,0.785,0.0889,-5.797
151.964,0.498,0.723,0.697,0.29,-10.846
98.017,0.63,0.57,0.688,0.535,-8.226
91.039,0.68,0.62,0.654,0.242,-8.052
96.994,0.654,0.787,0.7,0.213,-9.446
87.721,0.707,0.646,0.638,0.295,-7.971
180.099,0.422,0.473,0.741,0.667,-11.206
73.972,0.491,0.317,0.542,0.0833,-9.353
91.016,0.801,0.623,0.695,0.093,-6.778
85.02,0.509,0.414,0.691,0.612,-9.963
77.086,0.402,0.584,0.529,0.205,-11.616
123.922,0.413,0.304,0.78,0.548,-13.292
146.977,0.071,0.0602,0.159,0.911,-27.109
133.166,0.012,0.744,0.324,0.986,-39.19
139.169,0.0424,0.0354,0.166,0.888,-31.01
209.852,0.0616,0.279,0.387,0.99,-23.838
77.122,0.112,0.161,0.118,0.993,-25.741
65.876,0.0124,0.0908,0.19,0.988,-39.77
72.674,0.0497,0.073,0.18,0.981,-30.856
140.96,0.0388,0.117,0.19,0.994,-34.654
165.638,0.0642,0.322,0.263,0.995,-22.824
87.315,0.0411,0.0356,0.184,0.619,-34.094
130.244,0.0304,0.114,0.219,0.909,-35.2
104.541,0.0217,0.223,0.278,0.98,-37.438
119.951,0.71,0.578,0.702,0.082,-7.118
120.955,0.718,0.615,0.669,0.0886,-7.782
113.945,0.57,0.527,0.644,0.484,-6.994
100.987,0.68,0.646,0.689,0.321,-7.196
116.016,0.841,0.712,0.769,0.114,-5.365
118.001,0.685,0.116,0.763,0.36,-7.185
104.961,0.653,0.248,0.629,0.00345,-5.631
104.991,0.742,0.136,0.646,0.0224,-4.96
114.981,0.8,0.219,0.641,0.0118,-5.591
120.028,0.67,0.528,0.654,0.149,-10.393
115.014,0.577,0.301,0.632,0.58,-12.89
124.015,0.592,0.387,0.821,0.213,-11.013
114.083,0.64,0.197,0.616,0.0846,-9.925
119.971,0.741,0.563,0.806,0.0234,-6.362
117.998,0.68,0.117,0.673,0.542,-11.444
120.021,0.739,0.833,0.749,0.025,-6.669
107.993,0.862,0.396,0.645,0.00736,-3.887
119.947,0.572,0.125,0.644,0.541,-9.504
118.023,0.497,0.299,0.79,0.248,-13.007
130.005,0.647,0.453,0.711,0.733,-8.589
116.063,0.635,0.278,0.609,0.215,-7.151
124.924,0.702,0.539,0.651,0.0256,-7.833
121.981,0.686,0.301,0.813,0.034,-7.593
116.027,0.621,0.556,0.65,0.566,-9.761
117.849,0.585,0.739,0.797,0.451,-5.854
115.024,0.872,0.131,0.726,0.356,-7.128
118.023,0.762,0.259,0.753,0.128,-7.119
115.014,0.723,0.494,0.834,0.196,-10.475
119.994,0.631,0.43,0.81,0.51,-7.543
120.997,0.665,0.677,0.836,0.308,-5.779
107.978,0.624,0.339,0.788,0.0991,-6.017
117.05,0.387,0.528,0.791,0.482,-9.6
109.854,0.579,0.299,0.61,0.11,-7.749
115.005,0.727,0.419,0.711,0.186,-5.244
120.087,0.638,0.234,0.675,0.142,-6.141
109.998,0.669,0.0681,0.65,0.196,-10.262
89.875,0.609,0.188,0.529,0.171,-5.574
106.995,0.663,0.806,0.72,0.387,-9.749
125.035,0.626,0.943,0.818,0.185,-5.991
120.023,0.748,0.683,0.654,0.427,-7.096
124.061,0.738,0.496,0.665,0.133,-6.136
117.973,0.802,0.372,0.572,0.119,-6.982
120.114,0.679,0.438,0.715,0.517,-5.263
115.887,0.611,0.419,0.655,0.649,-7.325
120.025,0.748,0.618,0.785,0.121,-6.674
109.969,0.796,0.26,0.83,0.385,-7.276
117.991,0.887,0.804,0.649,0.0304,-5.021
119.943,0.681,0.181,0.675,0.0494,-8.669
114.99,0.544,0.619,0.786,0.0512,-13.053
117.026,0.638,0.427,0.789,0.171,-7.515
106.001,0.215,0.101,0.624,0.518,-19.026
119.997,0.711,0.312,0.616,0.167,-8.48
123.074,0.769,0.329,0.666,0.11,-5.946
136.045,0.553,0.056,0.678,0.787,-9.38
117.974,0.764,0.633,0.727,0.413,-6.074
123.006,0.606,0.314,0.567,0.0801,-6.543
127.938,0.688,0.214,0.608,0.0554,-8.597
74.973,0.951,0.4,0.772,0.0634,-3.375
130.085,0.88,0.523,0.588,0.0243,-5.15
126.056,0.831,0.673,0.785,0.0038,-3.681
119.984,0.8,0.925,0.724,0.0103,-5.468
131.988,0.785,0.85,0.731,0.0155,-4.08
170.098,0.74,0.419,0.566,0.0352,-8.614
129.996,0.951,0.164,0.538,1.02e-05,-6.235
100.006,0.972,0.0338,0.524,0.000419,-6.098
100.024,0.637,0.115,0.66,0.0273,-7.467
96.099,0.305,0.197,0.514,0.152,-11.243
127.992,0.919,0.511,0.476,5.19e-06,-7.402
100.005,0.573,0.108,0.615,0.0471,-12.881
168.083,0.458,0.0754,0.338,0.0011,-8.574
110.04,0.922,0.228,0.508,3.59e-06,-6.43
120.003,0.977,0.176,0.441,2.08e-05,-5.87
169.956,0.495,0.432,0.595,0.00614,-10.062
94.968,0.952,0.22,0.451,1.83e-05,-5.62
176.048,0.677,0.28,0.419,0.0127,-6.328
105.027,0.581,0.209,0.667,0.103,-7.847
100.0,0.707,0.126,0.518,0.0394,-9.234
180.017,0.25,0.269,0.459,0.735,-18.501
105.003,0.972,0.0619,0.552,1.55e-05,-6.147
93.368,0.678,0.438,0.614,0.264,-7.829
94.07,0.618,0.216,0.585,0.125,-6.814
90.002,0.522,0.328,0.555,0.413,-6.168
92.003,0.792,0.235,0.548,0.0113,-9.04
94.997,0.513,0.116,0.495,0.534,-11.548
173.732,0.0586,0.0351,0.196,0.781,-29.575
127.499,0.4,0.191,0.511,0.96,-14.1
166.07,0.874,0.301,0.519,0.0535,-6.908
99.985,0.935,0.278,0.498,0.000256,-7.171
149.979,0.651,0.162,0.494,0.0819,-4.127
115.039,0.75,0.349,0.745,0.004,-7.357
144.061,0.747,0.239,0.47,0.0468,-6.362
119.988,0.665,0.0758,0.406,0.172,-7.903
140.086,0.746,0.17,0.52,0.176,-5.01
145.012,0.876,0.0726,0.495,0.00333,-5.494
149.955,0.881,0.584,0.614,0.00291,-3.935
90.054,0.662,0.365,0.679,0.151,-5.861
143.985,0.706,0.181,0.428,0.0203,-5.345
150.088,0.763,0.43,0.57,0.0857,-4.137
150.0,0.872,0.531,0.648,0.0328,-4.228
94.056,0.602,0.555,0.753,0.052,-6.326
129.043,0.903,0.0681,0.65,0.0655,-5.478
126.026,0.46,0.215,0.769,0.338,-11.988
125.007,0.9,0.0376,0.605,0.00888,-6.847
121.002,0.781,0.215,0.79,0.511,-9.915
123.016,0.615,0.758,0.8,0.00251,-8.686
123.877,0.715,0.0327,0.611,0.625,-10.448
120.069,0.633,0.0938,0.692,0.164,-8.513
124.006,0.751,0.0994,0.751,0.0479,-10.263
133.978,0.927,0.383,0.447,0.0559,-6.189
123.029,0.889,0.0474,0.559,0.169,-9.952
129.985,0.44,0.179,0.821,0.291,-10.612
120.052,0.545,0.539,0.829,0.0757,-9.541
122.005,0.762,0.251,0.734,0.0261,-7.013
123.031,0.898,0.325,0.661,0.00167,-3.562
123.003,0.79,0.054,0.608,0.581,-9.68
114.991,0.571,0.285,0.725,0.106,-9.183
123.806,0.646,0.689,0.654,0.368,-7.197
120.997,0.338,0.333,0.674,0.679,-18.251
120.056,0.498,0.108,0.65,0.572,-8.835
124.011,0.729,0.157,0.555,0.151,-9.798
125.014,0.342,0.036,0.789,0.704,-15.726
120.971,0.75,0.142,0.565,0.134,-9.046
120.021,0.564,0.308,0.772,0.584,-11.577
123.846,0.542,0.163,0.279,0.47,-11.962
122.027,0.458,0.442,0.65,0.801,-13.202
125.998,0.74,0.166,0.674,0.515,-9.138
120.021,0.837,0.152,0.625,0.277,-6.202
122.022,0.575,0.0394,0.578,0.000457,-11.284
111.967,0.422,0.193,0.7,0.523,-14.276
120.0,0.946,0.133,0.665,0.00186,-5.215
124.027,0.725,0.495,0.567,0.144,-10.29
124.992,0.908,0.103,0.637,0.0472,-8.035
119.007,0.584,0.04,0.734,0.124,-10.721
122.002,0.909,0.0581,0.623,0.0396,-7.929
123.032,0.739,0.251,0.661,0.0148,-10.153
128.03,0.579,0.31,0.754,0.00689,-7.497
122.995,0.901,0.0598,0.68,0.000487,-6.818
116.016,0.569,0.241,0.712,0.346,-10.819
114.994,0.452,0.0425,0.667,0.239,-12.089
126.082,0.748,0.0393,0.561,0.0898,-7.368
121.002,0.723,0.0706,0.604,0.017,-7.676
121.986,0.902,0.11,0.648,0.115,-6.882
119.967,0.68,0.13,0.699,0.00801,-8.177
124.004,0.807,0.0384,0.778,0.0816,-10.79
121.008,0.763,0.715,0.631,0.0824,-9.774
135.093,0.781,0.233,0.678,0.462,-10.792
124.975,0.815,0.039,0.576,0.00966,-7.088
122.018,0.732,0.328,0.774,0.00197,-11.04
117.981,0.805,0.498,0.555,0.00114,-7.574
120.988,0.542,0.64,0.835,0.546,-11.611
123.986,0.791,0.17,0.534,0.038,-6.288
114.002,0.657,0.525,0.615,0.599,-9.864
120.004,0.667,0.243,0.578,0.254,-12.066
124.046,0.543,0.3,0.652,0.0208,-9.461
122.039,0.852,0.203,0.66,0.013,-5.581
104.982,0.896,0.275,0.788,0.0721,-7.873
118.029,0.575,0.0654,0.624,0.441,-9.945
96.625,0.626,0.703,0.833,0.0225,-7.798
119.994,0.684,0.982,0.869,0.071,-5.571
180.625,0.505,0.786,0.64,0.176,-5.766
89.646,0.673,0.95,0.719,0.414,-7.184
96.555,0.886,0.856,0.843,0.0736,-5.3
99.878,0.698,0.891,0.911,0.0333,-8.529
139.991,0.673,0.849,0.844,0.0836,-7.498
191.935,0.488,0.897,0.696,0.14,-9.382
182.031,0.685,0.787,0.503,0.126,-5.673
95.86,0.838,0.709,0.727,0.574,-6.779
97.833,0.79,0.842,0.728,0.304,-8.458
176.296,0.619,0.826,0.467,0.763,-10.079
96.673,0.752,0.78,0.852,0.401,-5.266
91.506,0.828,0.96,0.757,0.486,-4.388
90.993,0.593,0.952,0.832,0.169,-5.975
181.859,0.544,0.916,0.551,0.136,-7.608
90.001,0.732,0.718,0.634,0.462,-7.173
105.025,0.78,0.329,0.794,0.444,-3.745
95.027,0.669,0.576,0.903,0.316,-5.506
124.067,0.602,0.501,0.758,0.201,-5.468
95.084,0.814,0.365,0.786,0.0383,-3.318
100.043,0.757,0.796,0.775,0.0405,-5.452
122.018,0.799,0.658,0.705,0.0357,-4.776
179.923,0.68,0.71,0.796,0.0575,-5.555
170.093,0.784,0.75,0.737,0.299,-3.984
117.765,0.698,0.599,0.629,0.0509,-4.485
123.984,0.822,0.557,0.776,0.067,-5.03
91.986,0.838,0.637,0.803,0.0905,-3.23
93.063,0.624,0.767,0.787,0.103,-4.156
93.027,0.618,0.618,0.769,0.211,-5.26
87.979,0.683,0.771,0.851,0.319,-5.353
166.006,0.665,0.634,0.747,0.0481,-6.538
179.876,0.788,0.711,0.662,0.0191,-4.55
170.001,0.709,0.831,0.743,0.0451,-3.922
119.99,0.683,0.878,0.804,0.561,-4.637
80.01,0.492,0.695,0.844,0.06,-6.963
132.037,0.494,0.231,0.592,0.237,-10.618
172.031,0.655,0.785,0.743,0.114,-5.015
169.103,0.559,0.48,0.808,0.133,-6.936
90.007,0.674,0.761,0.841,0.104,-5.35
123.013,0.881,0.677,0.688,0.0947,-4.889
145.001,0.725,0.375,0.86,0.0464,-6.7
133.037,0.861,0.588,0.762,0.139,-4.075
167.969,0.737,0.697,0.793,0.0765,-4.731
175.937,0.58,0.608,0.763,0.0466,-6.196
91.97,0.701,0.623,0.659,0.0882,-4.107
168.084,0.806,0.698,0.728,0.0531,-3.766
94.011,0.83,0.697,0.772,0.016,-5.019
92.976,0.5,0.317,0.865,0.0122,-10.805
147.967,0.727,0.92,0.869,0.0589,-7.397
94.05,0.84,0.567,0.841,0.0177,-2.838
94.995,0.738,0.818,0.828,0.0381,-4.295
94.018,0.836,0.651,0.843,0.0816,-2.474
93.06,0.709,0.916,0.849,0.227,-4.717
92.971,0.787,0.392,0.731,0.0865,-5.26
164.082,0.911,0.799,0.796,0.0157,-2.228
147.982,0.612,0.742,0.882,0.0475,-6.103
93.992,0.801,0.81,0.762,0.2,-3.661
88.793,0.831,0.88,0.679,0.159,-1.866
96.029,0.536,0.505,0.85,0.267,-5.161
97.002,0.696,0.781,0.881,0.136,-3.838
91.976,0.672,0.526,0.886,0.0363,-4.394
91.017,0.618,0.604,0.844,0.139,-5.133
100.013,0.711,0.622,0.871,0.0267,-5.397
140.008,0.633,0.394,0.775,0.201,-3.332
165.941,0.715,0.758,0.795,0.141,-3.582
96.966,0.752,0.743,0.925,0.0149,-4.523
99.946,0.717,0.195,0.759,0.0672,-5.014
83.489,0.858,0.65,0.655,0.53,-5.607
90.981,0.812,0.587,0.846,0.109,-2.979
103.053,0.807,0.816,0.825,0.0741,-5.753
175.988,0.79,0.763,0.725,0.0711,-2.331
102.119,0.599,0.869,0.861,0.183,-4.205
92.01,0.783,0.799,0.795,0.361,-4.271
129.967,0.972,0.881,0.845,0.444,0.914
130.089,0.742,0.479,0.889,0.299,-3.495
129.946,0.683,0.767,0.85,0.091,-7.41
130.174,0.781,0.57,0.922,0.148,-0.548
72.74,0.726,0.658,0.502,0.478,-0.252
130.138,0.746,0.752,0.896,0.108,-5.174
130.148,0.596,0.651,0.931,0.553,-5.507
130.046,0.556,0.426,0.947,0.277,-4.536
86.69,0.421,0.788,0.537,0.408,-1.987
86.93,0.855,0.658,0.773,0.223,0.832
129.962,0.659,0.495,0.955,0.411,-3.531
129.97,0.607,0.962,0.932,0.884,-7.237
114.952,0.493,0.389,0.776,0.12,-10.719
95.059,0.593,0.292,0.496,0.784,-9.294
96.019,0.791,0.821,0.842,0.31,-4.814
130.143,0.743,0.612,0.805,0.177,-7.244
140.111,0.896,0.794,0.933,0.258,-1.692
129.971,0.684,0.817,0.927,0.148,-5.081
86.656,0.774,0.76,0.891,0.297,-0.033
139.788,0.494,0.758,0.584,0.000494,-10.112
64.987,0.702,0.931,0.825,0.27,-4.588
140.306,0.864,0.594,0.883,0.135,-4.603
130.031,0.823,0.671,0.977,0.396,-0.37
130.05,0.39,0.175,0.913,0.707,-4.538
130.207,0.849,0.92,0.945,0.117,-0.329
150.066,0.518,0.793,0.896,0.285,-8.524
130.042,0.842,0.464,0.76,0.829,-6.553
88.055,0.819,0.888,0.596,0.0644,-10.326
129.947,0.754,0.574,0.845,0.0571,-2.511
130.284,0.897,0.589,0.912,0.33,-0.909
130.026,0.374,0.684,0.867,0.629,-11.883
123.846,0.483,0.217,0.765,0.432,-5.356
130.028,0.836,0.162,0.967,0.278,-1.264
130.145,0.855,0.569,0.821,0.317,-2.466
130.012,0.799,0.639,0.959,0.329,-1.41
130.014,0.533,0.673,0.921,0.433,-3.408
83.624,0.699,0.762,0.633,0.516,0.41
126.028,0.809,0.733,0.633,0.289,-0.322
129.83,0.285,0.793,0.908,0.16,-12.559
113.471,0.813,0.403,0.845,0.465,-5.178
130.006,0.879,0.954,0.91,0.143,1.318
84.614,0.601,0.662,0.615,0.0732,-8.147
98.076,0.921,0.981,0.728,0.493,-5.963
96.649,0.413,0.527,0.761,0.258,-13.191
107.137,0.612,0.598,0.602,0.0216,-8.351
113.367,0.677,0.79,0.667,0.242,-8.663
125.648,0.325,0.882,0.791,0.151,-13.061
147.643,0.322,0.822,0.567,0.367,-13.663
168.907,0.366,0.708,0.469,0.902,-11.948
116.383,0.666,0.699,0.666,0.0281,-7.079
84.781,0.695,0.971,0.781,0.0606,-6.608
159.924,0.732,0.694,0.651,0.187,-6.006
92.998,0.758,0.942,0.841,0.303,-7.706
156.017,0.533,0.976,0.886,0.743,-7.083
89.112,0.494,0.927,0.582,0.476,-10.297
94.019,0.744,0.811,0.738,0.197,-8.97
96.023,0.443,0.688,0.865,0.723,-14.168
100.007,0.58,0.84,0.835,0.559,-8.892
93.979,0.623,0.391,0.817,0.274,-10.116
184.108,0.886,0.897,0.714,0.663,-4.429
87.984,0.78,0.582,0.708,0.271,-6.624
91.984,0.86,0.966,0.812,0.395,-6.131
95.715,0.741,0.744,0.861,0.425,-8.305
93.022,0.876,0.876,0.858,0.326,-5.342
147.918,0.698,0.687,0.754,0.0353,-6.593
108.081,0.767,0.957,0.724,0.296,-5.734
135.853,0.458,0.58,0.754,0.301,-9.117
156.004,0.427,0.637,0.639,0.225,-10.911
143.027,0.514,0.809,0.676,0.27,-8.775
129.958,0.65,0.892,0.765,0.041,-6.822
147.046,0.652,0.786,0.716,0.0572,-6.528
92.992,0.827,0.961,0.742,0.181,-8.523
96.565,0.717,0.96,0.631,0.552,-8.898
185.213,0.626,0.747,0.46,0.348,-7.57
100.501,0.901,0.982,0.805,0.316,-4.647
93.98,0.892,0.94,0.847,0.263,-5.095
94.961,0.87,0.974,0.768,0.546,-4.65
97.003,0.895,0.937,0.823,0.413,-7.042
98.04,0.926,0.968,0.755,0.0823,-4.922
193.967,0.967,0.918,0.694,0.25,-5.241
94.983,0.849,0.738,0.758,0.488,-5.714
97.018,0.696,0.961,0.734,0.588,-8.354
137.965,0.404,0.775,0.666,0.39,-9.888
104.83,0.479,0.661,0.62,0.196,-9.888
157.243,0.601,0.927,0.744,0.562,-10.082
111.98,0.975,0.806,0.697,0.186,-5.009
158.053,0.59,0.895,0.761,0.454,-10.274
145.048,0.641,0.819,0.563,0.685,-13.097
106.359,0.694,0.739,0.723,0.313,-6.694
156.28,0.647,0.936,0.653,0.201,-7.028
96.03,0.814,0.95,0.669,0.378,-6.262
104.76,0.773,0.965,0.7,0.406,-10.065
95.035,0.874,0.962,0.748,0.276,-5.069
102.987,0.951,0.969,0.743,0.579,-3.777
140.031,0.592,0.565,0.846,0.324,-5.632
145.703,0.47,0.577,0.655,0.237,-11.395
111.019,0.566,0.281,0.78,0.323,-9.289
98.057,0.92,0.973,0.808,0.211,-5.508
161.492,0.493,0.761,0.609,0.176,-6.557
150.007,0.631,0.926,0.696,0.346,-4.541
143.458,0.532,0.527,0.591,0.614,-5.712
154.147,0.585,0.895,0.715,0.165,-6.753
76.184,0.413,0.732,0.506,0.08,-10.538
82.542,0.773,0.962,0.642,0.324,-6.108
88.03,0.769,0.35,0.693,0.114,-5.903
92.055,0.452,0.531,0.363,0.417,-10.288
98.011,0.609,0.613,0.709,0.164,-8.493
80.029,0.526,0.761,0.559,0.564,-13.468
168.563,0.632,0.96,0.635,0.293,-7.54
97.013,0.854,0.9,0.637,0.323,-5.751
166.989,0.766,0.885,0.649,0.267,-7.065
168.05,0.698,0.967,0.645,0.238,-6.177
179.533,0.748,0.96,0.621,0.522,-5.026
127.194,0.396,0.634,0.713,0.107,-9.448
166.074,0.602,0.663,0.604,0.28,-6.619
122.042,0.877,0.793,0.812,0.305,-5.625
169.903,0.884,0.721,0.756,0.296,-5.698
124.031,0.831,0.768,0.721,0.00583,-5.546
164.22,0.617,0.554,0.486,0.235,-6.441
111.949,0.797,0.389,0.635,0.0157,-4.958
150.234,0.67,0.278,0.519,0.321,-6.134
93.928,0.72,0.953,0.664,0.762,-9.288
80.144,0.588,0.503,0.555,0.682,-10.181
170.108,0.421,0.497,0.602,0.411,-10.992
100.06,0.639,0.221,0.674,0.0504,-8.087
119.992,0.622,0.405,0.791,0.32,-6.464
120.013,0.759,0.483,0.751,0.0611,-8.001
90.024,0.563,0.376,0.625,0.0626,-7.802
110.052,0.869,0.494,0.761,0.0851,-3.899
96.995,0.524,0.214,0.739,0.303,-6.943
143.981,0.625,0.784,0.776,0.171,-5.18
180.019,0.665,0.605,0.656,0.177,-7.696
96.968,0.712,0.509,0.632,0.176,-4.494
144.978,0.654,0.287,0.615,0.304,-7.011
80.013,0.663,0.857,0.718,0.204,-5.722
87.963,0.579,0.331,0.721,0.429,-5.796
140.008,0.574,0.964,0.887,0.0724,-5.239
120.018,0.884,0.51,0.785,0.111,-4.653
106.034,0.925,0.418,0.673,0.0296,-5.192
142.947,0.705,0.377,0.62,0.161,-5.789
113.336,0.835,0.591,0.764,0.22,-4.102
107.998,0.548,0.642,0.704,0.167,-10.151
136.882,0.532,0.258,0.816,0.218,-5.634
104.956,0.948,0.625,0.711,0.0757,-3.751
106.076,0.848,0.54,0.656,0.627,-5.293
125.978,0.728,0.69,0.678,0.241,-6.291
114.997,0.746,0.751,0.765,0.0729,-5.917
115.918,0.731,0.328,0.746,0.128,-4.741
117.973,0.868,0.85,0.73,0.00779,-5.779
90.07,0.76,0.442,0.779,0.398,-4.048
159.992,0.604,0.448,0.544,0.367,-7.851
124.016,0.769,0.474,0.79,0.104,-7.331
128.09,0.667,0.454,0.741,0.103,-6.088
80.048,0.546,0.314,0.587,0.368,-7.833
125.538,0.782,0.356,0.5,0.117,-6.208
90.029,0.598,0.376,0.695,0.33,-8.186
83.007,0.562,0.419,0.595,0.767,-9.295
104.966,0.782,0.511,0.817,0.318,-6.38
95.018,0.794,0.803,0.729,0.527,-4.796
118.926,0.574,0.322,0.586,0.465,-9.814
200.035,0.913,0.738,0.545,0.293,-5.157
173.921,0.432,0.303,0.721,0.319,-9.865
96.996,0.795,0.244,0.707,0.00945,-5.452
96.986,0.624,0.565,0.807,0.201,-8.069
104.973,0.7,0.643,0.814,0.363,-5.221
140.022,0.864,0.481,0.639,0.572,-5.865
129.98,0.67,0.295,0.639,0.516,-7.168
95.138,0.865,0.69,0.749,0.116,-4.372
101.98,0.678,0.697,0.726,0.201,-4.856
140.095,0.621,0.474,0.629,0.12,-6.592
78.753,0.724,0.587,0.536,0.748,-6.84
180.014,0.566,0.28,0.52,0.138,-5.994
144.136,0.592,0.374,0.683,0.274,-8.082
99.869,0.757,0.358,0.513,0.00881,-6.025
99.958,0.902,0.33,0.755,0.2,-4.122
100.038,0.863,0.418,0.681,0.00226,-5.517
127.993,0.734,0.65,0.766,0.14,-5.053
107.081,0.616,0.356,0.692,0.51,-6.82
117.899,0.788,0.741,0.829,0.329,-5.473
174.103,0.431,0.302,0.479,0.516,-12.056
81.927,0.148,0.0317,0.196,0.972,-19.652
64.665,0.302,0.0337,0.248,0.336,-17.76
100.012,0.235,0.039,0.449,0.831,-16.364
79.985,0.506,0.782,0.714,0.864,-8.838
78.272,0.235,0.057,0.316,0.82,-17.639
90.583,0.261,0.0398,0.165,0.986,-16.199
109.986,0.47,0.0358,0.639,0.373,-11.969
93.005,0.817,0.358,0.53,0.113,-10.412
89.981,0.5,0.4,0.784,0.657,-13.217
163.955,0.561,0.779,0.653,0.586,-10.629
102.012,0.289,0.469,0.508,0.766,-18.008
91.59,0.381,0.0378,0.29,0.555,-17.713
140.976,0.472,0.067,0.415,0.205,-11.089
92.067,0.309,0.494,0.587,0.9,-15.068
99.632,0.405,0.124,0.163,0.849,-12.678
89.951,0.177,0.101,0.593,0.933,-14.415
104.979,0.707,0.78,0.775,0.397,-5.339
92.058,0.57,0.565,0.801,0.559,-5.103
135.028,0.441,0.925,0.942,0.493,-11.448
94.893,0.638,0.608,0.809,0.262,-5.646
121.855,0.897,0.955,0.668,0.626,-5.135
99.425,0.39,0.704,0.687,0.8,-14.679
120.416,0.27,0.728,0.712,0.935,-4.382
110.967,0.662,0.911,0.769,0.395,-6.199
129.188,0.928,0.6,0.452,0.000706,-3.133
115.956,0.476,0.739,0.62,0.251,-8.544
102.954,0.703,0.834,0.816,0.0354,-7.665
102.02,0.602,0.406,0.771,0.0795,-5.482
95.033,0.569,0.771,0.84,0.331,-6.064
104.91,0.693,0.571,0.728,0.105,-4.647
170.001,0.69,0.768,0.688,0.499,-8.295
111.103,0.464,0.381,0.72,0.0567,-10.661
88.993,0.38,0.645,0.511,0.606,-11.058
93.258,0.838,0.872,0.522,0.379,-4.652
97.449,0.627,0.535,0.633,0.171,-5.478
120.646,0.867,0.143,0.52,0.235,-5.878
91.991,0.888,0.881,0.745,0.108,-4.193
85.422,0.868,0.777,0.533,0.147,-1.919
96.593,0.627,0.888,0.605,0.105,-5.778
196.014,0.683,0.49,0.59,0.0664,-6.347
102.955,0.635,0.0717,0.478,0.437,-8.055
120.004,0.819,0.752,0.788,0.567,-5.278
102.988,0.883,0.474,0.776,0.0403,-4.793
111.923,0.727,0.935,0.825,0.264,-6.273
111.998,0.622,0.644,0.878,0.0369,-5.452
99.986,0.763,0.694,0.75,0.0659,-5.722
89.834,0.76,0.734,0.591,0.455,-6.331
108.123,0.703,0.762,0.669,0.0788,-6.113
109.004,0.77,0.418,0.825,0.0958,-8.136
200.678,0.892,0.749,0.442,0.31,-6.915
109.986,0.605,0.674,0.769,0.501,-8.49
105.021,0.55,0.457,0.756,0.174,-13.78
115.001,0.72,0.789,0.847,0.309,-6.023
112.988,0.792,0.692,0.795,0.337,-5.589
130.378,0.572,0.647,0.525,0.495,-8.081
95.855,0.374,0.167,0.611,0.892,-11.248
115.099,0.754,0.592,0.763,0.256,-5.538
120.349,0.386,0.154,0.558,0.0798,-8.742
92.007,0.293,0.419,0.831,0.378,-8.047
126.599,0.259,0.596,0.59,0.272,-21.72
105.918,0.731,0.55,0.749,0.204,-5.386
94.978,0.55,0.258,0.693,0.0265,-10.357
101.981,0.569,0.494,0.791,0.309,-9.972
84.978,0.765,0.844,0.598,0.275,-4.93
154.07,0.685,0.555,0.743,0.113,-7.981
139.945,0.498,0.761,0.784,0.251,-6.349
104.951,0.522,0.643,0.816,0.65,-12.409
81.921,0.418,0.598,0.848,0.371,-7.846
179.957,0.722,0.613,0.644,0.0363,-6.43
179.918,0.62,0.53,0.527,0.495,-7.649
94.774,0.605,0.7,0.472,0.331,-7.633
128.713,0.539,0.591,0.722,0.752,-11.319
100.51,0.424,0.455,0.537,0.736,-9.199
123.425,0.339,0.667,0.485,0.777,-10.679
94.482,0.649,0.53,0.495,0.573,-6.789
119.796,0.227,0.149,0.561,0.947,-9.946
81.084,0.425,0.464,0.533,0.692,-8.427
112.962,0.596,0.114,0.596,0.338,-7.727
116.945,0.512,0.842,0.784,0.0951,-8.694
89.97,0.547,0.495,0.83,0.69,-9.642
193.883,0.476,0.572,0.637,0.504,-8.968
96.003,0.672,0.804,0.694,0.307,-5.527
103.091,0.494,0.476,0.739,0.0979,-10.656
66.953,0.699,0.49,0.621,0.437,-5.164
104.998,0.767,0.743,0.758,0.706,-8.568
127.484,0.661,0.843,0.769,0.585,-5.505
203.894,0.691,0.343,0.534,0.421,-8.121
160.817,0.737,0.409,0.623,0.464,-5.721
113.2,0.59,0.421,0.621,0.0546,-6.852
97.903,0.611,0.543,0.631,0.563,-8.925
112.946,0.778,0.878,0.82,0.253,-4.57
124.0,0.841,0.744,0.826,0.0402,-5.724
109.979,0.663,0.863,0.8,0.453,-9.608
95.021,0.549,0.679,0.776,0.0578,-14.509
109.986,0.757,0.879,0.786,0.416,-8.05
92.97,0.847,0.794,0.765,0.128,-1.832
67.818,0.745,0.665,0.489,0.414,-5.454
97.951,0.656,0.874,0.77,0.299,-8.798
127.086,0.61,0.92,0.827,0.397,-6.672
106.082,0.715,0.541,0.629,0.0913,-7.226
60.742,0.721,0.683,0.482,0.181,-7.642
95.005,0.564,0.765,0.72,0.27,-11.816
111.036,0.52,0.668,0.951,0.225,-6.919
99.127,0.633,0.466,0.502,0.253,-6.215
192.408,0.786,0.458,0.415,0.379,-5.604
100.104,0.657,0.932,0.887,0.153,-5.784
72.949,0.553,0.664,0.553,0.305,-6.818
96.937,0.566,0.54,0.852,0.221,-8.8
135.915,0.79,0.758,0.654,0.00626,-5.507
96.234,0.562,0.885,0.772,0.776,-7.431
56.957,0.745,0.624,0.581,0.196,-5.121
112.029,0.587,0.585,0.796,0.208,-8.539
98.111,0.747,0.798,0.584,0.105,-4.726
103.126,0.671,0.863,0.74,0.197,-5.286
109.922,0.71,0.448,0.843,0.0739,-4.809
132.839,0.714,0.816,0.545,0.285,-6.77
66.009,0.586,0.476,0.52,0.556,-7.895
109.951,0.568,0.569,0.749,0.546,-4.627
100.011,0.611,0.808,0.774,0.108,-7.077
92.044,0.529,0.795,0.744,0.469,-6.559
104.972,0.658,0.551,0.827,0.299,-6.364
100.029,0.788,0.743,0.759,0.0485,-4.776
67.813,0.651,0.567,0.49,0.714,-6.259
102.053,0.793,0.635,0.8,0.242,-5.066
115.02,0.754,0.451,0.811,0.0372,-6.868
104.991,0.744,0.765,0.806,0.187,-5.377
113.988,0.652,0.577,0.78,0.64,-6.548
113.09,0.811,0.501,0.785,0.159,-5.477
89.163,0.827,0.682,0.617,0.155,-5.896
112.47,0.876,0.93,0.746,0.568,-5.972
121.958,0.562,0.259,0.807,0.264,-7.782
102.06,0.668,0.612,0.868,0.164,-6.096
91.875,0.573,0.0673,0.734,0.0706,-8.413
94.079,0.778,0.318,0.578,0.147,-5.672
66.494,0.625,0.458,0.527,0.349,-4.528
102.067,0.528,0.283,0.584,0.658,-8.829
68.196,0.721,0.801,0.631,0.468,-7.435
96.033,0.744,0.544,0.826,0.0688,-6.382
137.444,0.681,0.507,0.619,0.569,-6.108
60.83,0.484,0.23,0.653,0.112,-6.337
138.775,0.6,0.549,0.708,0.749,-7.874
135.987,0.658,0.56,0.599,0.34,-6.644
97.995,0.633,0.954,0.786,0.178,-11.602
104.151,0.753,0.763,0.636,0.13,-7.133
180.04,0.774,0.63,0.668,0.175,-6.099
205.737,0.6,0.701,0.661,0.301,-7.71
65.517,0.547,0.752,0.674,0.102,-5.931
105.028,0.686,0.746,0.762,0.189,-6.05
99.964,0.706,0.609,0.877,0.632,-7.802
96.914,0.496,0.423,0.688,0.0708,-9.28
116.78,0.881,0.6,0.751,0.218,-3.802
133.693,0.586,0.646,0.574,0.125,-9.202
81.964,0.576,0.694,0.59,0.465,-6.53
75.961,0.384,0.775,0.355,0.565,-8.438
110.004,0.535,0.684,0.924,0.05,-8.105
103.039,0.662,0.769,0.808,0.397,-3.906
100.001,0.654,0.629,0.878,0.0933,-6.934
95.992,0.735,0.403,0.898,0.113,-7.374
105.935,0.721,0.751,0.571,0.329,-7.399
97.766,0.83,0.662,0.531,0.00424,-5.397
103.016,0.792,0.643,0.846,0.0219,-5.725
97.046,0.503,0.146,0.909,0.175,-7.243
159.909,0.57,0.325,0.547,0.44,-7.687
92.954,0.482,0.646,0.814,0.16,-9.977
109.307,0.71,0.667,0.85,0.175,-5.555
101.053,0.719,0.379,0.884,0.188,-3.811
100.008,0.616,0.596,0.825,0.0652,-7.585
155.313,0.798,0.429,0.553,0.0993,-5.856
106.311,0.609,0.631,0.714,0.393,-5.886
86.875,0.677,0.311,0.459,0.208,-4.717
107.038,0.742,0.501,0.834,0.428,-6.237
111.984,0.838,0.79,0.687,0.261,-6.417
113.013,0.692,0.417,0.828,0.55,-9.785
105.249,0.765,0.433,0.634,0.635,-8.112
167.044,0.821,0.2,0.654,0.163,-4.232
114.633,0.69,0.672,0.58,0.187,-6.897
178.943,0.582,0.804,0.72,0.126,-7.854
96.036,0.626,0.716,0.829,0.508,-6.412
99.933,0.43,0.67,0.841,0.698,-6.006
118.491,0.525,0.958,0.62,0.207,-7.344
98.003,0.649,0.677,0.738,0.119,-5.511
116.058,0.5,0.118,0.569,0.183,-4.482
94.77,0.879,0.624,0.648,0.117,-6.67
99.699,0.811,0.563,0.752,0.369,-6.185
95.464,0.646,0.591,0.596,0.255,-8.083
103.999,0.536,0.812,0.837,0.481,-5.05
100.245,0.612,0.496,0.741,0.204,-7.327
90.012,0.647,0.471,0.719,0.174,-7.332
132.852,0.746,0.23,0.819,0.0692,-6.087
102.935,0.511,0.554,0.925,0.241,-6.805
70.069,0.57,0.734,0.529,0.347,-7.491
62.624,0.563,0.66,0.703,0.179,-7.251
98.044,0.849,0.693,0.783,0.0264,-4.284
95.907,0.632,0.57,0.799,0.132,-7.234
113.133,0.612,0.415,0.786,0.161,-5.556
123.176,0.533,0.391,0.505,0.187,-9.234
114.748,0.594,0.52,0.58,0.162,-7.229
94.85,0.358,0.31,0.727,0.337,-9.078
113.009,0.365,0.294,0.461,0.8,-10.537
111.993,0.808,0.488,0.747,0.155,-6.115
114.004,0.706,0.158,0.572,0.0379,-9.019
76.228,0.872,0.713,0.424,0.0947,-4.953
113.949,0.675,0.755,0.734,0.00552,-7.013
115.046,0.82,0.576,0.776,0.258,-8.071
113.018,0.731,0.598,0.854,0.136,-5.568
76.656,0.736,0.87,0.732,0.156,-4.607
92.001,0.873,0.453,0.762,0.0245,-4.532
97.016,0.813,0.845,0.791,0.213,-5.018
97.03,0.608,0.667,0.803,0.101,-4.936
93.04,0.649,0.829,0.744,0.652,-6.669
94.036,0.592,0.769,0.727,0.345,-8.625
98.022,0.715,0.637,0.85,0.409,-5.148
153.925,0.707,0.606,0.476,0.394,-8.688
77.421,0.462,0.392,0.387,0.593,-10.109
140.057,0.744,0.224,0.761,0.204,-5.198
100.008,0.476,0.294,0.799,0.519,-8.935
80.332,0.505,0.426,0.482,0.61,-8.063
185.812,0.542,0.482,0.693,0.0575,-5.665
183.909,0.291,0.42,0.765,0.135,-13.997
149.935,0.919,0.965,0.816,0.386,-3.352
61.256,0.555,0.366,0.541,0.124,-7.738
128.491,0.647,0.691,0.663,0.338,-7.492
124.387,0.654,0.687,0.581,0.345,-5.87
111.998,0.701,0.564,0.859,0.0816,-7.65
93.949,0.682,0.839,0.784,0.0725,-4.364
160.044,0.854,0.629,0.679,0.0276,-4.896
142.724,0.644,0.47,0.778,0.0625,-5.542
104.855,0.594,0.645,0.835,0.248,-6.426
96.058,0.667,0.541,0.76,0.574,-6.957
108.018,0.557,0.501,0.931,0.0254,-7.029
111.032,0.821,0.509,0.534,0.693,-7.463
94.999,0.611,0.749,0.704,0.58,-7.894
102.716,0.743,0.431,0.727,0.366,-7.223
196.505,0.671,0.71,0.418,0.0473,-4.002
93.564,0.779,0.633,0.69,0.0297,-6.113
133.112,0.574,0.579,0.831,0.0644,-5.329
96.803,0.536,0.624,0.748,0.425,-4.702
97.117,0.694,0.529,0.772,0.562,-9.426
109.956,0.542,0.766,0.736,0.452,-7.362
71.912,0.000947,0.0325,0.158,0.986,-42.911
133.059,0.00253,0.0369,0.157,0.956,-38.091
69.847,0.000778,0.0464,0.133,0.953,-36.902
64.154,0.00961,0.0942,0.0602,0.923,-34.583
142.818,0.0016,0.0315,0.133,0.851,-40.103
138.427,0.00776,0.0409,0.149,0.991,-40.195
138.053,0.0164,0.037,0.204,0.911,-45.193
137.908,0.0137,0.0382,0.148,0.972,-37.611
80.186,0.00478,0.112,0.0783,0.961,-37.274
68.643,0.0168,0.0296,0.0914,0.913,-37.17
73.503,0.0152,0.0435,0.188,0.973,-32.487
142.405,0.0455,0.0388,0.137,0.863,-30.204
70.706,0.00438,0.0388,0.14,0.974,-44.145
140.739,0.00949,0.049,0.142,0.993,-39.818
131.199,0.0117,0.035,0.159,0.841,-36.805
139.436,0.0146,0.0548,0.143,0.862,-40.946
172.224,0.000487,0.0349,0.0823,0.976,-34.601
68.922,0.00295,0.0347,0.226,0.967,-36.149
74.578,0.000835,0.0357,0.0668,0.972,-38.7
69.321,0.00644,0.0639,0.0631,0.971,-34.111
134.497,0.00158,0.04,0.152,0.969,-43.541
142.924,0.0217,0.0974,0.137,0.951,-36.422
136.037,0.000816,0.267,0.148,0.952,-39.215
135.418,0.0105,0.0514,0.154,0.958,-38.116
70.526,0.0111,0.0561,0.167,0.971,-35.209
139.355,0.0113,0.0398,0.143,0.962,-40.334
140.011,0.00736,0.0369,0.145,0.99,-36.296
139.301,0.00587,0.0371,0.145,0.95,-38.136
73.896,0.00747,0.0405,0.195,0.988,-38.997
78.513,0.0324,0.0368,0.0716,0.94,-33.086
69.919,0.000952,0.0723,0.185,0.987,-43.296
71.939,0.00725,0.0334,0.121,0.871,-38.789
134.125,0.000539,0.0371,0.152,0.913,-35.475
65.669,0.00375,0.0581,0.117,0.992,-40.669
73.664,0.000237,0.0383,0.172,0.973,-44.525
136.585,0.0294,0.0311,0.159,0.855,-33.472
142.112,0.00403,0.0835,0.136,0.951,-37.261
67.449,0.00817,0.0355,0.171,0.99,-35.99
134.584,0.00081,0.0389,0.151,0.94,-36.747
137.355,0.0233,0.0321,0.151,0.942,-34.52
61.999,0.0808,0.0345,0.22,0.896,-24.81
140.078,0.0014,0.112,0.14,0.98,-41.294
137.553,0.00898,0.0632,0.148,0.86,-39.959
69.321,0.00322,0.0345,0.173,0.938,-44.129
140.649,0.00379,0.192,0.14,0.958,-38.183
71.766,0.0557,0.0644,0.127,0.984,-30.658
77.551,0.0173,0.039,0.0913,0.811,-41.648
71.599,0.000202,0.0346,0.124,0.97,-43.713
141.408,0.000546,0.0487,0.135,0.972,-43.098
71.7,0.000642,0.424,0.0589,0.961,-38.447
137.261,0.00145,0.0393,0.146,0.974,-41.989
71.505,0.00207,0.149,0.15,0.993,-45.66
73.055,0.01,0.038,0.161,0.948,-38.885
68.298,0.00641,0.0539,0.143,0.969,-39.151
71.371,0.021,0.145,0.195,0.978,-33.002
67.628,0.00167,0.0367,0.175,0.99,-40.472
140.566,0.0037,0.141,0.14,0.838,-37.4
74.189,0.00645,0.0487,0.189,0.967,-32.299
66.701,0.003,0.0588,0.19,0.987,-42.687
137.633,0.0024,0.221,0.144,0.829,-36.669
138.54,0.00389,0.0407,0.145,0.977,-40.458
76.933,0.00311,0.0374,0.0727,0.944,-43.06
62.672,0.00223,0.0389,0.0959,0.964,-37.874
141.278,0.00991,0.0387,0.153,0.977,-37.631
76.362,0.00911,0.0742,0.0703,0.961,-36.483
136.698,0.00204,0.117,0.148,0.986,-34.403
138.171,0.00257,0.0358,0.146,0.975,-42.115
125.772,0.00722,0.0372,0.17,0.952,-39.846
85.993,0.00398,0.124,0.0932,0.987,-37.295
139.362,0.00736,0.0399,0.147,0.961,-35.267
71.632,0.0121,0.185,0.234,0.991,-34.604
66.825,0.0198,0.0395,0.178,0.921,-37.017
73.187,0.0285,0.0871,0.151,0.96,-30.539
131.992,0.00214,0.037,0.154,0.931,-41.74
136.573,0.00131,0.0501,0.151,0.97,-46.911
71.341,0.00913,0.0618,0.179,0.964,-38.302
73.109,0.000323,0.0335,0.181,0.881,-38.693
68.571,0.00555,0.0747,0.166,0.994,-38.28
143.452,0.00489,0.089,0.135,0.976,-37.921
173.15,0.00151,0.0891,0.0764,0.975,-36.955
136.472,0.00251,0.0546,0.151,0.977,-40.069
67.955,0.00838,0.0327,0.182,0.993,-34.11
69.044,0.00116,0.0332,0.166,0.953,-42.865
139.117,0.00308,0.072,0.142,0.939,-37.775
139.652,0.00122,0.163,0.143,0.968,-36.993
137.138,0.00143,0.0336,0.145,0.914,-35.782
68.426,0.00218,0.0377,0.137,0.991,-40.358
138.192,0.00235,0.146,0.144,0.912,-34.679
138.376,0.00203,0.0397,0.143,0.882,-33.389
72.295,0.0033,0.0368,0.0676,0.968,-40.803
72.358,0.00897,0.0379,0.217,0.973,-37.465
71.562,0.00124,0.0738,0.204,0.987,-38.567
137.129,0.00177,0.0316,0.149,0.97,-38.076
135.785,0.00404,0.0389,0.154,0.972,-41.411
72.04,0.00724,0.102,0.182,0.98,-34.524
72.675,0.00418,0.0673,0.169,0.973,-38.049
140.781,0.0131,0.0369,0.144,0.948,-34.0
136.52,0.00185,0.0683,0.149,0.802,-37.398
140.224,0.00175,0.0388,0.138,0.946,-41.831
141.779,0.0146,0.131,0.142,0.809,-33.083
69.856,0.000824,0.0323,0.166,0.991,-42.18
67.237,0.00948,0.0738,0.188,0.971,-37.23
137.949,0.000438,0.0418,0.143,0.985,-39.3
128.553,0.001,0.0604,0.162,0.974,-43.033
137.276,0.0066,0.0352,0.15,0.969,-39.007
138.002,0.00134,0.0382,0.143,0.948,-39.304
72.786,0.000251,0.0552,0.144,0.813,-37.623
137.063,0.00106,0.0798,0.183,0.991,-39.798
138.002,0.00165,0.0336,0.144,0.949,-38.522
136.382,0.00545,0.0513,0.152,0.984,-37.562
67.999,0.00591,0.0583,0.153,0.991,-38.108
139.756,0.00843,0.0501,0.145,0.982,-37.593
142.247,0.00511,0.0353,0.138,0.923,-42.851
68.359,0.00177,0.0374,0.162,0.987,-38.093
126.947,0.0398,0.0365,0.166,0.768,-31.035
68.367,0.0117,0.0409,0.198,0.976,-36.387
134.372,0.00223,0.0362,0.155,0.957,-44.747
136.915,0.00382,0.0423,0.149,0.915,-37.088
60.37,0.000522,0.0578,0.148,0.968,-43.592
69.172,0.0243,0.197,0.131,0.986,-34.716
75.7,0.0238,0.0973,0.133,0.984,-34.081
133.97,0.00183,0.126,0.156,0.98,-46.861
79.471,0.00186,0.0907,0.131,0.994,-33.002
63.037,0.0039,0.0777,0.0632,0.987,-38.529
134.247,0.0039,0.144,0.214,0.995,-35.794
138.012,0.00389,0.0395,0.148,0.993,-37.419
69.504,0.000931,0.183,0.132,0.978,-35.376
69.119,0.017,0.155,0.147,0.995,-30.996
140.753,0.000998,0.108,0.139,0.958,-48.069
67.35,0.00187,0.038,0.133,0.993,-44.115
135.482,0.0155,0.0891,0.152,0.841,-37.541
68.518,0.00024,0.0779,0.193,0.77,-37.46
76.125,0.131,0.0379,0.193,0.979,-25.534
142.127,0.00159,0.0355,0.137,0.981,-38.056
136.305,0.00178,0.0378,0.158,0.995,-39.647
74.412,0.00718,0.197,0.27,0.97,-19.105
70.223,0.00109,0.125,0.0654,0.991,-46.556
73.841,0.00759,0.0338,0.182,0.932,-37.935
73.583,0.00184,0.147,0.175,0.994,-41.3
68.712,0.00229,0.113,0.15,0.985,-40.456
67.551,0.00514,0.0944,0.195,0.965,-38.693
72.004,0.00125,0.112,0.208,0.991,-47.067
141.008,0.00203,0.0968,0.137,0.904,-40.371
109.481,0.0058,0.0329,0.158,0.952,-36.471
89.764,0.0123,0.0379,0.1,0.848,-31.38
119.985,0.428,0.0382,0.32,0.00559,-12.204
124.006,0.623,0.179,0.508,0.0773,-10.908
140.001,0.718,0.419,0.409,0.574,-8.525
104.682,0.375,0.0785,0.153,0.0229,-12.276
110.097,0.542,0.0635,0.341,0.0794,-8.361
62.192,0.742,0.0625,0.0762,0.0079,-7.642
80.204,0.54,0.0506,0.262,0.877,-10.787
131.92,0.488,0.127,0.161,0.0589,-11.351
117.961,0.861,0.429,0.216,0.0082,-5.872
140.035,0.475,0.079,0.317,0.729,-10.762
89.956,0.572,0.0862,0.215,0.0036,-7.539
170.053,0.682,0.188,0.364,0.094,-10.618
130.118,0.738,0.271,0.432,0.000275,-9.921
130.007,0.625,0.12,0.303,0.171,-10.164
140.011,0.522,0.222,0.3,0.0473,-13.177
109.769,0.539,0.199,0.36,0.812,-13.352
140.021,0.906,0.59,0.478,0.0962,-6.781
128.325,0.769,0.039,0.396,0.197,-9.445
94.922,0.519,0.197,0.379,0.0463,-12.058
109.95,0.698,0.577,0.456,0.236,-8.403
147.025,0.562,0.325,0.43,0.0959,-11.001
85.823,0.417,0.0873,0.223,0.329,-10.799
139.843,0.598,0.203,0.363,0.342,-11.384
109.961,0.266,0.0577,0.176,0.951,-14.622
154.636,0.467,0.353,0.587,0.867,-12.392
126.06,0.344,0.106,0.375,0.81,-12.561
66.771,0.482,0.121,0.193,0.895,-13.311
145.522,0.223,0.0372,0.128,0.667,-16.005
99.936,0.54,0.311,0.322,0.765,-6.223
87.971,0.01,0.197,0.642,0.992,-25.164
103.206,0.345,0.253,0.236,0.79,-18.893
89.982,0.571,0.338,0.413,0.00236,-7.329
80.046,0.516,0.18,0.562,0.312,-11.84
80.645,0.254,0.0397,0.155,0.835,-11.739
114.996,0.937,0.607,0.561,2.04e-05,-5.051
66.833,0.00229,0.105,0.25,0.995,-40.887
121.86,0.601,0.187,0.419,0.0472,-12.041
69.386,0.348,0.0561,0.181,0.11,-12.796
115.897,0.132,0.0356,0.171,0.873,-22.437
79.91,0.334,0.0383,0.209,0.729,-15.702
143.861,0.738,0.39,0.551,0.117,-7.695
75.198,0.544,0.429,0.216,0.501,-10.725
76.519,0.541,0.078,0.251,0.00825,-14.774
119.963,0.539,0.214,0.473,0.229,-12.547
86.159,0.262,0.0702,0.134,0.97,-19.802
103.837,0.267,0.0648,0.262,0.623,-18.461
102.021,0.834,0.791,0.613,0.000599,-8.122
128.025,0.621,0.319,0.32,0.0429,-12.207
74.02,0.337,0.0369,0.215,0.868,-12.91
180.186,0.249,0.118,0.175,0.917,-14.043
150.059,0.947,0.511,0.485,6.63e-05,-9.425
128.594,0.0457,0.128,0.451,0.904,-18.026
94.965,0.535,0.0788,0.219,0.449,-13.862
158.641,0.608,0.284,0.463,0.243,-11.931
79.416,0.353,0.0399,0.1,0.2,-11.679
72.162,0.186,0.0363,0.0664,0.943,-17.679
114.473,0.162,0.0368,0.171,0.709,-15.387
132.679,0.187,0.212,0.303,0.989,-16.757
98.062,0.426,0.185,0.354,0.782,-8.704
95.989,0.413,0.595,0.686,0.103,-6.332
106.107,0.125,0.108,0.466,0.708,-11.579
79.81,0.256,0.334,0.542,0.903,-15.161
137.983,0.318,0.192,0.478,0.197,-16.528
71.855,0.271,0.279,0.325,0.73,-8.069
179.789,0.433,0.193,0.284,0.742,-10.01
175.854,0.373,0.347,0.391,0.894,-12.171
131.039,0.281,0.152,0.516,0.172,-10.991
95.204,0.36,0.26,0.454,0.969,-14.11
146.054,0.429,0.167,0.338,0.103,-8.517
65.057,0.0116,0.0331,0.0623,0.991,-27.893
72.808,0.0218,0.0664,0.104,0.988,-29.785
132.747,0.0539,0.0482,0.196,0.993,-28.217
77.314,0.0949,0.0366,0.178,0.993,-21.002
78.633,0.0846,0.0345,0.0902,0.946,-20.056
142.767,0.0759,0.0363,0.137,0.975,-25.74
135.276,0.118,0.0386,0.155,0.995,-22.038
68.649,0.0151,0.0656,0.2,0.991,-35.53
70.782,0.115,0.0389,0.123,0.987,-22.439
134.837,0.0422,0.0392,0.156,0.985,-28.174
131.97,0.0476,0.0538,0.162,0.941,-24.307
132.766,0.104,0.0461,0.164,0.977,-21.526
79.45,0.0611,0.0344,0.0873,0.994,-24.177
74.721,0.105,0.0406,0.128,0.973,-21.612
73.135,0.00683,0.0359,0.191,0.99,-33.714
128.137,0.17,0.038,0.208,0.948,-21.811
82.646,0.0144,0.0336,0.161,0.986,-30.883
122.977,0.105,0.0731,0.196,0.986,-23.818
75.575,0.0746,0.036,0.0816,0.989,-25.357
87.516,0.0286,0.0334,0.111,0.991,-30.35
71.775,0.0997,0.0465,0.14,0.989,-24.394
81.11,0.105,0.0388,0.134,0.994,-25.24
123.193,0.0768,0.0387,0.187,0.98,-23.199
104.157,0.0301,0.0342,0.149,0.968,-25.001
57.809,0.0293,0.0322,0.064,0.986,-24.309
122.003,0.933,0.763,0.816,0.0181,-6.973
118.997,0.766,0.286,0.718,0.00302,-7.737
120.019,0.7,0.0569,0.691,0.135,-9.648
122.062,0.751,0.0762,0.872,0.19,-8.339
121.996,0.822,0.714,0.704,0.000425,-9.628
123.024,0.739,0.536,0.635,0.000224,-8.897
119.98,0.706,0.245,0.533,0.0229,-8.968
119.997,0.895,0.0438,0.613,0.0106,-7.223
118.009,0.689,0.578,0.791,0.111,-9.959
149.61,0.784,0.549,0.425,0.185,-11.272
121.011,0.799,0.157,0.772,0.00128,-7.74
116.007,0.817,0.653,0.762,0.00271,-11.339
147.247,0.643,0.323,0.409,0.323,-8.591
153.07,0.728,0.287,0.788,0.17,-3.765
124.013,0.729,0.302,0.602,0.084,-5.306
105.952,0.616,0.0388,0.753,0.00583,-8.245
90.146,0.768,0.334,0.389,0.038,-4.765
140.064,0.482,0.608,0.736,0.327,-8.242
128.845,0.604,0.28,0.41,0.777,-3.453
110.252,0.41,0.219,0.416,0.843,-6.146
94.996,0.778,0.41,0.696,0.352,-4.653
130.096,0.76,0.495,0.512,0.299,-5.889
90.002,0.736,0.495,0.514,0.483,-4.364
149.898,0.426,0.137,0.532,0.639,-6.117
87.895,0.294,0.461,0.59,0.854,-8.125
131.076,0.499,0.104,0.343,0.665,-5.121
133.675,0.431,0.167,0.497,0.66,-4.755
138.66,0.446,0.214,0.406,0.739,-4.306
132.319,0.517,0.217,0.539,0.321,-5.244
131.985,0.817,0.625,0.604,0.016,-3.24
100.171,0.603,0.657,0.418,0.536,-9.379
75.021,0.838,0.449,0.533,0.102,-3.723
133.499,0.344,0.211,0.482,0.901,-6.002
102.038,0.834,0.555,0.603,0.353,-2.339
81.943,0.366,0.385,0.565,0.657,-8.611
135.221,0.515,0.199,0.387,0.686,-5.529
119.992,0.687,0.504,0.604,0.757,-5.13
110.989,0.839,0.702,0.756,0.193,-3.994
121.879,0.343,0.158,0.375,0.859,-7.224
95.047,0.592,0.305,0.694,0.742,-6.406
135.917,0.423,0.249,0.528,0.678,-7.381
122.973,0.501,0.298,0.642,0.837,-6.643
82.035,0.39,0.118,0.573,0.345,-8.017
111.961,0.735,0.502,0.643,0.0786,-3.703
92.157,0.48,0.815,0.853,0.0234,-9.052
169.874,0.515,0.289,0.669,0.746,-6.064
170.285,0.487,0.638,0.592,0.485,-9.052
80.015,0.434,0.926,0.851,0.52,-9.551
126.046,0.559,0.751,0.835,0.202,-8.09
150.151,0.731,0.812,0.676,0.0438,-5.253
145.997,0.448,0.727,0.789,0.126,-7.514
144.707,0.529,0.6,0.725,0.0908,-5.565
165.929,0.638,0.598,0.697,0.0216,-5.246
85.183,0.731,0.636,0.543,0.257,-6.736
149.877,0.647,0.82,0.732,0.654,-7.031
95.961,0.324,0.78,0.881,0.353,-10.11
150.043,0.668,0.741,0.773,0.374,-4.254
144.018,0.603,0.808,0.717,0.277,-7.108
126.956,0.687,0.716,0.883,0.647,-7.862
105.071,0.614,0.53,0.72,0.142,-7.877
93.984,0.815,0.52,0.751,0.345,-6.996
97.514,0.702,0.536,0.77,0.434,-7.898
91.986,0.785,0.644,0.781,0.264,-6.773
147.92,0.21,0.38,0.514,0.903,-15.23
87.479,0.342,0.206,0.478,0.871,-13.648
143.916,0.254,0.388,0.504,0.886,-12.507
87.492,0.23,0.418,0.754,0.693,-13.228
75.447,0.0697,0.25,0.528,0.921,-11.051
143.885,0.55,0.434,0.534,0.188,-8.047
137.989,0.426,0.173,0.618,0.723,-12.846
159.896,0.634,0.796,0.558,0.114,-5.629
131.052,0.226,0.246,0.507,0.804,-11.126
173.582,0.782,0.173,0.418,0.59,-5.281
90.007,0.337,0.35,0.565,0.919,-10.716
114.735,0.443,0.148,0.472,0.767,-8.325
87.993,0.484,0.247,0.525,0.587,-10.562
157.959,0.355,0.306,0.64,0.808,-12.288
75.478,0.101,0.309,0.568,0.899,-10.487
116.143,0.439,0.33,0.698,0.343,-9.737
119.946,0.707,0.273,0.414,0.0264,-4.651
130.004,0.717,0.394,0.704,0.333,-5.831
112.972,0.765,0.771,0.782,0.714,-5.309
117.978,0.941,0.72,0.701,0.0249,-5.114
143.869,0.543,0.241,0.33,0.0983,-8.617
118.174,0.85,0.698,0.64,0.1,-5.519
139.892,0.81,0.301,0.517,0.0806,-6.569
126.993,0.79,0.305,0.392,0.00662,-5.402
143.853,0.624,0.481,0.464,0.83,-4.771
72.397,0.781,0.659,0.465,0.386,-7.564
112.891,0.688,0.785,0.772,0.201,-9.39
148.166,0.555,0.284,0.303,0.736,-4.734
144.058,0.82,0.331,0.422,0.00432,-5.148
81.999,0.524,0.787,0.579,0.296,-7.764
139.456,0.61,0.273,0.313,0.295,-9.305
137.092,0.534,0.115,0.168,0.115,-7.976
153.999,0.713,0.396,0.419,0.465,-8.021
81.999,0.524,0.787,0.579,0.296,-7.764
137.762,0.754,0.12,0.43,0.00463,-7.088
149.791,0.642,0.387,0.53,0.171,-7.103
112.944,0.525,0.469,0.858,0.616,-13.455
159.983,0.742,0.389,0.333,0.109,-9.271
103.792,0.829,0.342,0.472,0.0991,-4.615
130.627,0.836,0.612,0.656,0.0186,-4.44
132.027,0.898,0.675,0.779,0.022,-4.589
113.012,0.785,0.471,0.718,0.118,-8.343
124.92,0.897,0.707,0.725,0.487,-3.521
126.993,0.79,0.305,0.392,0.00662,-5.402
69.982,0.477,0.263,0.651,0.682,-12.015
117.978,0.941,0.72,0.701,0.0249,-5.114
93.068,0.81,0.867,0.682,0.235,-5.25
112.891,0.688,0.785,0.772,0.201,-9.39
127.003,0.929,0.855,0.813,0.156,-4.813
125.085,0.604,0.155,0.264,0.0221,-6.828
80.872,0.802,0.377,0.26,0.013,-5.649
143.586,0.86,0.434,0.4,0.139,-4.899
89.853,0.496,0.295,0.591,0.501,-8.431
80.052,0.641,0.44,0.509,0.455,-4.837
148.008,0.612,0.117,0.311,0.00377,-5.944
143.853,0.624,0.481,0.464,0.83,-4.771
127.939,0.868,0.486,0.777,0.381,-6.726
129.933,0.864,0.877,0.787,0.232,-4.665
97.026,0.588,0.237,0.669,0.177,-6.902
98.022,0.663,0.736,0.819,0.643,-6.976
175.917,0.606,0.38,0.656,0.335,-5.948
180.219,0.702,0.674,0.711,0.00487,-10.048
140.055,0.737,0.717,0.858,0.284,-7.077
90.012,0.703,0.591,0.816,0.121,-7.642
137.953,0.905,0.926,0.83,0.172,-5.018
95.251,0.568,0.513,0.928,0.182,-4.022
85.075,0.837,0.893,0.598,0.185,-4.83
141.794,0.693,0.838,0.706,0.0123,-5.502
149.909,0.46,0.474,0.636,0.745,-8.036
95.992,0.456,0.534,0.816,0.529,-8.281
129.972,0.548,0.652,0.871,0.669,-8.912
120.069,0.447,0.391,0.856,0.744,-7.86
149.97,0.472,0.364,0.748,0.596,-9.266
150.015,0.644,0.446,0.749,0.0435,-6.558
100.042,0.684,0.483,0.769,0.0977,-6.113
140.032,0.752,0.236,0.788,0.0711,-3.823
144.005,0.622,0.644,0.715,0.237,-6.318
139.9,0.745,0.762,0.868,0.187,-5.82
112.617,0.558,0.362,0.683,0.0561,-7.947
129.188,0.928,0.6,0.452,0.000706,-3.133
147.009,0.848,0.738,0.63,0.075,-3.463
155.06,0.957,0.578,0.209,0.00306,-4.336
113.77,0.506,0.897,0.828,0.87,-10.297
104.717,0.482,0.741,0.83,0.767,-9.063
108.084,0.912,0.609,0.323,0.0219,-2.059
144.889,0.957,0.961,0.581,0.119,-2.324
79.949,0.934,0.776,0.373,0.00742,-6.581
151.18,0.973,0.81,0.405,0.00292,-2.835
141.085,0.752,0.897,0.461,0.0211,-8.738
111.676,0.967,0.611,0.398,0.000945,-3.232
149.881,0.903,0.828,0.461,0.00538,-6.124
136.16,0.489,0.361,0.347,0.287,-7.662
89.963,0.906,0.801,0.576,0.0507,-5.483
151.065,0.644,0.536,0.677,0.161,-9.337
82.524,0.624,0.851,0.763,0.408,-7.454
80.976,0.757,0.552,0.708,0.0362,-5.121
85.091,0.651,0.434,0.677,0.0706,-7.245
133.999,0.728,0.859,0.71,0.153,-4.736
139.989,0.771,0.703,0.655,0.0924,-4.606
74.995,0.726,0.961,0.781,0.241,-5.733
76.022,0.527,0.52,0.801,0.0192,-7.191
96.014,0.803,0.846,0.624,0.0154,-4.704
102.003,0.849,0.839,0.66,0.00458,-5.97
141.017,0.538,0.742,0.869,0.333,-6.239
77.6,0.65,0.793,0.674,0.0323,-6.021
117.644,0.392,0.963,0.774,0.406,-12.751
117.403,0.477,0.785,0.802,0.823,-12.882
123.195,0.531,0.947,0.707,0.0172,-9.62
120.753,0.449,0.791,0.634,0.565,-13.302
120.001,0.485,0.696,0.847,0.472,-10.652
122.509,0.379,0.545,0.7,0.8,-12.316
120.005,0.589,0.925,0.857,0.612,-6.889
103.728,0.47,0.678,0.779,0.581,-12.726
127.942,0.423,0.852,0.799,0.275,-10.155
140.046,0.412,0.75,0.73,0.757,-13.887
154.781,0.605,0.576,0.662,0.0323,-10.289
163.227,0.67,0.97,0.716,0.512,-9.614
128.222,0.209,0.807,0.662,0.864,-12.024
134.7,0.356,0.696,0.524,0.889,-6.831
121.014,0.399,0.849,0.645,0.811,-9.095
116.479,0.266,0.54,0.463,0.849,-11.204
115.803,0.332,0.427,0.567,0.601,-9.627
112.087,0.281,0.528,0.511,0.911,-8.761
117.325,0.257,0.488,0.527,0.742,-9.949
121.875,0.359,0.724,0.53,0.783,-8.459
123.064,0.339,0.602,0.593,0.837,-6.827
157.413,0.244,0.538,0.36,0.297,-14.016
101.9,0.664,0.946,0.914,0.431,-10.437
90.895,0.264,0.916,0.56,0.531,-16.773
96.105,0.377,0.319,0.7,0.201,-7.258
67.559,0.428,0.403,0.307,0.0578,-8.418
175.808,0.841,0.747,0.462,0.0343,-4.92
149.956,0.778,0.976,0.693,0.11,-7.807
167.366,0.649,0.973,0.789,0.29,-10.496
77.278,0.89,0.931,0.76,0.115,-5.152
172.226,0.393,0.517,0.414,0.215,-12.353
177.976,0.33,0.961,0.536,0.822,-13.939
96.059,0.337,0.734,0.776,0.96,-7.236
145.408,0.384,0.704,0.436,0.505,-13.446
121.01,0.34,0.781,0.85,0.807,-12.183
78.926,0.0987,0.412,0.497,0.989,-18.567
105.138,0.675,0.821,0.804,0.792,-8.997
99.444,0.619,0.889,0.6,0.0982,-10.252
105.677,0.338,0.202,0.368,0.872,-11.419
82.643,0.394,0.543,0.696,0.0554,-7.454
197.358,0.394,0.829,0.436,0.961,-7.924
131.552,0.309,0.595,0.62,0.91,-14.296
142.934,0.478,0.724,0.472,0.617,-5.847
119.992,0.782,0.655,0.727,0.0563,-8.529
119.995,0.721,0.571,0.756,0.0965,-9.453
122.971,0.851,0.0825,0.669,0.0913,-5.008
125.997,0.865,0.177,0.764,0.0118,-6.907
121.009,0.826,0.501,0.642,0.00406,-5.247
123.004,0.879,0.362,0.741,0.0841,-6.132
123.943,0.954,0.396,0.772,0.00444,-6.176
120.036,0.755,0.114,0.597,0.000135,-7.341
127.01,0.783,0.539,0.714,0.000178,-5.979
119.003,0.656,0.338,0.672,0.000577,-8.313
122.015,0.745,0.302,0.692,0.00184,-7.785
122.986,0.739,0.123,0.578,0.000969,-9.019
119.994,0.812,0.0977,0.662,0.00396,-7.719
121.999,0.873,0.348,0.735,0.00273,-3.971
122.021,0.777,0.446,0.672,0.00535,-7.994
119.988,0.708,0.586,0.675,0.0132,-7.42
123.946,0.714,0.067,0.696,0.0991,-9.122
122.013,0.811,0.196,0.645,0.00822,-6.177
118.006,0.901,0.12,0.625,0.486,-9.194
126.001,0.914,0.346,0.754,0.0275,-8.151
119.998,0.911,0.454,0.617,0.161,-7.846
120.051,0.653,0.0745,0.652,0.428,-9.869
122.978,0.726,0.122,0.7,0.132,-9.583
121.983,0.816,0.207,0.701,0.0112,-10.55
123.025,0.794,0.389,0.679,0.389,-9.803
129.996,0.878,0.563,0.521,0.158,-4.424
114.532,0.505,0.318,0.51,0.342,-13.053
121.873,0.8,0.108,0.655,0.0337,-11.549
129.995,0.128,0.263,0.571,0.949,-18.872
177.954,0.444,0.957,0.465,0.907,-23.11
120.024,0.306,0.211,0.643,0.958,-18.385
76.739,0.237,0.796,0.365,0.985,-28.82
179.42,0.665,0.188,0.265,0.107,-9.731
149.846,0.404,0.112,0.254,0.889,-14.197
79.158,0.204,0.0393,0.126,0.811,-21.014
94.989,0.923,0.199,0.633,0.474,-3.974
134.994,0.914,0.96,0.525,0.00679,-4.964
119.319,0.486,0.303,0.765,0.42,-14.671
129.028,0.93,0.236,0.852,0.0127,-7.02
79.147,0.988,0.273,0.508,0.0933,-4.262
159.957,0.851,0.152,0.219,0.1,-3.706
159.991,0.992,0.41,0.574,0.0129,-2.363
169.913,0.898,0.297,0.531,0.0761,-0.892
150.008,0.974,0.316,0.495,0.000396,-2.801
154.986,0.911,0.227,0.427,0.0289,-1.028
155.01,0.951,0.263,0.422,0.00552,-1.785
157.992,0.935,0.699,0.529,0.0279,-0.993
154.999,0.895,0.776,0.695,0.00125,-4.263
156.952,0.96,0.0903,0.598,0.0273,-1.194
154.984,0.726,0.155,0.342,0.00756,-6.274
100.02,0.996,0.461,0.569,0.198,-0.45
92.5,0.977,0.404,0.633,0.00131,1.075
155.063,0.877,0.125,0.337,0.00575,-5.74
153.064,0.902,0.211,0.432,0.00253,-5.566
150.086,0.917,0.411,0.584,0.0156,-4.989
157.275,0.987,0.276,0.688,0.104,-6.85
150.024,0.95,0.557,0.497,0.0699,-2.087
154.973,0.966,0.781,0.402,0.00482,-2.273
149.996,0.682,0.0856,0.237,0.00351,-5.343
155.046,0.995,0.0782,0.544,0.0323,-2.918
180.059,0.91,0.249,0.432,0.000751,-3.902
145.176,0.92,0.39,0.457,0.0137,-4.309
160.029,0.991,0.301,0.624,0.00869,-1.28
159.97,0.959,0.361,0.771,0.129,-0.75
160.02,0.998,0.124,0.522,0.000894,-3.728
154.974,0.963,0.154,0.452,0.0164,-2.786
150.065,0.944,0.404,0.5,0.0378,-1.975
159.944,0.97,0.386,0.533,0.06,-0.317
159.898,0.909,0.929,0.577,0.141,-3.746
159.915,0.993,0.182,0.599,0.0894,-1.494
154.955,0.914,0.0864,0.394,0.00732,-3.048
159.991,0.98,0.209,0.445,0.00321,-2.042
89.72,0.966,0.17,0.3,0.00106,-3.671
160.046,0.99,0.161,0.487,0.000595,-2.282
149.965,0.905,0.217,0.509,0.00573,-3.696
160.04,0.936,0.141,0.636,0.0198,-6.463
100.025,0.988,0.0634,0.567,0.0232,-2.879
165.054,0.896,0.173,0.332,0.0218,-4.649
160.04,0.864,0.464,0.557,0.0151,-4.574
154.915,0.925,0.585,0.498,0.0284,-4.161
154.952,0.803,0.368,0.553,0.00232,-5.066
145.019,0.989,0.553,0.676,0.0442,-2.731
105.513,0.341,0.163,0.701,0.499,-12.26
130.02,0.028,0.4,0.639,0.971,-29.729
129.368,0.107,0.146,0.367,0.862,-20.273
68.537,0.0621,0.0398,0.248,0.988,-31.174
104.541,0.0217,0.223,0.278,0.98,-37.438
90.041,0.339,0.0719,0.53,0.567,-16.973
95.193,0.0696,0.276,0.495,0.96,-31.384
134.986,0.134,0.0642,0.567,0.99,-25.988
79.487,0.116,0.299,0.324,0.986,-22.841
99.635,0.216,0.109,0.325,0.977,-17.214
171.226,0.232,0.47,0.287,0.904,-15.804
123.077,0.154,0.0489,0.242,0.975,-26.525
107.098,0.341,0.288,0.374,0.576,-17.532
108.622,0.563,0.158,0.333,0.645,-11.324
125.006,0.838,0.812,0.672,0.148,-10.685
122.433,0.846,0.481,0.742,0.0296,-7.296
120.002,0.901,0.656,0.598,0.00447,-5.332
125.021,0.771,0.251,0.726,0.000145,-7.76
123.825,0.947,0.36,0.513,0.000598,-6.678
101.018,0.553,0.463,0.846,0.392,-7.653
139.918,0.789,0.652,0.734,0.0345,-8.474
121.008,0.921,0.823,0.78,0.00954,-7.219
119.002,0.835,0.622,0.88,0.000374,-9.271
123.952,0.581,0.828,0.936,0.000779,-10.544
108.01,0.846,0.765,0.685,0.0154,-6.108
128.05,0.732,0.374,0.732,0.0011,-9.566
123.798,0.893,0.813,0.649,0.00368,-9.227
123.982,0.93,0.964,0.707,0.114,-8.479
118.022,0.935,0.822,0.666,0.0334,-4.99
108.082,0.841,0.139,0.854,0.00753,-7.504
123.844,0.581,0.681,0.651,0.00118,-8.5
120.013,0.628,0.744,0.679,0.000978,-9.078
110.104,0.864,0.759,0.773,0.0677,-8.639
115.0,0.719,0.857,0.71,0.00155,-4.868
129.994,0.938,0.595,0.612,2.51e-05,-7.253
124.013,0.676,0.548,0.809,0.0561,-7.803
110.038,0.866,0.825,0.633,0.00587,-6.025
124.986,0.757,0.905,0.707,0.00345,-9.052
119.961,0.937,0.301,0.53,0.0025,-5.143
128.012,0.907,0.607,0.617,0.000245,-4.58
125.941,0.689,0.968,0.696,0.000325,-8.777
115.984,0.923,0.435,0.738,0.173,-4.88
113.974,0.457,0.0733,0.652,0.841,-13.775
169.951,0.375,0.645,0.661,0.0566,-10.134
105.001,0.515,0.0984,0.671,0.815,-16.738
142.568,0.255,0.231,0.74,0.275,-7.293
170.084,0.754,0.457,0.564,0.0424,-8.849
86.393,0.181,0.647,0.686,0.652,-14.133
94.322,0.599,0.0545,0.377,0.00303,-10.281
139.914,0.487,0.0454,0.655,0.0347,-7.988
142.026,0.855,0.422,0.606,0.447,-8.923
139.688,0.118,0.049,0.251,0.898,-22.077
81.377,0.894,0.456,0.469,0.00024,-6.341
75.048,0.222,0.212,0.382,0.929,-24.021
119.942,0.705,0.163,0.543,0.00251,-5.779
130.019,0.68,0.504,0.729,0.219,-5.502
138.591,0.721,0.841,0.596,0.829,-6.611
139.927,0.651,0.36,0.741,0.154,-7.241
140.021,0.541,0.167,0.662,0.449,-7.236
140.819,0.648,0.665,0.593,0.233,-6.84
139.654,0.684,0.571,0.795,0.425,-4.413
143.989,0.712,0.386,0.495,0.414,-6.509
121.804,0.801,0.692,0.829,0.415,-3.4
140.041,0.73,0.734,0.83,0.187,-5.616
140.083,0.559,0.755,0.801,0.502,-9.192
141.903,0.636,0.482,0.802,0.462,-7.35
142.044,0.659,0.441,0.689,0.221,-7.974
111.976,0.49,0.528,0.87,0.0558,-10.947
139.849,0.78,0.558,0.733,0.459,-5.986
150.058,0.641,0.747,0.732,0.271,-7.627
141.958,0.84,0.598,0.728,0.164,-4.575
154.992,0.624,0.107,0.467,0.101,-6.804
140.042,0.786,0.643,0.737,0.683,-5.268
139.923,0.755,0.469,0.786,0.28,-2.827
142.689,0.864,0.897,0.621,0.099,-5.91
108.088,0.741,0.189,0.542,0.0643,-7.875
93.374,0.735,0.71,0.566,0.342,-9.475
138.054,0.622,0.658,0.794,0.315,-10.931
137.056,0.785,0.856,0.86,0.0348,-4.633
140.029,0.882,0.719,0.865,0.116,-6.341
135.026,0.74,0.946,0.767,0.0724,-11.585
140.434,0.613,0.42,0.563,0.813,-10.245
140.009,0.922,0.669,0.708,0.0439,-2.978
140.198,0.798,0.655,0.713,0.00452,-5.072
140.04,0.754,0.508,0.751,0.125,-3.677
90.999,0.708,0.859,0.652,0.055,-6.616
140.023,0.805,0.647,0.625,0.00649,-7.213
90.328,0.595,0.406,0.789,0.052,-7.188
171.723,0.811,0.487,0.435,0.0659,-2.969
141.999,0.722,0.395,0.891,0.0145,-8.2
135.144,0.604,0.492,0.898,0.0413,-4.184
138.878,0.891,0.612,0.395,0.0126,-9.04
139.969,0.733,0.633,0.839,0.063,-5.36
140.043,0.607,0.756,0.678,0.0751,-5.331
139.975,0.634,0.229,0.824,0.0193,-8.894
135.835,0.832,0.73,0.673,0.137,-7.273
128.023,0.645,0.394,0.663,0.443,-7.977
144.006,0.68,0.694,0.85,0.732,-6.18
140.969,0.471,0.644,0.863,0.251,-9.545
143.062,0.825,0.904,0.746,0.192,-4.457
141.176,0.75,0.961,0.807,0.17,-4.396
140.013,0.519,0.532,0.871,0.313,-6.549
147.171,0.71,0.795,0.8,0.463,-6.403
140.045,0.807,0.848,0.725,0.352,-4.332
142.965,0.792,0.623,0.855,0.552,-4.949
145.066,0.666,0.739,0.821,0.0954,-7.237
144.105,0.766,0.349,0.816,0.192,-4.759
143.052,0.713,0.803,0.723,0.495,-6.879
77.052,0.569,0.524,0.767,0.00988,-6.805
140.122,0.481,0.842,0.813,0.217,-6.71
140.012,0.419,0.255,0.877,0.0837,-14.419
139.927,0.62,0.638,0.811,0.1,-4.82
146.95,0.826,0.804,0.68,0.562,-2.561
150.035,0.596,0.793,0.848,0.5,-8.043
139.995,0.93,0.936,0.81,0.398,-5.857
124.015,0.621,0.638,0.892,0.496,-7.67
142.031,0.673,0.66,0.855,0.45,-7.58
140.994,0.803,0.895,0.759,0.413,-6.77
145.014,0.672,0.624,0.773,0.522,-5.885
143.176,0.616,0.782,0.826,0.313,-7.3
141.067,0.738,0.659,0.875,0.492,-6.205
127.054,0.651,0.161,0.66,0.000244,-6.306
127.008,0.66,0.489,0.795,0.173,-11.93
122.035,0.852,0.413,0.751,0.0469,-8.238
125.018,0.722,0.516,0.685,0.0017,-7.223
120.02,0.783,0.344,0.718,0.000912,-7.71
121.999,0.5,0.189,0.843,0.0258,-10.155
126.027,0.799,0.269,0.805,0.0253,-11.008
127.023,0.928,0.612,0.787,0.0391,-9.052
127.009,0.987,0.756,0.782,0.0358,-8.221
123.992,0.891,0.26,0.701,0.00621,-7.501
127.002,0.903,0.123,0.675,0.00103,-7.629
126.024,0.739,0.394,0.716,0.00209,-8.904
113.001,0.498,0.826,0.822,0.0489,-12.544
127.018,0.897,0.679,0.59,0.0106,-5.046
127.017,0.685,0.502,0.863,0.00124,-9.264
125.968,0.769,0.778,0.814,0.0379,-8.858
125.996,0.794,0.522,0.773,0.0164,-6.74
126.99,0.716,0.53,0.78,0.0162,-12.97
126.038,0.866,0.232,0.648,0.0768,-8.235
115.004,0.631,0.42,0.708,0.0016,-8.96
149.971,0.914,0.837,0.745,0.0393,-4.108
133.97,0.944,0.746,0.804,0.105,-1.139
130.021,0.848,0.606,0.808,0.0783,-5.518
110.034,0.797,0.351,0.792,0.0123,-5.748
106.012,0.824,0.573,0.836,0.164,-4.591
107.991,0.919,0.861,0.736,0.331,-3.608
159.996,0.943,0.897,0.666,0.387,-4.474
116.066,0.902,0.938,0.94,0.123,-3.135
130.207,0.951,0.821,0.682,0.143,-3.957
108.878,0.821,0.958,0.74,0.153,-11.972
117.067,0.689,0.389,0.911,0.23,-6.662
105.151,0.675,0.442,0.699,0.0654,-5.383
131.055,0.935,0.912,0.927,0.135,-3.951
119.992,0.792,0.9,0.843,0.0671,-3.672
119.627,0.331,0.804,0.853,0.000494,-17.22
107.393,0.736,0.987,0.681,0.0588,-14.483
120.643,0.525,0.573,0.702,0.00237,-14.028
112.979,0.761,0.431,0.775,0.0413,-10.463
125.237,0.823,0.811,0.569,3.81e-05,-8.555
132.148,0.475,0.967,0.897,0.136,-13.23
114.674,0.788,0.961,0.868,0.0334,-4.321
118.031,0.728,0.488,0.671,0.000372,-9.78
104.595,0.956,0.321,0.698,0.000316,-5.782
123.555,0.69,0.676,0.715,0.192,-8.172
120.04,0.837,0.559,0.726,0.257,-5.325
95.019,0.851,0.921,0.663,0.0992,-3.007
174.167,0.385,0.174,0.258,0.0527,-8.143
99.999,0.779,0.978,0.787,0.0215,-3.559
101.143,0.794,0.907,0.773,0.527,-4.954
162.058,0.898,0.462,0.527,0.027,-3.624
115.995,0.773,0.573,0.786,0.152,-5.042
147.883,0.726,0.514,0.647,0.159,-6.761
84.098,0.715,0.638,0.487,0.294,-4.417
124.082,0.52,0.306,0.426,0.17,-7.981
132.899,0.313,0.0399,0.273,0.11,-11.784
139.019,0.694,0.236,0.727,0.0639,-10.218
94.993,0.486,0.0391,0.701,0.00319,-9.322
108.028,0.871,0.467,0.867,0.00213,-3.851
96.015,0.802,0.705,0.729,0.0924,-6.346
119.963,0.878,0.53,0.825,0.0657,-3.356
120.006,0.917,0.798,0.85,0.138,-4.932
100.061,0.821,0.648,0.58,0.00315,-6.599
125.012,0.831,0.698,0.844,0.00688,-5.561
130.023,0.629,0.194,0.725,0.00139,-4.729
122.012,0.731,0.0484,0.819,0.026,-6.502
79.933,0.474,0.534,0.707,0.201,-8.705
141.961,0.927,0.442,0.6,0.025,-4.776
115.087,0.907,0.336,0.684,0.346,-3.949
78.459,0.59,0.563,0.377,0.514,-4.164
110.014,0.465,0.652,0.794,0.751,-8.144
99.022,0.513,0.82,0.788,0.774,-9.877
118.027,0.568,0.628,0.806,0.0462,-11.061
120.043,0.695,0.422,0.666,0.148,-8.157
169.964,0.833,0.577,0.55,0.0523,-5.513
92.006,0.737,0.802,0.66,0.536,-4.931
126.079,0.766,0.321,0.741,0.129,-7.358
120.142,0.514,0.49,0.598,0.461,-4.537
104.995,0.69,0.603,0.747,0.108,-7.22
133.069,0.699,0.266,0.536,0.59,-6.614
127.956,0.57,0.28,0.555,0.261,-10.277
170.115,0.765,0.669,0.497,0.113,-3.308
104.98,0.603,0.841,0.752,0.19,-5.973
75.03,0.795,0.628,0.62,0.273,-4.835
94.993,0.41,0.337,0.753,0.464,-9.847
100.028,0.851,0.724,0.641,0.333,-4.552
76.934,0.471,0.497,0.404,0.287,-5.848
159.97,0.705,0.562,0.595,0.221,-9.872
100.017,0.749,0.81,0.798,0.258,-3.585
127.996,0.952,0.664,0.654,0.00635,-3.017
128.046,0.752,0.444,0.604,0.0331,-5.09
125.052,0.887,0.798,0.738,0.604,-4.241
99.97,0.746,0.476,0.607,0.0334,-5.512
120.005,0.873,0.64,0.596,0.0417,-2.956
160.037,0.725,0.847,0.689,0.0334,-7.246
99.984,0.752,0.29,0.768,0.0808,-4.353
75.03,0.855,0.764,0.589,0.0649,-5.196
179.878,0.782,0.706,0.489,0.28,-6.278
159.915,0.844,0.651,0.593,0.598,-3.197
92.06,0.73,0.691,0.677,0.378,-5.798
128.045,0.874,0.535,0.648,0.00054,-6.135
128.945,0.785,0.567,0.629,0.317,-5.188
109.928,0.741,0.267,0.616,0.132,-3.394
113.01,0.897,0.912,0.806,0.124,-2.796
120.014,0.813,0.391,0.644,0.0426,-7.604
133.992,0.672,0.345,0.547,0.0496,-8.226
105.017,0.817,0.644,0.599,0.00799,-5.752
126.062,0.701,0.414,0.738,0.261,-6.089
104.415,0.633,0.464,0.434,0.0228,-7.843
180.004,0.818,0.519,0.511,0.0405,-7.707
134.973,0.939,0.558,0.52,0.000343,-3.887
113.04,0.825,0.546,0.7,0.0183,-5.446
132.017,0.527,0.292,0.601,0.00168,-9.26
94.958,0.853,0.77,0.728,0.318,-3.927
110.988,0.726,0.879,0.709,0.479,-6.023
119.967,0.721,0.333,0.665,0.161,-7.696
125.004,0.88,0.894,0.692,0.0654,-4.125
105.015,0.707,0.291,0.592,0.0915,-8.98
149.99,0.633,0.357,0.573,0.0618,-11.519
120.057,0.769,0.492,0.683,0.0891,-4.719
141.905,0.675,0.27,0.378,0.00531,-9.647
111.974,0.685,0.638,0.669,0.533,-6.197
149.916,0.853,0.897,0.686,0.325,-6.138
127.908,0.834,0.3,0.58,0.0669,-7.476
128.016,0.851,0.608,0.6,0.000291,-5.411
142.0,0.943,0.572,0.557,0.0259,-4.549
128.028,0.928,0.524,0.546,0.243,-3.692
122.041,0.877,0.758,0.713,0.228,-3.726
103.964,0.828,0.606,0.643,0.153,-3.842
100.035,0.847,0.468,0.608,0.261,-5.58
99.983,0.816,0.497,0.697,0.1,-6.428
121.966,0.503,0.574,0.648,0.648,-9.513
122.035,0.885,0.427,0.59,0.00624,-2.536
128.172,0.83,0.56,0.669,0.179,-5.196
95.05,0.778,0.892,0.687,0.0897,-4.604
144.04,0.633,0.386,0.578,0.429,-6.666
104.982,0.852,0.533,0.708,0.0438,-5.729
119.981,0.715,0.448,0.649,0.335,-6.411
103.964,0.828,0.606,0.643,0.153,-3.842
139.968,0.886,0.314,0.625,0.00514,-5.794
130.019,0.919,0.789,0.612,0.00372,-4.772
109.99,0.83,0.613,0.723,0.0682,-5.359
127.962,0.722,0.467,0.65,0.104,-7.52
176.078,0.818,0.625,0.505,0.0868,-5.816
113.019,0.855,0.737,0.641,0.0255,-7.098
120.972,0.736,0.725,0.553,0.287,-5.379
109.991,0.904,0.668,0.659,0.271,-2.83
144.115,0.606,0.413,0.422,0.0805,-9.662
79.995,0.482,0.391,0.759,0.147,-7.158
80.027,0.569,0.445,0.542,0.201,-9.611
99.914,0.402,0.337,0.722,0.678,-7.393
127.903,0.624,0.718,0.853,0.132,-4.377
99.862,0.895,0.496,0.641,0.556,-5.344
97.043,0.634,0.124,0.702,0.146,-4.773
125.043,0.549,0.367,0.691,0.589,-7.176
74.997,0.517,0.151,0.545,0.259,-6.382
124.943,0.872,0.628,0.707,0.0526,-5.18
125.99,0.804,0.453,0.612,0.137,-4.868
111.979,0.647,0.171,0.455,0.0377,-7.67
113.015,0.72,0.696,0.714,0.0922,-6.751
105.021,0.556,0.22,0.732,0.572,-10.801
111.97,0.737,0.465,0.668,0.00296,-7.467
159.962,0.768,0.734,0.724,0.233,-5.895
128.083,0.644,0.45,0.666,0.133,-7.062
128.021,0.885,0.794,0.778,0.0827,-5.852
124.723,0.807,0.748,0.605,0.0885,-6.473
105.048,0.789,0.601,0.637,0.434,-4.538
110.012,0.948,0.74,0.636,0.0625,-3.865
140.028,0.743,0.586,0.797,0.00929,-7.217
155.867,0.854,0.277,0.468,0.176,-3.932
100.081,0.939,0.231,0.622,0.367,-5.881
178.004,0.867,0.665,0.617,0.237,-5.1
170.022,0.821,0.184,0.557,0.0189,-7.794
125.877,0.821,0.602,0.654,0.416,-5.698
94.993,0.919,0.494,0.805,0.101,-1.294
118.034,0.727,0.864,0.695,0.0744,-6.274
128.051,0.75,0.434,0.616,0.172,-4.629
119.974,0.858,0.949,0.83,0.134,-3.18
102.009,0.867,0.893,0.722,0.121,-3.652
103.992,0.839,0.507,0.836,0.275,-2.974
104.964,0.738,0.616,0.817,0.0964,-7.639
155.986,0.742,0.876,0.689,0.0339,-7.571
124.205,0.605,0.93,0.742,0.305,-9.045
93.942,0.547,0.406,0.694,0.265,-8.107
97.988,0.797,0.541,0.811,0.0617,-5.428
170.071,0.409,0.497,0.714,0.0821,-6.476
115.932,0.442,0.381,0.703,0.594,-10.383
113.655,0.586,0.395,0.736,0.553,-8.152
114.399,0.196,0.362,0.581,0.979,-17.281
127.997,0.694,0.557,0.763,0.00438,-6.531
105.005,0.542,0.285,0.692,0.493,-7.9
98.957,0.238,0.358,0.543,0.796,-8.738
107.091,0.44,0.127,0.668,0.822,-10.607
105.961,0.552,0.737,0.636,0.624,-9.972
112.965,0.52,0.468,0.682,0.697,-9.623
111.926,0.411,0.322,0.923,0.0529,-11.2
155.397,0.807,0.741,0.525,0.251,-6.366
186.033,0.786,0.665,0.474,0.0076,-6.115
177.547,0.399,0.372,0.406,0.828,-9.863
82.434,0.513,0.448,0.458,0.199,-10.321
79.043,0.52,0.255,0.824,0.155,-8.162
99.844,0.48,0.239,0.727,0.0887,-8.751
134.026,0.679,0.577,0.804,0.387,-6.417
95.017,0.676,0.425,0.752,0.00892,-5.233
107.992,0.661,0.804,0.808,0.0358,-6.237
167.758,0.622,0.593,0.531,0.602,-7.751
123.902,0.66,0.324,0.748,0.295,-6.034
125.025,0.785,0.389,0.747,0.053,-6.735
100.013,0.482,0.677,0.631,0.428,-6.761
114.986,0.756,0.759,0.932,0.15,-2.607
106.977,0.763,0.683,0.865,0.0783,-5.482
177.972,0.964,0.594,0.787,0.289,-4.816
110.943,0.654,0.749,0.955,0.727,-5.528
129.96,0.599,0.557,0.758,0.57,-5.99
142.948,0.939,0.805,0.901,0.117,-2.762
100.011,0.464,0.0929,0.87,0.474,-7.44
151.926,0.651,0.335,0.524,0.602,-7.897
122.975,0.673,0.453,0.801,0.27,-5.576
120.971,0.685,0.267,0.84,0.193,-3.431
82.331,0.278,0.338,0.371,0.981,-8.596
129.76,0.503,0.468,0.665,0.701,-6.985
119.965,0.354,0.245,0.7,0.765,-14.043
149.897,0.438,0.932,0.649,0.911,-12.859
97.034,0.373,0.346,0.63,0.856,-10.136
127.977,0.665,0.656,0.719,0.419,-7.248
140.011,0.549,0.13,0.65,0.18,-7.231
95.925,0.673,0.397,0.727,0.248,-6.269
119.931,0.862,0.562,0.582,0.0263,-7.211
86.037,0.759,0.777,0.694,0.0756,-5.231
82.183,0.675,0.633,0.634,0.099,-7.351
123.994,0.617,0.626,0.696,0.269,-6.123
105.074,0.791,0.593,0.75,0.189,-6.707
179.783,0.412,0.209,0.476,0.796,-10.529
109.842,0.616,0.229,0.68,0.167,-8.528
92.742,0.868,0.592,0.609,0.286,-4.535
75.195,0.58,0.323,0.575,0.166,-6.801
90.967,0.501,0.379,0.772,0.0106,-5.887
119.983,0.392,0.697,0.792,0.864,-8.039
99.508,0.145,0.698,0.677,0.929,-14.238
123.895,0.474,0.625,0.73,0.669,-9.537
127.021,0.636,0.438,0.673,0.268,-7.431
132.009,0.667,0.731,0.789,0.356,-7.301
177.941,0.565,0.407,0.755,0.113,-5.595
120.76,0.67,0.457,0.713,0.113,-6.447
138.032,0.552,0.629,0.726,0.534,-7.666
141.97,0.595,0.37,0.772,0.406,-7.576
95.034,0.536,0.524,0.781,0.36,-8.188
102.025,0.691,0.711,0.765,0.226,-7.016
140.709,0.578,0.58,0.622,0.602,-7.155
108.015,0.464,0.417,0.886,0.168,-8.947
120.954,0.596,0.547,0.707,0.55,-8.284
78.412,0.132,0.367,0.369,0.954,-13.639
115.983,0.736,0.612,0.756,0.0597,-7.719
123.08,0.623,0.816,0.916,0.15,-7.648
127.385,0.72,0.3,0.615,0.706,-5.809
134.768,0.552,0.296,0.532,0.725,-6.005
177.144,0.412,0.38,0.425,0.84,-13.607
127.143,0.509,0.504,0.745,0.391,-7.486
137.321,0.44,0.411,0.382,0.777,-10.124
138.241,0.71,0.391,0.343,0.497,-4.412
100.551,0.343,0.412,0.311,0.77,-10.186
85.706,0.487,0.489,0.325,0.143,-8.512
115.981,0.624,0.831,0.834,0.0729,-8.565
172.07,0.595,0.811,0.757,0.375,-8.125
82.009,0.784,0.69,0.573,0.141,-5.224
92.02,0.618,0.381,0.649,0.0215,-7.691
103.978,0.684,0.563,0.781,0.256,-6.169
102.996,0.553,0.392,0.706,0.263,-8.056
124.011,0.766,0.512,0.702,0.259,-6.578
92.021,0.693,0.678,0.841,0.396,-7.335
83.204,0.675,0.386,0.474,0.22,-5.901
137.014,0.772,0.597,0.567,0.252,-5.577
75.996,0.623,0.869,0.712,0.4,-8.473
88.934,0.146,0.158,0.391,0.984,-15.246
140.04,0.838,0.707,0.63,0.00211,-4.662
128.056,0.907,0.884,0.621,0.091,-3.923
131.559,0.773,0.734,0.851,0.192,-5.159
120.462,0.527,0.235,0.505,0.327,-7.765
109.999,0.774,0.517,0.806,0.106,-7.06
138.266,0.61,0.718,0.447,0.316,-6.161
88.188,0.556,0.414,0.475,0.43,-6.06
105.232,0.702,0.793,0.669,0.713,-10.616
152.039,0.594,0.581,0.771,0.501,-7.961
120.014,0.643,0.776,0.772,0.541,-6.58
100.055,0.621,0.253,0.589,0.287,-4.239
133.977,0.624,0.866,0.742,0.252,-8.139
115.02,0.57,0.478,0.831,0.2,-8.572
118.677,0.305,0.551,0.763,0.857,-8.174
157.38,0.653,0.381,0.665,0.693,-6.686
150.093,0.668,0.349,0.795,0.161,-6.463
140.014,0.802,0.804,0.776,0.27,-6.237
84.749,0.168,0.556,0.241,0.965,-16.267
83.649,0.362,0.376,0.47,0.39,-12.382
179.852,0.412,0.922,0.651,0.444,-9.686
119.659,0.144,0.573,0.684,0.534,-17.419
129.346,0.281,0.277,0.42,0.85,-11.644
88.15,0.302,0.18,0.467,0.788,-10.322
89.885,0.56,0.599,0.534,0.451,-7.565
128.013,0.631,0.877,0.83,0.0022,-5.238
111.962,0.55,0.7,0.629,0.042,-5.403
97.021,0.898,0.864,0.565,0.00491,-5.055
86.309,0.852,0.499,0.493,0.0231,-3.349
95.951,0.883,0.5,0.506,0.29,-5.063
108.074,0.603,0.474,0.718,0.326,-6.278
148.002,0.849,0.375,0.673,0.0186,-5.242
110.058,0.585,0.412,0.646,0.163,-9.148
77.66,0.69,0.512,0.456,0.0215,-8.092
104.989,0.64,0.478,0.553,0.0109,-9.246
122.966,0.636,0.817,0.803,0.0231,-4.64
100.003,0.805,0.906,0.746,0.321,-6.827
169.31,0.542,0.809,0.334,0.0117,-11.202
56.449,0.16,0.0409,0.0789,0.733,-18.144
69.569,0.0429,0.0575,0.196,0.977,-19.749
92.992,0.185,0.0341,0.513,0.967,-24.03
166.037,0.163,0.371,0.398,0.987,-24.801
178.034,0.233,0.037,0.257,0.936,-21.571
64.845,0.287,0.0392,0.128,0.96,-18.719
118.084,0.106,0.251,0.612,0.99,-23.461
79.948,0.167,0.0769,0.417,0.976,-20.834
132.338,0.132,0.0916,0.208,0.95,-21.318
103.549,0.139,0.149,0.245,0.593,-17.824
70.294,0.0917,0.0385,0.24,0.964,-20.167
84.122,0.206,0.0367,0.124,0.926,-16.626
76.745,0.00945,0.249,0.152,0.971,-30.46
88.092,0.0732,0.0703,0.18,0.954,-24.359
86.126,0.0798,0.0679,0.254,0.943,-19.993
69.11,0.0624,0.0387,0.227,0.761,-28.311
70.694,0.0445,0.241,0.267,0.987,-30.101
77.843,0.0661,0.0393,0.171,0.961,-25.611
128.309,0.039,0.0806,0.188,0.971,-32.36
112.876,0.313,0.0381,0.207,0.936,-19.806
86.729,0.131,0.0703,0.166,0.808,-18.157
79.161,0.146,0.0369,0.186,0.916,-23.549
116.13,0.137,0.0391,0.173,0.783,-22.641
69.935,0.0647,0.177,0.16,0.968,-26.427
109.903,0.0637,0.0783,0.382,0.976,-18.423
67.141,0.151,0.0361,0.202,0.884,-21.19
53.829,0.0254,0.246,0.426,0.991,-28.77
73.003,0.0331,0.248,0.173,0.907,-25.129
97.609,0.122,0.0392,0.188,0.966,-16.924
124.035,0.0277,0.0861,0.489,0.962,-33.191
90.792,0.204,0.0367,0.102,0.914,-19.741
57.353,0.105,0.0389,0.129,0.904,-23.323
98.021,0.296,0.0342,0.192,0.621,-13.959
70.798,0.0519,0.131,0.121,0.979,-23.796
133.731,0.141,0.0385,0.382,0.802,-23.702
82.398,0.335,0.0501,0.265,0.941,-20.259
97.16,0.131,0.0656,0.401,0.977,-21.0
52.248,0.0503,0.0354,0.0642,0.93,-24.963
115.856,0.0745,0.0385,0.219,0.975,-23.757
160.113,0.072,0.0615,0.419,0.961,-19.041
120.408,0.154,0.0388,0.345,0.493,-19.336
80.163,0.0135,0.0895,0.17,0.977,-24.59
113.419,0.152,0.152,0.532,0.986,-24.397
80.745,0.259,0.0364,0.127,0.951,-16.111
102.462,0.139,0.104,0.2,0.881,-18.539
94.383,0.0293,0.0615,0.117,0.995,-27.884
56.162,0.159,0.0302,0.0594,0.895,-20.13
77.711,0.201,0.0327,0.138,0.913,-18.646
127.457,0.145,0.26,0.377,0.989,-24.252
126.368,0.0325,0.326,0.359,0.991,-29.901
65.143,0.155,0.0338,0.0597,0.917,-17.235
72.346,0.0348,0.089,0.531,0.995,-29.018
99.779,0.151,0.0455,0.304,0.961,-24.076
66.754,0.0525,0.0389,0.0658,0.925,-26.699
139.912,0.168,0.0376,0.217,0.911,-20.041
67.817,0.0941,0.0527,0.192,0.9,-21.537
92.081,0.202,0.0656,0.24,0.783,-19.022
48.232,0.0748,0.0385,0.207,0.904,-22.754
79.44,0.24,0.0307,0.0746,0.692,-16.993
64.971,0.161,0.0439,0.405,0.945,-14.691
120.039,0.817,0.77,0.819,0.0593,-8.221
102.014,0.537,0.769,0.861,0.504,-8.199
113.006,0.705,0.624,0.827,0.0813,-6.756
116.984,0.657,0.811,0.829,0.235,-6.802
115.01,0.513,0.583,0.818,0.106,-11.382
99.97,0.503,0.381,0.792,0.0369,-8.044
111.995,0.588,0.705,0.861,0.00913,-8.861
115.997,0.864,0.828,0.802,0.106,-5.442
116.054,0.659,0.441,0.819,0.0534,-9.024
115.991,0.716,0.961,0.92,0.296,-7.104
105.016,0.639,0.612,0.808,0.621,-7.244
130.672,0.58,0.886,0.805,0.382,-7.924
186.017,0.708,0.525,0.655,0.568,-6.403
114.125,0.718,0.627,0.741,0.124,-6.767
100.033,0.525,0.693,0.805,0.119,-7.376
113.016,0.475,0.248,0.861,0.0325,-11.952
112.995,0.653,0.51,0.871,0.623,-6.234
104.033,0.658,0.483,0.873,0.00858,-8.031
108.014,0.415,0.633,0.951,0.572,-6.847
101.944,0.7,0.755,0.897,0.0193,-2.776
189.998,0.694,0.587,0.686,0.253,-3.693
100.503,0.749,0.681,0.545,0.103,-6.621
109.033,0.511,0.676,0.847,0.00723,-6.69
119.747,0.542,0.622,0.85,0.229,-3.602
96.11,0.715,0.706,0.736,0.626,-3.019
94.893,0.37,0.941,0.771,0.426,-10.813
134.791,0.575,0.552,0.615,0.26,-6.515
112.998,0.898,0.743,0.807,0.188,-5.837
103.993,0.501,0.431,0.637,0.229,-6.148
109.953,0.651,0.544,0.79,0.284,-8.02
103.045,0.534,0.732,0.904,0.0345,-6.768
107.035,0.565,0.53,0.776,0.36,-10.609
164.852,0.832,0.375,0.491,0.00287,-5.606
83.799,0.419,0.247,0.41,0.847,-17.154
81.658,0.0341,0.0738,0.266,0.985,-23.265
114.346,0.301,0.497,0.506,0.569,-15.984
72.199,0.155,0.386,0.267,0.954,-24.627
138.331,0.411,0.418,0.537,0.799,-17.968
99.7,0.401,0.158,0.588,0.801,-16.749
90.047,0.259,0.338,0.426,0.989,-12.203
145.895,0.599,0.377,0.508,0.753,-13.285
131.186,0.216,0.651,0.617,0.958,-19.88
93.573,0.228,0.289,0.554,0.901,-15.804
116.616,0.304,0.626,0.573,0.979,-12.725
126.101,0.132,0.386,0.352,0.988,-14.51
173.186,0.279,0.372,0.438,0.837,-23.868
97.917,0.0734,0.293,0.604,0.852,-20.326
169.856,0.326,0.521,0.467,0.883,-8.425
110.38,0.29,0.159,0.415,0.475,-22.68
109.101,0.787,0.783,0.538,0.629,-11.566
115.722,0.00293,0.658,0.294,0.994,-16.099
105.181,0.181,0.179,0.223,0.882,-15.087
132.077,0.124,0.0686,0.162,0.961,-12.6
75.588,0.0663,0.0596,0.137,0.983,-18.334
135.98,0.196,0.106,0.189,0.987,-14.51
67.4,0.0391,0.13,0.252,0.951,-21.635
100.334,0.0193,0.0382,0.2,0.961,-17.298
87.528,0.138,0.0346,0.233,0.904,-15.585
74.931,0.0172,0.0297,0.159,0.941,-31.017
149.638,0.336,0.4,0.454,0.943,-12.76
152.037,0.251,0.414,0.522,0.802,-20.421
155.936,0.295,0.597,0.251,0.916,-15.441
110.155,0.235,0.35,0.647,0.875,-18.303
143.972,0.106,0.262,0.643,0.962,-15.241
147.941,0.4,0.293,0.686,0.514,-8.546
135.693,0.106,0.161,0.389,0.983,-19.97
115.416,0.0281,0.239,0.51,0.759,-19.711
82.981,0.328,0.139,0.483,0.888,-11.602
113.956,0.202,0.168,0.564,0.931,-14.361
97.493,0.147,0.568,0.796,0.501,-16.089
68.529,0.23,0.343,0.474,0.101,-17.34
135.783,0.309,0.14,0.655,0.946,-6.787
89.265,0.321,0.04,0.18,0.716,-12.766
143.741,0.272,0.284,0.625,0.00219,-15.776
120.152,0.192,0.225,0.62,0.424,-10.819
116.501,0.26,0.0441,0.388,0.974,-10.388
116.915,0.195,0.356,0.404,0.914,-16.008
118.0,0.135,0.532,0.503,0.95,-18.121
86.05,0.125,0.295,0.315,0.846,-18.076
96.001,0.223,0.0634,0.579,0.848,-14.545
67.539,0.0379,0.475,0.462,0.972,-25.122
133.935,0.327,0.211,0.721,0.716,-11.461
139.957,0.23,0.143,0.465,0.894,-13.52
128.073,0.13,0.302,0.688,0.943,-13.376
144.325,0.0869,0.49,0.687,0.894,-16.182
83.977,0.155,0.642,0.606,0.71,-15.136
132.057,0.277,0.187,0.721,0.856,-12.63
142.127,0.386,0.313,0.519,0.68,-12.732
153.975,0.254,0.136,0.443,0.228,-15.122
129.911,0.0727,0.37,0.482,0.949,-21.779
132.168,0.394,0.0554,0.701,0.356,-12.084
82.986,0.301,0.488,0.696,0.581,-9.667
113.001,0.201,0.218,0.326,0.692,-13.826
139.803,0.107,0.403,0.502,0.986,-16.535
75.019,0.281,0.174,0.465,0.536,-15.446
85.976,0.151,0.322,0.662,0.317,-16.44
145.91,0.165,0.537,0.709,0.853,-18.894
135.982,0.14,0.279,0.621,0.921,-12.355
80.046,0.341,0.133,0.385,0.901,-11.199
144.087,0.324,0.207,0.695,0.719,-10.746
100.045,0.107,0.392,0.68,0.992,-19.484
134.008,0.258,0.174,0.57,0.665,-11.248
125.0,0.313,0.076,0.446,0.878,-13.04
68.999,0.385,0.104,0.598,0.325,-11.237
79.933,0.195,0.189,0.419,0.925,-17.166
120.101,0.493,0.0555,0.641,0.0261,-9.542
142.295,0.314,0.207,0.243,0.658,-13.96
129.869,0.252,0.0776,0.422,0.925,-14.018
95.992,0.124,0.409,0.771,0.85,-22.334
134.087,0.295,0.345,0.762,0.758,-10.089
77.178,0.318,0.134,0.571,0.802,-15.924
148.042,0.286,0.47,0.699,0.666,-14.09
80.004,0.153,0.137,0.622,0.941,-15.447
139.943,0.326,0.207,0.772,0.673,-10.038
102.996,0.487,0.639,0.752,0.224,-13.482
128.096,0.201,0.379,0.768,0.974,-10.335
113.95,0.641,0.405,0.779,0.0147,-12.699
113.002,0.588,0.301,0.848,0.00115,-10.935
112.009,0.622,0.413,0.861,0.0632,-12.417
113.008,0.675,0.472,0.837,0.0117,-15.098
138.178,0.18,0.513,0.698,0.933,-15.899
112.002,0.773,0.513,0.853,0.0275,-10.387
113.005,0.54,0.232,0.831,0.0052,-9.928
111.996,0.878,0.562,0.839,0.134,-5.279
113.0,0.933,0.608,0.831,0.00132,-7.137
112.008,0.539,0.45,0.943,0.0512,-8.398
112.014,0.582,0.31,0.872,0.0417,-11.882
112.023,0.402,0.421,0.908,0.0188,-11.343
113.018,0.773,0.836,0.873,0.0351,-7.802
111.998,0.41,0.548,0.736,0.00577,-14.474
119.986,0.691,0.272,0.861,0.0182,-8.866
112.995,0.573,0.728,0.867,0.00378,-14.403
112.022,0.533,0.355,0.791,0.00745,-13.866
113.005,0.58,0.885,0.834,0.048,-14.663
91.086,0.789,0.757,0.61,0.457,-7.859
145.203,0.651,0.476,0.535,0.575,-8.016
105.006,0.784,0.807,0.739,0.552,-7.253
115.676,0.659,0.648,0.556,0.799,-10.307
100.767,0.876,0.944,0.626,0.205,-6.873
102.461,0.815,0.97,0.507,0.345,-7.54
89.059,0.919,0.939,0.442,0.753,-5.951
93.972,0.535,0.492,0.744,0.755,-8.235
114.535,0.853,0.922,0.543,0.119,-9.004
146.45,0.494,0.897,0.639,0.397,-12.344
112.328,0.696,0.768,0.694,0.216,-10.296
108.446,0.627,0.766,0.569,0.112,-11.026
112.453,0.724,0.91,0.697,0.123,-9.242
83.056,0.618,0.805,0.458,0.0898,-10.615
93.026,0.718,0.406,0.244,0.652,-7.665
99.438,0.688,0.763,0.454,0.696,-8.636
92.934,0.812,0.87,0.464,0.668,-8.908
93.994,0.66,0.941,0.63,0.751,-8.47
94.517,0.698,0.966,0.644,0.688,-7.94
123.975,0.891,0.928,0.656,0.000184,-5.287
128.02,0.88,0.341,0.7,0.115,-6.799
123.069,0.688,0.316,0.492,0.0724,-4.989
126.986,0.675,0.623,0.629,0.0106,-6.158
125.011,0.633,0.886,0.783,0.0718,-6.052
199.688,0.654,0.53,0.488,0.0252,-6.607
123.981,0.831,0.288,0.658,0.0609,-4.809
130.021,0.797,0.921,0.796,0.047,-5.002
120.028,0.762,0.962,0.714,0.0465,-5.24
135.014,0.528,0.319,0.492,0.00617,-12.991
135.005,0.866,0.646,0.672,0.145,-5.607
129.934,0.847,0.321,0.536,0.0656,-3.52
105.988,0.717,0.853,0.743,0.0562,-4.732
163.427,0.837,0.436,0.548,0.00325,-5.405
117.997,0.701,0.679,0.682,0.0334,-5.575
94.086,0.543,0.513,0.545,0.249,-6.69
80.967,0.386,0.197,0.445,0.823,-8.281
130.037,0.866,0.855,0.594,0.0876,-5.416
99.927,0.616,0.0823,0.69,0.0564,-5.198
125.021,0.559,0.53,0.664,0.135,-8.809
119.054,0.689,0.158,0.677,0.0292,-6.087
119.931,0.799,0.666,0.595,0.000895,-5.714
104.979,0.889,0.645,0.585,0.00153,-4.693
115.963,0.641,0.65,0.599,0.1,-5.114
114.006,0.708,0.444,0.605,0.0137,-7.677
125.261,0.595,0.0921,0.492,0.205,-7.553
116.94,0.689,0.71,0.735,0.00381,-5.41
103.051,0.825,0.593,0.644,0.0177,-3.591
110.054,0.701,0.722,0.739,0.00538,-8.151
124.018,0.84,0.369,0.662,0.0128,-7.124
109.984,0.858,0.345,0.695,0.0505,-5.105
150.121,0.574,0.571,0.675,0.519,-7.019
101.96,0.547,0.282,0.539,0.333,-6.675
102.094,0.82,0.492,0.556,0.19,-5.385
123.741,0.382,0.731,0.593,0.822,-10.968
120.057,0.593,0.853,0.879,0.203,-6.347
95.982,0.623,0.78,0.711,0.166,-7.822
128.984,0.35,0.332,0.641,0.819,-10.157
145.141,0.736,0.395,0.622,0.014,-5.91
120.019,0.584,0.116,0.726,0.0302,-8.015
89.983,0.527,0.688,0.77,0.454,-5.77
117.001,0.713,0.37,0.597,0.000949,-5.35
111.017,0.707,0.792,0.658,0.0634,-5.474
145.06,0.8,0.577,0.666,0.000363,-5.327
121.992,0.538,0.579,0.808,0.0979,-5.889
160.982,0.709,0.459,0.677,0.00873,-3.867
98.995,0.498,0.699,0.808,0.0532,-6.743
145.297,0.81,0.562,0.453,0.00759,-5.555
103.839,0.8,0.477,0.525,0.0565,-5.713
128.001,0.48,0.737,0.749,0.00607,-6.77
76.954,0.689,0.718,0.648,0.0161,-6.376
125.007,0.672,0.67,0.704,0.0165,-7.638
89.939,0.776,0.451,0.503,0.0718,-4.611
90.012,0.657,0.54,0.564,0.0851,-6.959
135.997,0.927,0.678,0.592,0.0138,-5.278
96.98,0.448,0.43,0.631,0.253,-8.838
117.796,0.814,0.467,0.525,0.104,-7.516
106.937,0.456,0.465,0.658,0.454,-8.902
127.757,0.609,0.404,0.341,0.108,-7.684
180.121,0.778,0.464,0.569,0.039,-6.638
116.895,0.556,0.304,0.621,0.068,-9.144
159.998,0.811,0.77,0.689,0.161,-2.954
155.144,0.802,0.488,0.461,0.00341,-4.779
115.053,0.939,0.551,0.662,0.106,-3.98
96.979,0.743,0.772,0.572,0.0713,-4.813
140.07,0.522,0.324,0.632,0.173,-8.968
126.957,0.63,0.687,0.789,0.0852,-6.766
117.994,0.782,0.29,0.638,0.0118,-6.04
169.945,0.717,0.778,0.587,0.00339,-4.534
125.894,0.861,0.488,0.72,0.352,-7.601
90.022,0.732,0.52,0.761,0.25,-5.365
123.006,0.69,0.404,0.799,0.511,-6.413
121.948,0.709,0.332,0.694,0.0516,-5.957
100.038,0.705,0.344,0.73,0.446,-6.253
93.0,0.813,0.343,0.545,0.0534,-8.315
130.986,0.633,0.412,0.731,0.12,-5.226
102.976,0.547,0.186,0.603,0.166,-6.462
146.553,0.494,0.0931,0.35,0.192,-6.472
142.968,0.744,0.684,0.652,0.434,-7.476
89.01,0.586,0.368,0.554,0.0533,-6.178
94.874,0.509,0.164,0.517,0.127,-8.226
140.063,0.649,0.44,0.68,0.0976,-9.009
89.988,0.537,0.364,0.609,0.0182,-6.635
106.042,0.763,0.679,0.729,0.0694,-6.238
160.036,0.918,0.839,0.586,0.00343,-4.798
127.018,0.672,0.297,0.681,0.0463,-5.166
127.033,0.865,0.572,0.68,0.356,-6.492
79.757,0.688,0.788,0.668,0.105,-7.573
193.766,0.762,0.602,0.443,0.0189,-6.794
120.897,0.412,0.0986,0.55,0.366,-8.414
125.977,0.741,0.736,0.652,0.0319,-6.294
139.968,0.675,0.907,0.775,0.133,-5.43
116.007,0.941,0.578,0.672,0.00297,-3.345
130.967,0.794,0.913,0.698,0.00857,-5.055
90.191,0.663,0.601,0.621,0.0147,-5.216
121.004,0.812,0.82,0.745,0.067,-4.226
154.999,0.732,0.696,0.644,0.12,-5.214
107.011,0.696,0.638,0.78,0.0076,-6.071
74.933,0.79,0.136,0.395,0.00312,-6.45
116.948,0.662,0.568,0.717,0.0148,-5.877
75.704,0.551,0.315,0.403,0.00399,-5.615
91.989,0.662,0.196,0.544,0.00418,-7.462
188.701,0.728,0.342,0.405,0.415,-4.76
123.069,0.839,0.303,0.666,0.124,-5.267
100.008,0.8,0.441,0.486,0.263,-3.946
78.364,0.575,0.119,0.321,0.158,-8.598
132.146,0.679,0.106,0.518,0.079,-5.406
189.983,0.912,0.248,0.504,0.199,-2.867
117.977,0.723,0.624,0.676,0.077,-7.213
123.001,0.837,0.943,0.674,0.16,-1.618
124.043,0.769,0.46,0.624,0.000535,-5.862
113.804,0.752,0.486,0.608,0.134,-5.652
127.973,0.58,0.304,0.506,0.476,-7.629
95.996,0.715,0.361,0.488,0.0202,-4.587
111.594,0.679,0.191,0.497,0.127,-3.996
125.868,0.429,0.188,0.341,0.892,-13.173
102.038,0.716,0.487,0.587,0.00649,-6.19
97.018,0.804,0.55,0.647,0.0323,-5.815
102.062,0.656,0.592,0.669,0.0991,-7.1
79.315,0.494,0.405,0.612,0.381,-9.617
106.031,0.695,0.678,0.705,0.0697,-4.616
183.736,0.595,0.334,0.538,0.0874,-7.398
93.072,0.267,0.255,0.433,0.681,-10.419
167.966,0.648,0.503,0.457,0.163,-6.458
118.071,0.797,0.524,0.671,0.0162,-6.78
80.989,0.544,0.701,0.729,0.171,-8.003
122.098,0.829,0.902,0.703,0.00092,-4.964
101.974,0.721,0.532,0.681,0.0494,-6.07
129.918,0.85,0.47,0.69,0.0155,-5.99
106.016,0.77,0.393,0.733,0.456,-6.706
171.867,0.542,0.285,0.605,0.593,-6.767
110.11,0.793,0.83,0.696,0.259,-4.922
154.865,0.663,0.418,0.593,0.0162,-6.045
148.813,0.533,0.667,0.484,0.903,-11.177
126.412,0.857,0.863,0.686,0.888,-3.946
92.121,0.656,0.761,0.43,0.677,-8.58
122.145,0.342,0.302,0.486,0.655,-21.4
75.466,0.424,0.605,0.352,0.965,-8.009
147.193,0.349,0.358,0.471,0.975,-16.633
174.308,0.595,0.87,0.436,0.816,-11.494
174.76,0.591,0.689,0.489,0.948,-10.843
170.938,0.816,0.591,0.27,0.853,-3.815
